Unnamed: 0,date,instrument,ROE,Free_Cash_Flow,EPS,Net_Profit_Qoq,PE_TTM,Market_Cap,Holder_Avg_Pct,return_5,rank_return_5,rank_avg_amount_5,amount,open,close
436904,2022/6/13,600010.SHA,0.5968,-4742632448.0,0.0073,136.317,39.974598,98463670520.0,0.001043205,1.0434783,0.780996,0.9812656,1700845321,17.665392,17.998701
436905,2022/6/14,600010.SHA,0.5968,-4742632448.0,0.0073,136.317,40.159668,98919520846.0,0.001043205,1.0187794,0.74234533,0.9797959,1341691228,17.748718,18.08203
436906,2022/6/15,600010.SHA,0.5968,-4742632448.0,0.0073,136.317,39.604465,97551969867.0,0.001043205,1.0239235,0.7747241,0.97794884,1221252193,17.998701,17.832047
436907,2022/6/16,600010.SHA,0.5968,-4742632448.0,0.0073,136.317,39.23433,96640269214.0,0.001043205,0.99065423,0.38621694,0.9773106,1277417614,17.748718,17.665392
436908,2022/6/17,600010.SHA,0.5968,-4742632448.0,0.0073,136.317,39.419395,97096119540.0,0.001043205,1.0094787,0.3809127,0.975,995121030,17.498737,17.748718
436909,2022/6/20,600010.SHA,0.5968,-4742632448.0,0.0073,136.317,38.864193,95728568561.0,0.001043205,0.9813084,0.17471887,0.968763,866570491,17.665392,17.498737
436910,2022/6/21,600010.SHA,0.5968,-4742632448.0,0.0073,136.317,41.270073,101655000000.0,0.001043205,1.0324074,0.68245214,0.98085725,4148973711,17.582064,18.581993
436911,2022/6/22,600010.SHA,0.5968,-4742632448.0,0.0073,136.317,45.34156,111683000000.0,0.001043205,1.1290323,0.9512297,0.9916632,5513695384,18.915302,20.415194
436912,2022/6/23,600010.SHA,0.5968,-4742632448.0,0.0073,136.317,45.34156,111683000000.0,0.001043205,1.1448598,0.9376953,0.99562407,6621622081,20.581848,20.415194
436913,2022/6/24,600010.SHA,0.5968,-4742632448.0,0.0073,136.317,48.857845,120344000000.0,0.001043205,1.245283,0.9808133,0.9968737,6389088772,19.998556,21.998413
436914,2022/6/27,600010.SHA,0.5968,-4742632448.0,0.0073,136.317,49.04291,120800000000.0,0.001043205,1.2441314,0.9816552,0.99770737,4816908085,22.248394,22.08174
436915,2022/6/28,600010.SHA,0.5968,-4742632448.0,0.0073,136.317,46.451965,114418000000.0,0.001043205,1.1952381,0.96914095,0.99833196,4351568276,22.08174,20.915157
436916,2022/6/29,600010.SHA,0.5968,-4742632448.0,0.0073,136.317,43.86102,108037000000.0,0.001043205,1.0713167,0.8714792,0.9981238,2729965711,20.747166,19.9072
436917,2022/6/30,600010.SHA,0.5968,-4742632448.0,0.0073,136.317,43.490883,107125000000.0,0.001043205,0.966888,0.07923269,0.99729055,2222948474,19.991196,19.739206
436918,2022/7/1,600010.SHA,0.5968,-4742632448.0,0.0073,136.317,46.08183,113507000000.0,0.001043205,1.0244899,0.6242449,0.9964613,3173623941,19.571213,20.91516
436919,2022/7/4,600010.SHA,0.5968,-4742632448.0,0.0073,136.317,44.601288,109860000000.0,0.001043205,0.92021114,0.044185076,0.9945811,1997515080,20.579172,20.243185
436920,2022/7/5,600010.SHA,0.5968,-4742632448.0,0.0073,136.317,45.156494,111227000000.0,0.001043205,0.92815036,0.08979166,0.99333334,2647893437,19.9072,20.495174
436921,2022/7/6,600010.SHA,0.5968,-4742632448.0,0.0073,136.317,43.86102,108037000000.0,0.001043205,0.9518073,0.348813,0.9910491,1656625597,20.15919,19.9072
436922,2022/7/7,600010.SHA,0.5968,-4742632448.0,0.0073,136.317,43.86102,108037000000.0,0.001043205,1.0,0.58900684,0.9893861,1313411244,19.739206,19.9072
436923,2022/7/8,600010.SHA,0.5968,-4742632448.0,0.0073,136.317,43.675953,107581000000.0,0.001043205,1.0042553,0.66243494,0.98689413,1145352956,19.991196,19.823202
436924,2022/7/11,600010.SHA,0.5968,-4742632448.0,0.0073,136.317,42.19541,103934000000.0,0.001043205,0.91566265,0.05723205,0.98397505,1534914039,19.739206,19.15123
436925,2022/7/12,600010.SHA,0.5968,-4742632448.0,0.0073,136.317,41.825275,103022000000.0,0.001043205,0.93775934,0.28940246,0.9806492,981873701,19.067232,18.983236
436926,2022/7/13,600010.SHA,0.5968,-4742632448.0,0.0073,136.317,41.825275,103022000000.0,0.001043205,0.92622954,0.11050989,0.97400165,811129970,18.983236,18.983236
436927,2022/7/14,600010.SHA,0.5968,-4742632448.0,0.0073,136.317,41.085007,101199000000.0,0.001043205,0.9367088,0.08748961,0.97154135,1084298133,18.899239,18.64725
436928,2022/7/15,600010.SHA,0.5968,-4742632448.0,0.0073,136.317,39.419395,97096119540.0,0.001043205,0.8987341,0.047352023,0.97281027,1420035786,18.059273,17.89128
436929,2022/7/18,600010.SHA,0.5968,-4742632448.0,0.0073,136.317,39.974598,98463670520.0,0.001043205,0.9152543,0.041493777,0.97158265,1113184282,17.555294,18.14327
436930,2022/7/19,600010.SHA,0.5968,-4742632448.0,0.0073,136.317,40.344734,99375371173.0,0.001043205,0.9561404,0.117842324,0.96909994,1265802149,18.14327,18.311264
436931,2022/7/20,600010.SHA,0.5968,-4742632448.0,0.0073,136.317,40.159668,98919520846.0,0.001043205,0.96017694,0.06511821,0.96911275,800864334,18.311264,18.227266
436932,2022/7/21,600010.SHA,0.5968,-4742632448.0,0.0073,136.317,40.344734,99375371173.0,0.001043205,0.9646018,0.12168325,0.973466,1269495353,18.14327,18.311264
436933,2022/7/22,600010.SHA,0.5968,-4742632448.0,0.0073,136.317,39.604465,97551969867.0,0.001043205,0.963964,0.13173714,0.971618,837740093,18.227266,17.975277
436934,2022/7/25,600010.SHA,0.5968,-4742632448.0,0.0073,136.317,39.604465,97551969867.0,0.001043205,1.0046949,0.31570214,0.9682704,587467544,17.975277,17.975277
436935,2022/7/26,600010.SHA,0.5968,-4742632448.0,0.0073,136.317,39.974598,98463670520.0,0.001043205,1.0,0.3795855,0.9626943,535971405,17.975277,18.14327
436936,2022/7/27,600010.SHA,0.5968,-4742632448.0,0.0073,136.317,39.974598,98463670520.0,0.001043205,0.99082565,0.31544042,0.95792747,686053336,18.059273,18.14327
436937,2022/7/28,600010.SHA,0.5968,-4742632448.0,0.0073,136.317,40.529804,99831221499.0,0.001043205,1.0092167,0.55336785,0.9602073,1042384753,18.14327,18.39526
436938,2022/7/29,600010.SHA,0.5968,-4742632448.0,0.0073,136.317,41.825275,103022000000.0,0.001043205,1.0366971,0.776534,0.9683033,1890206193,18.563253,18.983236
436939,2022/8/1,600010.SHA,0.5968,-4742632448.0,0.0073,136.317,40.529804,99831221499.0,0.001043205,1.0233644,0.634707,0.9691639,1027754909,18.731247,18.39526
436940,2022/8/2,600010.SHA,0.5968,-4742632448.0,0.0073,136.317,38.864193,95728568561.0,0.001043205,0.9813084,0.56464624,0.9718718,1309653340,18.14327,17.63929
436941,2022/8/3,600010.SHA,0.5968,-4742632448.0,0.0073,136.317,39.23433,96640269214.0,0.001043205,0.98148143,0.64940035,0.97477776,1126349054,17.555294,17.807283
436942,2022/8/4,600010.SHA,0.5968,-4742632448.0,0.0073,136.317,39.049263,96184418887.0,0.001043205,0.9768519,0.5867273,0.97519636,683666693,17.807283,17.723288
436943,2022/8/5,600010.SHA,0.5968,-4742632448.0,0.0073,136.317,39.604465,97551969867.0,0.001043205,0.977169,0.5340087,0.9752066,871967956,17.723288,17.975277
436944,2022/8/8,600010.SHA,0.5968,-4742632448.0,0.0073,136.317,39.604465,97551969867.0,0.001043205,0.94690263,0.13447635,0.9638579,642075921,17.89128,17.975277
436945,2022/8/9,600010.SHA,0.5968,-4742632448.0,0.0073,136.317,39.974598,98463670520.0,0.001043205,0.9863014,0.47067326,0.9607762,626844908,17.975277,18.14327
436946,2022/8/10,600010.SHA,0.5968,-4742632448.0,0.0073,136.317,39.78953,98007820193.0,0.001043205,1.0238096,0.41842213,0.95477074,787112942,18.14327,18.059273
436947,2022/8/11,600010.SHA,0.5968,-4742632448.0,0.0073,136.317,40.159668,98919520846.0,0.001043205,1.0235848,0.21549587,0.94711834,638434602,18.059273,18.227266
436948,2022/8/12,600010.SHA,0.5968,-4742632448.0,0.0073,136.317,40.529804,99831221499.0,0.001043205,1.0379146,0.52313095,0.94615227,683197502,18.227266,18.39526
436949,2022/8/15,600010.SHA,0.5968,-4742632448.0,0.0073,136.317,41.085007,101199000000.0,0.001043205,1.0373831,0.6366639,0.9430693,733127093,18.39526,18.64725
436950,2022/8/16,600010.SHA,0.5968,-4742632448.0,0.0073,136.317,40.529804,99831221499.0,0.001043205,1.0233644,0.5562655,0.94333404,739856631,18.563253,18.39526
436951,2022/8/17,600010.SHA,0.5968,-4742632448.0,0.0073,136.317,40.344734,99375371173.0,0.001043205,1.0092592,0.37592745,0.94004947,553167887,18.39526,18.311264
436952,2022/8/18,600010.SHA,0.5968,-4742632448.0,0.0073,136.317,39.419395,97096119540.0,0.001043205,0.9906977,0.24840371,0.9378217,724565025,18.227266,17.89128
436953,2022/8/19,600010.SHA,0.5968,-4742632448.0,0.0073,136.317,39.419395,97096119540.0,0.001043205,0.9815668,0.40354127,0.9322906,506197396,17.89128,17.89128
436954,2022/8/22,600010.SHA,0.5968,-4742632448.0,0.0073,136.317,39.419395,97096119540.0,0.001043205,0.97260267,0.23445863,0.92796874,614709466,17.807283,17.89128
436955,2022/8/23,600010.SHA,0.5968,-4742632448.0,0.0073,136.317,39.23433,96640269214.0,0.001043205,0.954955,0.13685943,0.9255297,501003329,17.89128,17.807283
436956,2022/8/24,600010.SHA,0.5968,-4742632448.0,0.0073,136.317,38.30899,94361017581.0,0.001043205,0.9452055,0.32853323,0.9282336,874530462,17.723288,17.3873
436957,2022/8/25,600010.SHA,0.5968,-4742632448.0,0.0073,136.317,38.49406,94816867908.0,0.001043205,0.9541284,0.43935034,0.9308008,546507306,17.3873,17.471296
436958,2022/8/26,600010.SHA,0.7606,1404739712.0,0.0092,-73.3608,182.76181,95272718234.0,0.00107129,0.9812207,0.62094456,0.92756003,488513667,17.471296,17.555294
436959,2022/8/29,600010.SHA,0.7606,1404739712.0,0.0092,-73.3608,181.0129,94361017581.0,0.00107129,0.971831,0.45753846,0.9325405,486961534,17.3873,17.3873
436960,2022/8/30,600010.SHA,0.7606,1404739712.0,0.0092,-73.3608,178.38951,92993466602.0,0.00107129,0.95774657,0.41562435,0.9331693,506479151,17.303305,17.135311
436961,2022/8/31,600010.SHA,0.7606,1404739712.0,0.0092,-73.3608,175.76614,91625915622.0,0.00107129,0.94811314,0.5187538,0.93830705,683077449,17.051313,16.88332
436962,2022/9/1,600010.SHA,0.7606,1404739712.0,0.0092,-73.3608,174.89168,91170065296.0,0.00107129,0.96618354,0.48964527,0.9303279,391911003,16.799324,16.799324
436963,2022/9/2,600010.SHA,0.7606,1404739712.0,0.0092,-73.3608,174.89168,91170065296.0,0.00107129,0.9615385,0.33510855,0.92321867,275244227,16.799324,16.799324
436964,2022/9/5,600010.SHA,0.7606,1404739712.0,0.0092,-73.3608,177.51506,92537616275.0,0.00107129,0.97129184,0.34398034,0.9238641,461706659,16.88332,17.051313
436965,2022/9/6,600010.SHA,0.7606,1404739712.0,0.0092,-73.3608,179.26398,93449316928.0,0.00107129,0.99033815,0.44728762,0.92528147,476653383,17.135311,17.219307
436966,2022/9/7,600010.SHA,0.7606,1404739712.0,0.0092,-73.3608,180.13843,93905167255.0,0.00107129,1.0098039,0.6571136,0.9198364,424422531,17.219307,17.303305
436967,2022/9/8,600010.SHA,0.7606,1404739712.0,0.0092,-73.3608,178.38951,92993466602.0,0.00107129,1.0149255,0.53710896,0.9155937,467467096,17.303305,17.135311
436968,2022/9/9,600010.SHA,0.7606,1404739712.0,0.0092,-73.3608,180.13843,93905167255.0,0.00107129,1.0300001,0.65276927,0.9122091,355025001,17.219307,17.303305
436969,2022/9/13,600010.SHA,0.7606,1404739712.0,0.0092,-73.3608,179.26398,93449316928.0,0.00107129,1.025,0.6925041,0.91525424,333661006,17.3873,17.219307
436970,2022/9/14,600010.SHA,0.7606,1404739712.0,0.0092,-73.3608,176.6406,92081765949.0,0.00107129,0.9950739,0.5100061,0.9136206,401651429,17.051313,16.967318
436971,2022/9/15,600010.SHA,0.7606,1404739712.0,0.0092,-73.3608,174.89168,91170065296.0,0.00107129,0.9756098,0.60829586,0.9147936,519714210,16.967318,16.799324
436972,2022/9/16,600010.SHA,0.7606,1404739712.0,0.0092,-73.3608,171.39384,89346663990.0,0.00107129,0.95145625,0.63268644,0.9236423,563289258,16.799324,16.463337
436973,2022/9/19,600010.SHA,0.7606,1404739712.0,0.0092,-73.3608,167.02156,87067412358.0,0.00107129,0.93627447,0.543283,0.9345299,699264532,16.379341,16.043354
436974,2022/9/20,600010.SHA,0.7606,1404739712.0,0.0092,-73.3608,170.5194,88890813664.0,0.00107129,0.9466019,0.5386419,0.94251937,548298942,16.127352,16.379341
436975,2022/9/21,600010.SHA,0.7606,1404739712.0,0.0092,-73.3608,173.14276,90258364643.0,0.00107129,0.96585363,0.71393645,0.95212877,622572934,16.295343,16.63133
436976,2022/9/22,600010.SHA,0.7606,1404739712.0,0.0092,-73.3608,171.39384,89346663990.0,0.00107129,0.970297,0.7275321,0.9535452,525506666,16.547335,16.463337
436977,2022/9/23,600010.SHA,0.7606,1404739712.0,0.0092,-73.3608,171.39384,89346663990.0,0.00107129,0.97999996,0.7518843,0.9566103,478985608,16.463337,16.463337
436978,2022/9/26,600010.SHA,0.7606,1404739712.0,0.0092,-73.3608,167.02156,87067412358.0,0.00107129,0.9744898,0.6741699,0.95889294,515063155,16.379341,16.043354
436979,2022/9/27,600010.SHA,0.7606,1404739712.0,0.0092,-73.3608,167.02156,87067412358.0,0.00107129,1.0,0.5964591,0.95340794,402092524,16.043354,16.043354
436980,2022/9/28,600010.SHA,0.7606,1404739712.0,0.0092,-73.3608,160.90034,83876460072.0,0.00107129,0.94358975,0.37408462,0.95060974,478232102,15.959358,15.455379
436981,2022/9/29,600010.SHA,0.7606,1404739712.0,0.0092,-73.3608,160.90034,83876460072.0,0.00107129,0.929293,0.3586824,0.9434844,323987336,15.623371,15.455379
436982,2022/9/30,600010.SHA,0.7606,1404739712.0,0.0092,-73.3608,160.90034,83876460072.0,0.00107129,0.9387756,0.5330486,0.93697906,240939582,15.455379,15.455379
436983,2022/10/10,600010.SHA,0.7606,1404739712.0,0.0092,-73.3608,160.0259,83420609746.0,0.00107129,0.9336735,0.46738467,0.933401,391651747,15.539374,15.371382
436984,2022/10/11,600010.SHA,0.7606,1404739712.0,0.0092,-73.3608,160.0259,83420609746.0,0.00107129,0.9581152,0.41734362,0.924513,282756842,15.287385,15.371382
436985,2022/10/12,600010.SHA,0.7606,1404739712.0,0.0092,-73.3608,162.64926,84788160725.0,0.00107129,0.973822,0.53185874,0.92151695,397844234,15.455379,15.623371
436986,2022/10/13,600010.SHA,0.7606,1404739712.0,0.0092,-73.3608,165.27264,86155711705.0,0.00107129,1.0271739,0.69827586,0.921346,514553663,15.623371,15.875361
436987,2022/10/14,600010.SHA,0.7606,1404739712.0,0.0092,-73.3608,165.27264,86155711705.0,0.00107129,1.0271739,0.43232015,0.9200081,402362275,15.959358,15.875361
436988,2022/10/17,600010.SHA,0.7606,1404739712.0,0.0092,-73.3608,167.02156,87067412358.0,0.00107129,1.0380434,0.31874368,0.92262506,456954514,15.875361,16.043354
436989,2022/10/18,600010.SHA,0.7606,1404739712.0,0.0092,-73.3608,165.27264,86155711705.0,0.00107129,1.0327868,0.18067652,0.91233045,278800090,16.127352,15.875361
436990,2022/10/19,600010.SHA,0.7606,1404739712.0,0.0092,-73.3608,162.64926,84788160725.0,0.00107129,1.0163934,0.17364906,0.90855753,307708499,15.875361,15.623371
436991,2022/10/20,600010.SHA,0.7606,1404739712.0,0.0092,-73.3608,162.64926,84788160725.0,0.00107129,1.0,0.23872143,0.9021431,335776776,15.539374,15.623371
436992,2022/10/21,600010.SHA,0.7606,1404739712.0,0.0092,-73.3608,161.77481,84332310399.0,0.00107129,0.97883594,0.13685061,0.8880356,287384402,15.623371,15.539374
436993,2022/10/24,600010.SHA,0.7606,1404739712.0,0.0092,-73.3608,158.27698,82508909093.0,0.00107129,0.95767194,0.22675829,0.8904608,458048377,15.539374,15.203388
436994,2022/10/25,600010.SHA,0.7606,1404739712.0,0.0092,-73.3608,159.15143,82964759419.0,0.00107129,0.9528796,0.31257582,0.88826025,392412327,15.203388,15.287385
436995,2022/10/26,600010.SHA,0.7606,1404739712.0,0.0092,-73.3608,165.27264,86155711705.0,0.00107129,1.0,0.6039013,0.9194102,851840294,15.539374,15.875361
436996,2022/10/27,600010.SHA,0.7606,1404739712.0,0.0092,-73.3608,162.64926,84788160725.0,0.00107129,1.0,0.52655494,0.9232633,470738211,15.791365,15.623371
436997,2022/10/28,600010.SHA,-1.3689,-4679832576.0,-0.0164,-1421.4877,-49.22938,81597208440.0,0.001091968,0.96236557,0.5120105,0.92914814,533382195,15.203388,15.035395
436998,2022/10/31,600010.SHA,-1.3689,-4679832576.0,-0.0164,-1421.4877,-48.40431,80229657460.0,0.001091968,0.9513514,0.34470922,0.93214864,402814622,14.951398,14.783405
436999,2022/11/1,600010.SHA,-1.3689,-4679832576.0,-0.0164,-1421.4877,-50.054455,82964759419.0,0.001091968,1.0055249,0.450727,0.9336024,607329186,14.783405,15.287385
437000,2022/11/2,600010.SHA,-1.3689,-4679832576.0,-0.0164,-1421.4877,-51.154552,84788160725.0,0.001091968,1.021978,0.4769883,0.93949175,758509092,15.287385,15.623371
437001,2022/11/3,600010.SHA,-1.3689,-4679832576.0,-0.0164,-1421.4877,-50.054455,82964759419.0,0.001091968,0.962963,0.14478725,0.9294355,475451218,15.455379,15.287385
437002,2022/11/4,600010.SHA,-1.3689,-4679832576.0,-0.0164,-1421.4877,-51.429577,85244011052.0,0.001091968,1.0053763,0.2807336,0.93352133,769258088,15.287385,15.707368
437003,2022/11/7,600010.SHA,-1.3689,-4679832576.0,-0.0164,-1421.4877,-53.079723,87979113011.0,0.001091968,1.0782123,0.5454179,0.94868183,1270008643,15.707368,16.211348
437004,2022/11/8,600010.SHA,-1.3689,-4679832576.0,-0.0164,-1421.4877,-53.354748,88434963337.0,0.001091968,1.1022726,0.7886048,0.955332,810604477,16.211348,16.295343
437005,2022/11/9,600010.SHA,-1.3689,-4679832576.0,-0.0164,-1421.4877,-53.079723,87979113011.0,0.001091968,1.0604396,0.74059165,0.9581405,653415954,16.63133,16.211348
437006,2022/11/10,600010.SHA,-1.3689,-4679832576.0,-0.0164,-1421.4877,-58.305187,96640269214.0,0.001091968,1.1397849,0.9625905,0.9833065,3292004730,16.88332,17.807283
437007,2022/11/11,600010.SHA,-1.3689,-4679832576.0,-0.0164,-1421.4877,-56.65504,93905167255.0,0.001091968,1.1318681,0.95254374,0.9889403,3081925788,18.14327,17.303305
437008,2022/11/14,600010.SHA,-1.3689,-4679832576.0,-0.0164,-1421.4877,-54.454845,90258364643.0,0.001091968,1.0588235,0.8550593,0.9909511,1581239932,17.219307,16.63133
437009,2022/11/15,600010.SHA,-1.3689,-4679832576.0,-0.0164,-1421.4877,-54.454845,90258364643.0,0.001091968,1.0259067,0.6663985,0.99095297,919571378,16.547335,16.63133
437010,2022/11/16,600010.SHA,-1.3689,-4679832576.0,-0.0164,-1421.4877,-53.904797,89346663990.0,0.001091968,1.0103093,0.47194853,0.9897508,648522217,16.63133,16.463337
437011,2022/11/17,600010.SHA,-1.3689,-4679832576.0,-0.0164,-1421.4877,-53.629772,88890813664.0,0.001091968,1.0103627,0.4237186,0.988947,536985794,16.379341,16.379341
437012,2022/11/18,600010.SHA,-1.3689,-4679832576.0,-0.0164,-1421.4877,-54.17982,89802514317.0,0.001091968,0.9292453,0.04361809,0.97970665,799253481,16.379341,16.547335
437013,2022/11/21,600010.SHA,-1.3689,-4679832576.0,-0.0164,-1421.4877,-53.079723,87979113011.0,0.001091968,0.93689317,0.044596225,0.96284395,543960763,16.379341,16.211348
437014,2022/11/22,600010.SHA,-1.3689,-4679832576.0,-0.0164,-1421.4877,-53.904797,89346663990.0,0.001091968,0.989899,0.37462357,0.9544268,736304700,16.295343,16.463337
437015,2022/11/23,600010.SHA,-1.3689,-4679832576.0,-0.0164,-1421.4877,-53.904797,89346663990.0,0.001091968,0.989899,0.6485347,0.9500602,592716102,16.379341,16.463337
437016,2022/11/24,600010.SHA,-1.3689,-4679832576.0,-0.0164,-1421.4877,-53.629772,88890813664.0,0.001091968,0.994898,0.6492582,0.9456805,383029366,16.547335,16.379341
437017,2022/11/25,600010.SHA,-1.3689,-4679832576.0,-0.0164,-1421.4877,-54.17982,89802514317.0,0.001091968,1.0102564,0.80998194,0.9503404,536852568,16.379341,16.547335
437018,2022/11/28,600010.SHA,-1.3689,-4679832576.0,-0.0164,-1421.4877,-53.629772,88890813664.0,0.001091968,0.9898477,0.64904904,0.94715774,514038829,16.379341,16.379341
437019,2022/11/29,600010.SHA,-1.3689,-4679832576.0,-0.0164,-1421.4877,-54.454845,90258364643.0,0.001091968,1.0259067,0.78341335,0.951,744337700,16.379341,16.63133
437020,2022/11/30,600010.SHA,-1.3689,-4679832576.0,-0.0164,-1421.4877,-54.72987,90714214970.0,0.001091968,1.0153062,0.66633326,0.94838965,762236155,16.715328,16.715328
437021,2022/12/1,600010.SHA,-1.3689,-4679832576.0,-0.0164,-1421.4877,-54.454845,90258364643.0,0.001091968,1.0102041,0.5055011,0.944,591707190,16.799324,16.63133
437022,2022/12/2,600010.SHA,-1.3689,-4679832576.0,-0.0164,-1421.4877,-54.454845,90258364643.0,0.001091968,1.0153846,0.53260654,0.9404119,301645397,16.63133,16.63133
437023,2022/12/5,600010.SHA,-1.3689,-4679832576.0,-0.0164,-1421.4877,-56.65504,93905167255.0,0.001091968,1.0456853,0.6927771,0.95279056,1383795891,16.715328,17.303305
437024,2022/12/6,600010.SHA,-1.3689,-4679832576.0,-0.0164,-1421.4877,-56.104992,92993466602.0,0.001091968,1.0461539,0.6652331,0.952,709496348,17.219307,17.135311
437025,2022/12/7,600010.SHA,-1.3689,-4679832576.0,-0.0164,-1421.4877,-55.004894,91170065296.0,0.001091968,1.0101011,0.4858,0.9514194,754912423,17.051313,16.799324
437026,2022/12/8,600010.SHA,-1.3689,-4679832576.0,-0.0164,-1421.4877,-55.004894,91170065296.0,0.001091968,1.005025,0.4780088,0.9444444,369055836,16.799324,16.799324
437027,2022/12/9,600010.SHA,-1.3689,-4679832576.0,-0.0164,-1421.4877,-55.554943,92081765949.0,0.001091968,1.020202,0.7069172,0.94804156,699871980,16.799324,16.967318
437028,2022/12/12,600010.SHA,-1.3689,-4679832576.0,-0.0164,-1421.4877,-54.17982,89802514317.0,0.001091968,0.9949495,0.58158576,0.95527154,643935663,16.967318,16.547335
437029,2022/12/13,600010.SHA,-1.3689,-4679832576.0,-0.0164,-1421.4877,-56.104992,92993466602.0,0.001091968,0.99029124,0.6391773,0.95847476,1331185852,17.051313,17.135311
437030,2022/12/14,600010.SHA,-1.3689,-4679832576.0,-0.0164,-1421.4877,-55.004894,91170065296.0,0.001091968,0.9803921,0.53444487,0.96167666,651662920,16.967318,16.799324
437031,2022/12/15,600010.SHA,-1.3689,-4679832576.0,-0.0164,-1421.4877,-54.454845,90258364643.0,0.001091968,0.99,0.6051896,0.9603111,523789679,16.715328,16.63133
437032,2022/12/16,600010.SHA,-1.3689,-4679832576.0,-0.0164,-1421.4877,-54.454845,90258364643.0,0.001091968,0.99,0.6654038,0.96214384,469432969,16.547335,16.63133
437033,2022/12/19,600010.SHA,-1.3689,-4679832576.0,-0.0164,-1421.4877,-53.079723,87979113011.0,0.001091968,0.9554455,0.51645064,0.96412915,691119300,16.63133,16.211348
437034,2022/12/20,600010.SHA,-1.3689,-4679832576.0,-0.0164,-1421.4877,-53.079723,87979113011.0,0.001091968,0.9796954,0.7764049,0.96214384,372758343,16.127352,16.211348
437035,2022/12/21,600010.SHA,-1.3689,-4679832576.0,-0.0164,-1421.4877,-52.529675,87067412358.0,0.001091968,0.93627447,0.2605704,0.9463716,245334491,16.211348,16.043354
437036,2022/12/22,600010.SHA,-1.3689,-4679832576.0,-0.0164,-1421.4877,-51.7046,85699861378.0,0.001091968,0.94,0.4742186,0.94171476,390837439,16.211348,15.791365
437037,2022/12/23,600010.SHA,-1.3689,-4679832576.0,-0.0164,-1421.4877,-51.979626,86155711705.0,0.001091968,0.9545455,0.70336115,0.93302864,246340351,15.707368,15.875361
439647,2022/1/10,600028.SHA,7.9232,-124000000000.0,0.495,-2.2851,7.5812526,525449000000.0,0.002033215,1.028436,0.6910726,0.91673803,758579420,15.240353,15.27555
439648,2022/1/11,600028.SHA,7.9232,-124000000000.0,0.495,-2.2851,7.5113797,520606000000.0,0.002033215,1.0165485,0.6481164,0.9212329,499307944,15.240353,15.134762
439649,2022/1/12,600028.SHA,7.9232,-124000000000.0,0.495,-2.2851,7.546316,523028000000.0,0.002033215,1.0140845,0.69541955,0.9268136,617912253,15.310747,15.205155
439650,2022/1/13,600028.SHA,7.9232,-124000000000.0,0.495,-2.2851,7.633658,529081000000.0,0.002033215,1.021028,0.7101434,0.94032085,1118794104,15.310747,15.381142
439651,2022/1/14,600028.SHA,7.9232,-124000000000.0,0.495,-2.2851,7.424038,514553000000.0,0.002033215,0.9953162,0.6499786,0.9454662,882886151,15.345944,14.958776
439652,2022/1/17,600028.SHA,7.9232,-124000000000.0,0.495,-2.2851,7.389101,512131000000.0,0.002033215,0.97241384,0.21223791,0.9385965,673429711,15.064367,14.888382
439653,2022/1/18,600028.SHA,7.9232,-124000000000.0,0.495,-2.2851,7.5812526,525449000000.0,0.002033215,1.0,0.6226476,0.93844837,961324476,14.923579,15.27555
439654,2022/1/19,600028.SHA,7.9232,-124000000000.0,0.495,-2.2851,7.5812526,525449000000.0,0.002033215,1.0093023,0.6522018,0.940812,593848975,15.310747,15.27555
439655,2022/1/20,600028.SHA,7.9232,-124000000000.0,0.495,-2.2851,7.598721,526660000000.0,0.002033215,1.0069444,0.80277777,0.93975645,613204725,15.134762,15.310747
439656,2022/1/21,600028.SHA,7.9232,-124000000000.0,0.495,-2.2851,7.4939113,519395000000.0,0.002033215,0.9816933,0.6842555,0.9333618,745239426,15.169959,15.099565
439657,2022/1/24,600028.SHA,7.9232,-124000000000.0,0.495,-2.2851,7.476443,518185000000.0,0.002033215,1.0070587,0.7891927,0.92550695,464033264,15.099565,15.064367
439658,2022/1/25,600028.SHA,7.9232,-124000000000.0,0.495,-2.2851,7.3192277,507288000000.0,0.002033215,0.9905437,0.89130896,0.9308579,753116615,14.993973,14.747593
439659,2022/1/26,600028.SHA,7.9232,-124000000000.0,0.495,-2.2851,7.424038,514553000000.0,0.002033215,0.9792627,0.8533618,0.9297759,638377005,14.817987,14.958776
439660,2022/1/27,600028.SHA,7.9232,-124000000000.0,0.495,-2.2851,7.389101,512131000000.0,0.002033215,0.9746544,0.90891635,0.93623376,713732169,14.923579,14.888382
439661,2022/1/28,600028.SHA,7.9232,-124000000000.0,0.495,-2.2851,7.3192277,507288000000.0,0.002033215,0.9632184,0.7608186,0.9443734,732503385,14.958776,14.747593
439662,2022/2/7,600028.SHA,7.9232,-124000000000.0,0.495,-2.2851,7.6161895,527870000000.0,0.002033215,1.016317,0.8770247,0.9599489,1497010469,14.958776,15.345944
439663,2022/2/8,600028.SHA,7.9232,-124000000000.0,0.495,-2.2851,7.7209992,535135000000.0,0.002033215,1.0327103,0.8736416,0.96975505,1192232931,15.240353,15.557127
439664,2022/2/9,600028.SHA,7.9232,-124000000000.0,0.495,-2.2851,7.6685944,531503000000.0,0.002033215,1.0477327,0.6539608,0.97126436,832249141,15.416339,15.451535
439665,2022/2/10,600028.SHA,7.9232,-124000000000.0,0.495,-2.2851,7.7734046,538767000000.0,0.002033215,1.0470588,0.72468084,0.97129494,790349174,15.52193,15.662719
439666,2022/2/11,600028.SHA,7.9232,-124000000000.0,0.495,-2.2851,7.860746,544820000000.0,0.002033215,1.0638298,0.7347438,0.9738631,1381637103,15.6275215,15.838704
439667,2022/2/14,600028.SHA,7.9232,-124000000000.0,0.495,-2.2851,7.755936,537556000000.0,0.002033215,1.0596659,0.7894625,0.97748035,1374732025,16.120281,15.6275215
439668,2022/2/15,600028.SHA,7.9232,-124000000000.0,0.495,-2.2851,7.598721,526660000000.0,0.002033215,0.9977064,0.42672047,0.97281224,906578443,15.52193,15.310747
439669,2022/2/16,600028.SHA,7.9232,-124000000000.0,0.495,-2.2851,7.598721,526660000000.0,0.002033215,0.98416287,0.29211813,0.96813935,597012584,15.169959,15.310747
439670,2022/2/17,600028.SHA,7.9232,-124000000000.0,0.495,-2.2851,7.598721,526660000000.0,0.002033215,0.9908884,0.57434154,0.96496814,547256387,15.240353,15.310747
439671,2022/2/18,600028.SHA,7.9232,-124000000000.0,0.495,-2.2851,7.651126,530292000000.0,0.002033215,0.9842697,0.36149436,0.96264064,456217700,15.240353,15.416339
439672,2022/2/21,600028.SHA,7.9232,-124000000000.0,0.495,-2.2851,7.6161895,527870000000.0,0.002033215,0.9688889,0.07600849,0.9532909,408097333,15.381142,15.345944
439673,2022/2/22,600028.SHA,7.9232,-124000000000.0,0.495,-2.2851,7.686063,532713000000.0,0.002033215,0.99099094,0.23784243,0.9418259,849034132,15.4867325,15.4867325
439674,2022/2/23,600028.SHA,7.9232,-124000000000.0,0.495,-2.2851,7.5637846,524238000000.0,0.002033215,0.9954023,0.19617835,0.9338001,828411644,15.416339,15.240353
439675,2022/2/24,600028.SHA,7.9232,-124000000000.0,0.495,-2.2851,7.6685944,531503000000.0,0.002033215,1.0091953,0.6705558,0.9552397,1949429649,15.240353,15.451535
439676,2022/2/25,600028.SHA,7.9232,-124000000000.0,0.495,-2.2851,7.5113797,520606000000.0,0.002033215,0.9885058,0.32838354,0.96564883,1453858453,15.240353,15.134762
439677,2022/2/28,600028.SHA,7.9232,-124000000000.0,0.495,-2.2851,7.5637846,524238000000.0,0.002033215,0.98858446,0.44008484,0.9667091,760120500,15.27555,15.240353
439678,2022/3/1,600028.SHA,7.9232,-124000000000.0,0.495,-2.2851,7.546316,523028000000.0,0.002033215,0.99082565,0.50731397,0.96673024,780832364,15.205155,15.205155
439679,2022/3/2,600028.SHA,7.9232,-124000000000.0,0.495,-2.2851,7.6161895,527870000000.0,0.002033215,0.9909091,0.3323442,0.9690678,1218688837,15.345944,15.345944
439680,2022/3/3,600028.SHA,7.9232,-124000000000.0,0.495,-2.2851,7.755936,537556000000.0,0.002033215,1.0254042,0.7783898,0.975,1595493709,15.416339,15.6275215
439681,2022/3/4,600028.SHA,7.9232,-124000000000.0,0.495,-2.2851,7.651126,530292000000.0,0.002033215,0.99772215,0.44206735,0.9724635,1013701056,15.557127,15.416339
439682,2022/3/7,600028.SHA,7.9232,-124000000000.0,0.495,-2.2851,7.598721,526660000000.0,0.002033215,1.0116279,0.7411017,0.9701461,1151995816,15.592324,15.310747
439683,2022/3/8,600028.SHA,7.9232,-124000000000.0,0.495,-2.2851,7.389101,512131000000.0,0.002033215,0.97690535,0.7188559,0.9728814,1325258451,15.169959,14.888382
439684,2022/3/9,600028.SHA,7.9232,-124000000000.0,0.495,-2.2851,7.2318864,501235000000.0,0.002033215,0.9583334,0.7532853,0.9741416,1125292665,14.923579,14.571608
439685,2022/3/10,600028.SHA,7.9232,-124000000000.0,0.495,-2.2851,7.249355,502446000000.0,0.002033215,0.95183486,0.6397542,0.967366,605686599,14.571608,14.606805
439686,2022/3/11,600028.SHA,7.9232,-124000000000.0,0.495,-2.2851,7.249355,502446000000.0,0.002033215,0.9346847,0.3963983,0.956577,668621839,14.501213,14.606805
439687,2022/3/14,600028.SHA,7.9232,-124000000000.0,0.495,-2.2851,7.1794815,497603000000.0,0.002033215,0.93835616,0.5764183,0.95175624,617581227,14.53641,14.466017
439688,2022/3/15,600028.SHA,7.9232,-124000000000.0,0.495,-2.2851,6.952393,481863000000.0,0.002033215,0.9149425,0.67251956,0.95219964,1158303513,14.4308195,14.008453
439689,2022/3/16,600028.SHA,7.9232,-124000000000.0,0.495,-2.2851,7.0921397,491549000000.0,0.002033215,0.95981085,0.57994926,0.9407909,706802670,14.149242,14.2900305
439690,2022/3/17,600028.SHA,7.9232,-124000000000.0,0.495,-2.2851,7.127076,493971000000.0,0.002033215,0.98550725,0.5115246,0.93192387,654523473,14.360425,14.360425
439691,2022/3/18,600028.SHA,7.9232,-124000000000.0,0.495,-2.2851,7.214418,500024000000.0,0.002033215,0.9951807,0.62106156,0.9353339,628992799,14.4308195,14.53641
439692,2022/3/21,600028.SHA,7.9232,-124000000000.0,0.495,-2.2851,7.1794815,497603000000.0,0.002033215,0.99036145,0.54827803,0.9309398,444151182,14.606805,14.466017
439693,2022/3/22,600028.SHA,7.9232,-124000000000.0,0.495,-2.2851,7.249355,502446000000.0,0.002033215,1.0097324,0.4856419,0.9278329,459569656,14.53641,14.606805
439694,2022/3/23,600028.SHA,7.9232,-124000000000.0,0.495,-2.2851,7.214418,500024000000.0,0.002033215,1.0376885,0.20822784,0.9114111,390490372,14.571608,14.53641
439695,2022/3/24,600028.SHA,7.9232,-124000000000.0,0.495,-2.2851,7.249355,502446000000.0,0.002033215,1.0221676,0.47942603,0.9067707,460715539,14.606805,14.606805
439696,2022/3/25,600028.SHA,7.9232,-124000000000.0,0.495,-2.2851,7.266823,503656000000.0,0.002033215,1.0196079,0.63336146,0.9017292,409148870,14.571608,14.642002
439697,2022/3/28,600028.SHA,9.3845,128453000000.0,0.588,-45.4361,7.2940607,519395000000.0,0.001953026,1.038741,0.8439806,0.92116356,1117883496,14.958776,15.099565
439698,2022/3/29,600028.SHA,9.3845,128453000000.0,0.588,-45.4361,7.362071,524238000000.0,0.001953026,1.053528,0.9163153,0.93009055,655934826,14.993973,15.240353
439699,2022/3/30,600028.SHA,9.3845,128453000000.0,0.588,-45.4361,7.3450685,523028000000.0,0.001953026,1.0409638,0.8772373,0.93264574,569145410,15.169959,15.205155
439700,2022/3/31,600028.SHA,9.3845,128453000000.0,0.588,-45.4361,7.3450685,523028000000.0,0.001953026,1.0460048,0.88495576,0.9361702,567655310,15.169959,15.205155
439701,2022/4/1,600028.SHA,9.3845,128453000000.0,0.588,-45.4361,7.430081,529081000000.0,0.001953026,1.053012,0.8609355,0.94039595,693447485,15.205155,15.381142
439702,2022/4/6,600028.SHA,9.3845,128453000000.0,0.588,-45.4361,7.4980907,533924000000.0,0.001953026,1.0600961,0.835019,0.94501793,701904112,15.345944,15.52193
439703,2022/4/7,600028.SHA,9.3845,128453000000.0,0.588,-45.4361,7.4130783,527870000000.0,0.001953026,1.016317,0.7412558,0.93577594,686670657,15.451535,15.345944
439704,2022/4/8,600028.SHA,9.3845,128453000000.0,0.588,-45.4361,7.447083,530292000000.0,0.001953026,1.0115474,0.67761636,0.9296842,491208315,15.381142,15.416339
439705,2022/4/11,600028.SHA,9.3845,128453000000.0,0.588,-45.4361,7.379073,525449000000.0,0.001953026,1.0046296,0.8035376,0.9341053,687234516,15.451535,15.27555
439706,2022/4/12,600028.SHA,9.3845,128453000000.0,0.588,-45.4361,7.3960757,526660000000.0,0.001953026,1.0069444,0.7615741,0.9389859,695248232,15.240353,15.310747
439707,2022/4/13,600028.SHA,9.3845,128453000000.0,0.588,-45.4361,7.3960757,526660000000.0,0.001953026,0.9954233,0.7777077,0.9392347,700326949,15.310747,15.310747
439708,2022/4/14,600028.SHA,9.3845,128453000000.0,0.588,-45.4361,7.4640856,531503000000.0,0.001953026,0.99546486,0.8015556,0.93927294,603781484,15.416339,15.451535
439709,2022/4/15,600028.SHA,9.3845,128453000000.0,0.588,-45.4361,7.3960757,526660000000.0,0.001953026,0.9977064,0.7785489,0.936291,543718531,15.416339,15.310747
439710,2022/4/18,600028.SHA,9.3845,128453000000.0,0.588,-45.4361,7.2940607,519395000000.0,0.001953026,0.979452,0.64159477,0.94131255,580258505,15.27555,15.099565
439711,2022/4/19,600028.SHA,9.3845,128453000000.0,0.588,-45.4361,7.4130783,527870000000.0,0.001953026,1.0046083,0.56487906,0.94178224,626757117,15.169959,15.345944
439712,2022/4/20,600028.SHA,9.3845,128453000000.0,0.588,-45.4361,7.3110633,520606000000.0,0.001953026,0.9885058,0.6441782,0.9405462,593013490,15.27555,15.134762
439713,2022/4/21,600028.SHA,9.3845,128453000000.0,0.588,-45.4361,7.2090487,513342000000.0,0.001953026,0.97471267,0.6797564,0.93889123,645520598,15.169959,14.923579
439714,2022/4/22,600028.SHA,9.3845,128453000000.0,0.588,-45.4361,7.362071,524238000000.0,0.001953026,0.9863326,0.8115942,0.9422633,633041621,14.853185,15.240353
439715,2022/4/25,600028.SHA,9.3845,128453000000.0,0.588,-45.4361,7.1240363,507288000000.0,0.001953026,0.9632184,0.88809574,0.95360065,880142255,15.099565,14.747593
439716,2022/4/26,600028.SHA,9.3845,128453000000.0,0.588,-45.4361,7.0560265,502446000000.0,0.001953026,0.967366,0.93403363,0.9573977,739779905,14.78279,14.606805
439717,2022/4/27,600028.SHA,9.3845,128453000000.0,0.588,-45.4361,7.1750436,510921000000.0,0.001953026,0.9678899,0.91451377,0.95424014,598522009,14.606805,14.853185
439718,2022/4/28,600028.SHA,2.8807,-115000000000.0,0.187,99.7614,6.8924627,523028000000.0,0.001906625,1.0046511,0.94363827,0.96132827,1018789513,14.958776,15.205155
439719,2022/4/29,600028.SHA,2.8807,-115000000000.0,0.187,99.7614,6.924372,525449000000.0,0.001906625,1.0235848,0.8771561,0.96069777,767396599,15.205155,15.27555
439720,2022/5/5,600028.SHA,2.8807,-115000000000.0,0.187,99.7614,6.9403267,526660000000.0,0.001906625,1.004619,0.7545165,0.958351,726040831,15.310747,15.310747
439721,2022/5/6,600028.SHA,2.8807,-115000000000.0,0.187,99.7614,6.8286433,518185000000.0,0.001906625,1.0214797,0.4943038,0.95507276,600997030,15.169959,15.064367
439722,2022/5/9,600028.SHA,2.8807,-115000000000.0,0.187,99.7614,6.860553,520606000000.0,0.001906625,1.0361446,0.26698312,0.9512658,383620663,15.064367,15.134762
439723,2022/5/10,600028.SHA,2.8807,-115000000000.0,0.187,99.7614,6.860553,520606000000.0,0.001906625,1.0189574,0.22180055,0.95384616,774767073,14.958776,15.134762
439724,2022/5/11,600028.SHA,2.8807,-115000000000.0,0.187,99.7614,6.8445983,519395000000.0,0.001906625,0.9930556,0.069336146,0.9414614,525295838,15.134762,15.099565
439725,2022/5/12,600028.SHA,2.8807,-115000000000.0,0.187,99.7614,6.812689,516974000000.0,0.001906625,0.983871,0.116680704,0.9340775,406756161,15.099565,15.02917
439726,2022/5/13,600028.SHA,2.8807,-115000000000.0,0.187,99.7614,6.8765078,521817000000.0,0.001906625,0.9908046,0.13157895,0.92948854,520394703,15.099565,15.169959
439727,2022/5/16,600028.SHA,2.8807,-115000000000.0,0.187,99.7614,6.908417,524238000000.0,0.001906625,1.0116823,0.16968422,0.9256842,446719212,15.27555,15.240353
439728,2022/5/17,600028.SHA,2.8807,-115000000000.0,0.187,99.7614,6.9403267,526660000000.0,0.001906625,1.0116279,0.34918964,0.93012,581633921,15.27555,15.310747
439729,2022/5/18,600028.SHA,2.8807,-115000000000.0,0.187,99.7614,6.8765078,521817000000.0,0.001906625,1.0023255,0.3192251,0.9260897,533753679,15.310747,15.169959
439730,2022/5/19,600028.SHA,2.8807,-115000000000.0,0.187,99.7614,6.8445983,519395000000.0,0.001906625,1.0,0.2672214,0.9319857,515467137,15.02917,15.099565
439731,2022/5/20,600028.SHA,2.8807,-115000000000.0,0.187,99.7614,6.8924627,523028000000.0,0.001906625,1.0117096,0.339297,0.934133,544408793,15.134762,15.205155
439732,2022/5/23,600028.SHA,2.8807,-115000000000.0,0.187,99.7614,6.8765078,521817000000.0,0.001906625,1.0,0.19922122,0.9320143,523731270,15.27555,15.169959
439733,2022/5/24,600028.SHA,2.8807,-115000000000.0,0.187,99.7614,6.8286433,518185000000.0,0.001906625,0.9884527,0.51305264,0.93853927,735326472,15.205155,15.064367
439734,2022/5/25,600028.SHA,2.8807,-115000000000.0,0.187,99.7614,6.924372,525449000000.0,0.001906625,0.99770117,0.39587715,0.9417578,643188784,15.099565,15.27555
439735,2022/5/26,600028.SHA,2.8807,-115000000000.0,0.187,99.7614,6.988191,530292000000.0,0.001906625,1.0162413,0.58340335,0.94663864,820260811,15.310747,15.416339
439736,2022/5/27,600028.SHA,2.8807,-115000000000.0,0.187,99.7614,7.0360556,533924000000.0,0.001906625,1.027972,0.75042033,0.9552615,1049466089,15.52193,15.52193
439737,2022/5/30,600028.SHA,2.8807,-115000000000.0,0.187,99.7614,7.0201006,532713000000.0,0.001906625,1.0185186,0.6880773,0.9617968,834398536,15.592324,15.4867325
439738,2022/5/31,600028.SHA,2.8807,-115000000000.0,0.187,99.7614,7.1158295,539978000000.0,0.001906625,1.0348027,0.7997904,0.9660591,935479694,15.4867325,15.697915
439739,2022/6/1,600028.SHA,2.8807,-115000000000.0,0.187,99.7614,7.0201006,532713000000.0,0.001906625,1.0280373,0.30278593,0.9698429,913447433,15.6275215,15.4867325
439740,2022/6/2,600028.SHA,2.8807,-115000000000.0,0.187,99.7614,7.05201,535135000000.0,0.001906625,1.0184332,0.32921466,0.96985555,743088758,15.451535,15.557127
439741,2022/6/6,600028.SHA,2.8807,-115000000000.0,0.187,99.7614,7.08392,537556000000.0,0.001906625,1.0136986,0.24111994,0.9680451,987043049,15.6275215,15.6275215
439742,2022/6/7,600028.SHA,2.8807,-115000000000.0,0.187,99.7614,7.147739,542399000000.0,0.001906625,1.0158731,0.28601253,0.9653445,1000069495,15.592324,15.76831
439743,2022/6/8,600028.SHA,2.8807,-115000000000.0,0.187,99.7614,7.1956034,546031000000.0,0.001906625,1.0250001,0.45678496,0.96304804,1028076897,15.803507,15.873901
439744,2022/6/9,600028.SHA,2.8807,-115000000000.0,0.187,99.7614,7.211558,547242000000.0,0.001906625,1.013453,0.617039,0.967843,1621775212,15.873901,15.909099
439745,2022/6/10,600028.SHA,2.8807,-115000000000.0,0.187,99.7614,6.7488694,512131000000.0,0.001906625,1.0321529,0.6858573,0.9680918,1222650672,15.946886,15.984675
439746,2022/6/13,600028.SHA,2.8807,-115000000000.0,0.187,99.7614,6.653141,504867000000.0,0.001906625,1.0129082,0.62117106,0.96711075,1026616533,15.871308,15.757942
439747,2022/6/14,600028.SHA,2.8807,-115000000000.0,0.187,99.7614,6.7648244,513342000000.0,0.001906625,1.0252723,0.77296394,0.96792334,986034764,15.682364,16.022465
439748,2022/6/15,600028.SHA,2.8807,-115000000000.0,0.187,99.7614,6.7010055,508499000000.0,0.001906625,1.006532,0.661878,0.9665072,985284264,15.946886,15.871308
439749,2022/6/16,600028.SHA,2.8807,-115000000000.0,0.187,99.7614,6.6052766,501235000000.0,0.001906625,0.9855533,0.3250052,0.9664863,984412158,15.871308,15.644576
439750,2022/6/17,600028.SHA,2.8807,-115000000000.0,0.187,99.7614,6.573367,498813000000.0,0.001906625,0.97862226,0.123984165,0.95375,712541828,15.606787,15.568998
439751,2022/6/20,600028.SHA,2.8807,-115000000000.0,0.187,99.7614,6.493593,492760000000.0,0.001906625,0.9621749,0.09308621,0.9477301,816757867,15.455631,15.3800535
439752,2022/6/21,600028.SHA,2.8807,-115000000000.0,0.187,99.7614,6.493593,492760000000.0,0.001906625,0.97601914,0.1763114,0.9406991,489629672,15.3800535,15.3800535
439753,2022/6/22,600028.SHA,2.8807,-115000000000.0,0.187,99.7614,6.4297743,487917000000.0,0.001906625,0.95047164,0.13568154,0.9372655,670103024,15.417843,15.228898
439754,2022/6/23,600028.SHA,2.8807,-115000000000.0,0.187,99.7614,6.493593,492760000000.0,0.001906625,0.9690476,0.14315483,0.9312357,443022728,15.19111,15.3800535
439755,2022/6/24,600028.SHA,2.8807,-115000000000.0,0.187,99.7614,6.5095477,493971000000.0,0.001906625,0.98550725,0.22387904,0.9168404,515957597,15.342265,15.417843
439756,2022/6/27,600028.SHA,2.8807,-115000000000.0,0.187,99.7614,6.5414577,496392000000.0,0.001906625,0.9951456,0.25432563,0.90954566,454336847,15.3800535,15.493421
439757,2022/6/28,600028.SHA,2.8807,-115000000000.0,0.187,99.7614,6.5414577,496392000000.0,0.001906625,1.0073711,0.3195371,0.88949126,310733166,15.493421,15.493421
439758,2022/6/29,600028.SHA,2.8807,-115000000000.0,0.187,99.7614,6.5414577,496392000000.0,0.001906625,1.0073711,0.488212,0.876798,348721728,15.493421,15.493421
439759,2022/6/30,600028.SHA,2.8807,-115000000000.0,0.187,99.7614,6.5095477,493971000000.0,0.001906625,1.012407,0.34257716,0.8528554,312249206,15.455631,15.417843
439760,2022/7/1,600028.SHA,2.8807,-115000000000.0,0.187,99.7614,6.5095477,493971000000.0,0.001906625,1.002457,0.4203291,0.8422148,277108267,15.417843,15.417843
439761,2022/7/4,600028.SHA,2.8807,-115000000000.0,0.187,99.7614,6.5414577,496392000000.0,0.001906625,1.004902,0.47186327,0.8209671,263564779,15.455631,15.493421
439762,2022/7/5,600028.SHA,2.8807,-115000000000.0,0.187,99.7614,6.573367,498813000000.0,0.001906625,1.004878,0.61822915,0.82375,447683512,15.531209,15.568998
439763,2022/7/6,600028.SHA,2.8807,-115000000000.0,0.187,99.7614,6.493593,492760000000.0,0.001906625,0.9926829,0.70866305,0.83992505,419383261,15.455631,15.3800535
439764,2022/7/7,600028.SHA,2.8807,-115000000000.0,0.187,99.7614,6.4776382,491549000000.0,0.001906625,0.9902439,0.49573183,0.84328824,270818135,15.3800535,15.342265
439765,2022/7/8,600028.SHA,2.8807,-115000000000.0,0.187,99.7614,6.5095477,493971000000.0,0.001906625,1.0,0.6255983,0.8348242,209327902,15.417843,15.417843
439766,2022/7/11,600028.SHA,2.8807,-115000000000.0,0.187,99.7614,6.5095477,493971000000.0,0.001906625,1.0,0.6780437,0.837461,278438340,15.417843,15.417843
439767,2022/7/12,600028.SHA,2.8807,-115000000000.0,0.187,99.7614,6.5255027,495181000000.0,0.001906625,0.9975609,0.7755569,0.83645445,241619233,15.417843,15.455631
439768,2022/7/13,600028.SHA,2.8807,-115000000000.0,0.187,99.7614,6.493593,492760000000.0,0.001906625,0.987864,0.5604579,0.8346506,333418183,15.417843,15.3800535
439769,2022/7/14,600028.SHA,2.8807,-115000000000.0,0.187,99.7614,6.4776382,491549000000.0,0.001906625,0.99754304,0.53262675,0.8215621,293618866,15.3800535,15.342265
439770,2022/7/15,600028.SHA,2.8807,-115000000000.0,0.187,99.7614,6.4138193,486706000000.0,0.001906625,0.99014777,0.6759086,0.8293898,389924837,15.342265,15.19111
439771,2022/7/18,600028.SHA,2.8807,-115000000000.0,0.187,99.7614,6.5414577,496392000000.0,0.001906625,1.004902,0.6207469,0.84546775,416252063,15.266687,15.493421
439772,2022/7/19,600028.SHA,2.8807,-115000000000.0,0.187,99.7614,6.5414577,496392000000.0,0.001906625,1.004902,0.43962654,0.84840316,312393408,15.493421,15.493421
439773,2022/7/20,600028.SHA,2.8807,-115000000000.0,0.187,99.7614,6.5414577,496392000000.0,0.001906625,1.002445,0.24948154,0.8480514,277162134,15.568998,15.493421
439774,2022/7/21,600028.SHA,2.8807,-115000000000.0,0.187,99.7614,6.5255027,495181000000.0,0.001906625,1.004914,0.37147596,0.8490879,370819381,15.493421,15.455631
439775,2022/7/22,600028.SHA,2.8807,-115000000000.0,0.187,99.7614,6.557412,497603000000.0,0.001906625,1.0123153,0.481136,0.84690285,275955891,15.455631,15.531209
439776,2022/7/25,600028.SHA,2.8807,-115000000000.0,0.187,99.7614,6.5414577,496392000000.0,0.001906625,1.0199006,0.44596556,0.8394857,214658240,15.531209,15.493421
439777,2022/7/26,600028.SHA,2.8807,-115000000000.0,0.187,99.7614,6.573367,498813000000.0,0.001906625,1.004878,0.43046632,0.8354404,310557066,15.531209,15.568998
439778,2022/7/27,600028.SHA,2.8807,-115000000000.0,0.187,99.7614,6.5414577,496392000000.0,0.001906625,1.0,0.41979274,0.82984453,238612341,15.568998,15.493421
439779,2022/7/28,600028.SHA,2.8807,-115000000000.0,0.187,99.7614,6.573367,498813000000.0,0.001906625,1.004878,0.50321245,0.83170986,282449704,15.568998,15.568998
439780,2022/7/29,600028.SHA,2.8807,-115000000000.0,0.187,99.7614,6.557412,497603000000.0,0.001906625,1.00489,0.5281924,0.83737314,440081141,15.606787,15.531209
439781,2022/8/1,600028.SHA,2.8807,-115000000000.0,0.187,99.7614,6.557412,497603000000.0,0.001906625,1.0,0.42172292,0.8387831,344651945,15.568998,15.531209
439782,2022/8/2,600028.SHA,2.8807,-115000000000.0,0.187,99.7614,6.5095477,493971000000.0,0.001906625,0.99512196,0.66290855,0.8616339,594987785,15.455631,15.417843
439783,2022/8/3,600028.SHA,2.8807,-115000000000.0,0.187,99.7614,6.4776382,491549000000.0,0.001906625,0.98543686,0.672043,0.8528013,274174030,15.3800535,15.342265
439784,2022/8/4,600028.SHA,2.8807,-115000000000.0,0.187,99.7614,6.493593,492760000000.0,0.001906625,0.9926829,0.70353526,0.8528317,276826493,15.3800535,15.3800535
439785,2022/8/5,600028.SHA,2.8807,-115000000000.0,0.187,99.7614,6.5095477,493971000000.0,0.001906625,0.99029124,0.6406864,0.8487603,237827123,15.3800535,15.417843
439786,2022/8/8,600028.SHA,2.8807,-115000000000.0,0.187,99.7614,6.5414577,496392000000.0,0.001906625,0.99756694,0.554844,0.83601815,245127823,15.417843,15.493421
439787,2022/8/9,600028.SHA,2.8807,-115000000000.0,0.187,99.7614,6.557412,497603000000.0,0.001906625,1.0,0.5934531,0.8282411,250073830,15.531209,15.531209
439788,2022/8/10,600028.SHA,2.8807,-115000000000.0,0.187,99.7614,6.557412,497603000000.0,0.001906625,1.007353,0.2812887,0.79450643,248212884,15.531209,15.531209
439789,2022/8/11,600028.SHA,2.8807,-115000000000.0,0.187,99.7614,6.6052766,501235000000.0,0.001906625,1.0197045,0.18636364,0.79714936,292997814,15.606787,15.644576
439790,2022/8/12,600028.SHA,2.8807,-115000000000.0,0.187,99.7614,6.6212316,502446000000.0,0.001906625,1.0196561,0.31619164,0.80833507,402085027,15.644576,15.682364
439791,2022/8/15,600028.SHA,2.8807,-115000000000.0,0.187,99.7614,6.6052766,501235000000.0,0.001906625,1.0147059,0.402147,0.8259076,366234309,15.606787,15.644576
439792,2022/8/16,600028.SHA,2.8807,-115000000000.0,0.187,99.7614,6.573367,498813000000.0,0.001906625,1.004878,0.3393446,0.8213476,223573533,15.606787,15.568998
439793,2022/8/17,600028.SHA,2.8807,-115000000000.0,0.187,99.7614,6.6212316,502446000000.0,0.001906625,1.0097324,0.38169828,0.8168521,249205034,15.606787,15.682364
439794,2022/8/18,600028.SHA,2.8807,-115000000000.0,0.187,99.7614,6.5893216,500024000000.0,0.001906625,1.0048662,0.39340886,0.81387687,256538918,15.682364,15.606787
439795,2022/8/19,600028.SHA,2.8807,-115000000000.0,0.187,99.7614,6.6052766,501235000000.0,0.001906625,1.0,0.5973852,0.82794815,395305523,15.606787,15.644576
439796,2022/8/22,600028.SHA,2.8807,-115000000000.0,0.187,99.7614,6.653141,504867000000.0,0.001906625,1.0048193,0.5743104,0.82959455,418757444,15.644576,15.757942
439797,2022/8/23,600028.SHA,2.8807,-115000000000.0,0.187,99.7614,6.6850505,507288000000.0,0.001906625,1.0120773,0.62132126,0.836042,441733728,15.757942,15.83352
439798,2022/8/24,600028.SHA,2.8807,-115000000000.0,0.187,99.7614,6.637186,503656000000.0,0.001906625,1.0097086,0.8035384,0.8531771,457956118,15.909098,15.720153
439799,2022/8/25,600028.SHA,2.8807,-115000000000.0,0.187,99.7614,6.7488694,512131000000.0,0.001906625,1.0192771,0.85320723,0.8792608,595963177,15.757942,15.984675
439800,2022/8/26,600028.SHA,2.8807,-115000000000.0,0.187,99.7614,6.780779,514553000000.0,0.001906625,1.0290557,0.8722793,0.9086805,712686686,16.060253,16.060253
439801,2022/8/29,600028.SHA,5.5728,13319118848.0,0.36,-7.432,6.8236203,515763000000.0,0.001925491,1.0289855,0.8340513,0.9311052,808232757,16.13583,16.098042
439802,2022/8/30,600028.SHA,5.5728,13319118848.0,0.36,-7.432,6.871674,519395000000.0,0.001925491,1.028777,0.87512815,0.9419844,765810540,16.13583,16.211409
439803,2022/8/31,600028.SHA,5.5728,13319118848.0,0.36,-7.432,6.839638,516974000000.0,0.001925491,1.019093,0.89752,0.9510146,788326242,16.13583,16.13583
439804,2022/9/1,600028.SHA,5.5728,13319118848.0,0.36,-7.432,6.7755666,512131000000.0,0.001925491,1.016827,0.8152553,0.9538934,455364908,16.022465,15.984675
439805,2022/9/2,600028.SHA,5.5728,13319118848.0,0.36,-7.432,6.8236203,515763000000.0,0.001925491,1.0070921,0.6999181,0.9527027,417394807,15.984675,16.098042
439806,2022/9/5,600028.SHA,5.5728,13319118848.0,0.36,-7.432,6.9517636,525449000000.0,0.001925491,1.0211765,0.75307125,0.95702004,845126356,16.098042,16.400352
439807,2022/9/6,600028.SHA,5.5728,13319118848.0,0.36,-7.432,7.063889,533924000000.0,0.001925491,1.0352112,0.8567042,0.9576254,925514981,16.43814,16.664873
439808,2022/9/7,600028.SHA,5.5728,13319118848.0,0.36,-7.432,7.063889,533924000000.0,0.001925491,1.027972,0.80194473,0.95153373,518639539,16.589296,16.664873
439809,2022/9/8,600028.SHA,5.5728,13319118848.0,0.36,-7.432,7.063889,533924000000.0,0.001925491,1.0327868,0.68646497,0.954016,727152456,16.589296,16.664873
439810,2022/9/9,600028.SHA,5.5728,13319118848.0,0.36,-7.432,7.12796,538767000000.0,0.001925491,1.0520093,0.800327,0.9561045,604769485,16.664873,16.816029
439811,2022/9/13,600028.SHA,5.5728,13319118848.0,0.36,-7.432,7.0959244,536345000000.0,0.001925491,1.0399061,0.7847222,0.9601797,741477920,16.929396,16.740452
439812,2022/9/14,600028.SHA,5.5728,13319118848.0,0.36,-7.432,7.0158353,530292000000.0,0.001925491,1.0092165,0.67081887,0.9577292,621976581,16.627085,16.551508
439813,2022/9/15,600028.SHA,5.5728,13319118848.0,0.36,-7.432,7.047871,532713000000.0,0.001925491,0.99773246,0.77380466,0.9536167,662987392,16.627085,16.627085
439814,2022/9/16,600028.SHA,5.5728,13319118848.0,0.36,-7.432,6.887692,520606000000.0,0.001925491,0.97505677,0.77425945,0.9597795,800303660,16.551508,16.249197
439815,2022/9/19,600028.SHA,5.5728,13319118848.0,0.36,-7.432,6.6954775,506078000000.0,0.001925491,0.98447764,0.846468,0.9598205,633515264,16.327696,16.406195
439816,2022/9/20,600028.SHA,5.5728,13319118848.0,0.36,-7.432,6.759549,510921000000.0,0.001925491,0.98496455,0.8242251,0.95902973,497943065,16.602442,16.563192
439817,2022/9/21,600028.SHA,5.5728,13319118848.0,0.36,-7.432,6.8076024,514553000000.0,0.001925491,0.99644506,0.86837816,0.95762885,464430041,16.523943,16.68094
439818,2022/9/22,600028.SHA,5.5728,13319118848.0,0.36,-7.432,7.031853,531503000000.0,0.001925491,1.0410186,0.939678,0.9633252,1049889058,16.759438,17.230429
439819,2022/9/23,600028.SHA,5.5728,13319118848.0,0.36,-7.432,7.159996,541188000000.0,0.001925491,1.0551714,0.9517213,0.97168463,1141258537,17.269678,17.544424
439820,2022/9/26,600028.SHA,5.5728,13319118848.0,0.36,-7.432,6.839638,516974000000.0,0.001925491,1.0314009,0.9134243,0.975173,1102354731,17.269678,16.759438
439821,2022/9/27,600028.SHA,5.5728,13319118848.0,0.36,-7.432,6.855656,518185000000.0,0.001925491,1.0239234,0.7999593,0.9747711,675315020,16.759438,16.798687
439822,2022/9/28,600028.SHA,5.5728,13319118848.0,0.36,-7.432,6.8076024,514553000000.0,0.001925491,1.007109,0.885476,0.9745935,391642268,16.837936,16.68094
439823,2022/9/29,600028.SHA,5.5728,13319118848.0,0.36,-7.432,6.8236203,515763000000.0,0.001925491,1.0023528,0.86539245,0.9751982,481151629,16.877186,16.720188
439824,2022/9/30,600028.SHA,5.5728,13319118848.0,0.36,-7.432,6.871674,519395000000.0,0.001925491,0.97722095,0.7917429,0.97113234,399488114,16.759438,16.837936
439825,2022/10/10,600028.SHA,5.5728,13319118848.0,0.36,-7.432,6.9517636,525449000000.0,0.001925491,0.9709172,0.75533426,0.96730965,767772788,17.073433,17.034184
439826,2022/10/11,600028.SHA,5.5728,13319118848.0,0.36,-7.432,6.919728,523028000000.0,0.001925491,1.0117097,0.83448416,0.9577922,520740998,16.994934,16.955685
439827,2022/10/12,600028.SHA,5.5728,13319118848.0,0.36,-7.432,6.9517636,525449000000.0,0.001925491,1.0140188,0.85146105,0.9525451,454562809,16.916435,17.034184
439828,2022/10/13,600028.SHA,5.5728,13319118848.0,0.36,-7.432,6.855656,518185000000.0,0.001925491,1.0070587,0.5056795,0.9558078,626851503,17.034184,16.798687
439829,2022/10/14,600028.SHA,5.5728,13319118848.0,0.36,-7.432,6.9357457,524238000000.0,0.001925491,1.016432,0.3159068,0.9489672,477434942,16.916435,16.994934
439830,2022/10/17,600028.SHA,5.5728,13319118848.0,0.36,-7.432,6.8685856,519162000000.0,0.001925491,1.0,0.104660586,0.94672877,492528099,16.916435,16.837936
439831,2022/10/18,600028.SHA,5.5728,13319118848.0,0.36,-7.432,6.8685856,519162000000.0,0.001925491,0.9884792,0.040105328,0.93460214,349401937,16.877186,16.837936
439832,2022/10/19,600028.SHA,5.5728,13319118848.0,0.36,-7.432,6.820554,515532000000.0,0.001925491,0.98611104,0.058287796,0.92797893,438409939,16.798687,16.720188
439833,2022/10/20,600028.SHA,5.5728,13319118848.0,0.36,-7.432,6.8365645,516742000000.0,0.001925491,0.9838709,0.13311754,0.9223615,339313013,16.68094,16.759438
439834,2022/10/21,600028.SHA,5.5728,13319118848.0,0.36,-7.432,6.9486394,525213000000.0,0.001925491,1.0140188,0.4054983,0.9256265,657644588,16.759438,17.034184
439835,2022/10/24,600028.SHA,5.5728,13319118848.0,0.36,-7.432,6.9326286,524003000000.0,0.001925491,1.0,0.60135406,0.9397736,859676918,17.073433,16.994934
439836,2022/10/25,600028.SHA,5.5728,13319118848.0,0.36,-7.432,6.852575,517952000000.0,0.001925491,0.997669,0.73453295,0.93837136,494980257,16.994934,16.798687
439837,2022/10/26,600028.SHA,5.5728,13319118848.0,0.36,-7.432,6.7725215,511901000000.0,0.001925491,0.98601407,0.46492824,0.9432438,579432979,16.798687,16.602442
439838,2022/10/27,600028.SHA,5.5728,13319118848.0,0.36,-7.432,6.852575,517952000000.0,0.001925491,1.0046948,0.578857,0.94224554,497869559,16.641691,16.798687
439839,2022/10/28,600028.SHA,5.5728,13319118848.0,0.36,-7.432,6.852575,517952000000.0,0.001925491,1.002342,0.7928946,0.9469116,562692343,16.837936,16.798687
439840,2022/10/31,600028.SHA,7.281,-57101791232.0,0.468,-37.2521,7.2457685,492538000000.0,0.002110511,0.937788,0.25969306,0.95638126,1305231870,16.484694,15.974453
439841,2022/11/1,600028.SHA,7.281,-57101791232.0,0.468,-37.2521,7.31698,497379000000.0,0.002110511,0.9491917,0.12661551,0.952775,675484869,15.935204,16.13145
439842,2022/11/2,600028.SHA,7.281,-57101791232.0,0.468,-37.2521,7.3347826,498589000000.0,0.002110511,0.9626169,0.12858297,0.9475595,449753878,16.13145,16.1707
439843,2022/11/3,600028.SHA,7.281,-57101791232.0,0.468,-37.2521,7.4772058,508271000000.0,0.002110511,0.99290776,0.33182094,0.9497984,715178516,16.092201,16.484694
439844,2022/11/4,600028.SHA,7.281,-57101791232.0,0.468,-37.2521,7.5306144,511901000000.0,0.002110511,0.98831785,0.15517937,0.9482272,432750990,16.484694,16.602442
439845,2022/11/7,600028.SHA,7.281,-57101791232.0,0.468,-37.2521,7.6018257,516742000000.0,0.002110511,0.99766356,0.06384693,0.9418394,387554194,16.641691,16.759438
439846,2022/11/8,600028.SHA,7.281,-57101791232.0,0.468,-37.2521,7.619629,517952000000.0,0.002110511,1.051597,0.42540768,0.91448694,246798423,16.759438,16.798687
439847,2022/11/9,600028.SHA,7.281,-57101791232.0,0.468,-37.2521,7.619629,517952000000.0,0.002110511,1.0413624,0.5840209,0.89897364,275760303,16.720188,16.798687
439848,2022/11/10,600028.SHA,7.281,-57101791232.0,0.468,-37.2521,7.5662203,514321000000.0,0.002110511,1.0315534,0.65426385,0.9002414,371763637,16.720188,16.68094
439849,2022/11/11,600028.SHA,7.281,-57101791232.0,0.468,-37.2521,7.6374316,519162000000.0,0.002110511,1.0214286,0.5117635,0.87733763,525520086,16.837936,16.837936
439850,2022/11/14,600028.SHA,7.281,-57101791232.0,0.468,-37.2521,7.6374316,519162000000.0,0.002110511,1.0141844,0.6004828,0.8777398,414612362,16.916435,16.837936
439851,2022/11/15,600028.SHA,7.281,-57101791232.0,0.468,-37.2521,7.619629,517952000000.0,0.002110511,1.002342,0.39091092,0.87535185,366055228,16.759438,16.798687
439852,2022/11/16,600028.SHA,7.281,-57101791232.0,0.468,-37.2521,7.6552343,520372000000.0,0.002110511,1.0046729,0.4044842,0.8824357,401230286,16.759438,16.877186
439853,2022/11/17,600028.SHA,7.281,-57101791232.0,0.468,-37.2521,7.6730375,521582000000.0,0.002110511,1.0070094,0.38944724,0.87861735,314013963,16.837936,16.916435
439854,2022/11/18,600028.SHA,7.281,-57101791232.0,0.468,-37.2521,7.5662203,514321000000.0,0.002110511,1.0,0.35648242,0.87542695,390371225,16.877186,16.68094
439855,2022/11/21,600028.SHA,7.281,-57101791232.0,0.468,-37.2521,7.548417,513111000000.0,0.002110511,0.988345,0.27862597,0.8730669,326596852,16.641691,16.641691
439856,2022/11/22,600028.SHA,7.281,-57101791232.0,0.468,-37.2521,7.6908402,522793000000.0,0.002110511,1.006993,0.59867495,0.8962056,697936182,16.68094,16.955685
439857,2022/11/23,600028.SHA,7.281,-57101791232.0,0.468,-37.2521,7.8332634,532474000000.0,0.002110511,1.0280374,0.8806704,0.92779785,929989412,16.994934,17.269678
439858,2022/11/24,600028.SHA,7.281,-57101791232.0,0.468,-37.2521,7.7976575,530054000000.0,0.002110511,1.0186048,0.82477945,0.93465626,480199462,17.191181,17.191181
439859,2022/11/25,600028.SHA,7.281,-57101791232.0,0.468,-37.2521,7.9934893,543365000000.0,0.002110511,1.0417634,0.9160152,0.9587505,1330040166,17.269678,17.622923
439860,2022/11/28,600028.SHA,7.281,-57101791232.0,0.468,-37.2521,7.9222775,538525000000.0,0.002110511,1.0470588,0.9177177,0.96757406,710249067,17.465925,17.465925
439861,2022/11/29,600028.SHA,7.281,-57101791232.0,0.468,-37.2521,7.9934893,543365000000.0,0.002110511,1.0589622,0.9027611,0.97,620525786,17.465925,17.622923
439862,2022/11/30,600028.SHA,7.281,-57101791232.0,0.468,-37.2521,8.0647,548206000000.0,0.002110511,1.048611,0.86517304,0.9689938,609182124,17.544424,17.779919
439863,2022/12/1,600028.SHA,7.281,-57101791232.0,0.468,-37.2521,8.029095,545786000000.0,0.002110511,1.025,0.6780356,0.9596,543010457,17.858418,17.70142
439864,2022/12/2,600028.SHA,7.281,-57101791232.0,0.468,-37.2521,8.0112915,544576000000.0,0.002110511,1.0273973,0.6737347,0.95660865,414783403,17.779919,17.662172
439865,2022/12/5,600028.SHA,7.281,-57101791232.0,0.468,-37.2521,8.224926,559098000000.0,0.002110511,1.0289532,0.47018808,0.94358873,844697773,17.74067,18.133163
439866,2022/12/6,600028.SHA,7.281,-57101791232.0,0.468,-37.2521,8.278335,562728000000.0,0.002110511,1.0449438,0.65083015,0.9386,731860639,18.093914,18.25091
439867,2022/12/7,600028.SHA,7.281,-57101791232.0,0.468,-37.2521,8.171517,555467000000.0,0.002110511,1.0222716,0.622,0.9360256,532242636,18.21166,18.015415
439868,2022/12/8,600028.SHA,7.281,-57101791232.0,0.468,-37.2521,8.0647,548206000000.0,0.002110511,1.0,0.41793284,0.93605113,565975358,18.015415,17.779919
439869,2022/12/9,600028.SHA,7.281,-57101791232.0,0.468,-37.2521,8.029095,545786000000.0,0.002110511,1.0,0.51459414,0.9356515,516452724,17.779919,17.70142
439870,2022/12/12,600028.SHA,7.281,-57101791232.0,0.468,-37.2521,7.975686,542155000000.0,0.002110511,0.9955555,0.5879768,0.93710065,443418188,17.779919,17.583673
439871,2022/12/13,600028.SHA,7.281,-57101791232.0,0.468,-37.2521,7.975686,542155000000.0,0.002110511,0.96969694,0.44528753,0.9297265,448218075,17.622923,17.583673
439872,2022/12/14,600028.SHA,7.281,-57101791232.0,0.468,-37.2521,7.9400806,539735000000.0,0.002110511,0.9591398,0.2909345,0.9169661,344157403,17.622923,17.505175
439873,2022/12/15,600028.SHA,7.281,-57101791232.0,0.468,-37.2521,7.868869,534894000000.0,0.002110511,0.9629629,0.21556886,0.9098524,323871475,17.505175,17.348177
439874,2022/12/16,600028.SHA,7.281,-57101791232.0,0.468,-37.2521,7.9222775,538525000000.0,0.002110511,0.98234,0.58404785,0.90077704,321389128,17.269678,17.465925
439875,2022/12/19,600028.SHA,7.281,-57101791232.0,0.468,-37.2521,7.744249,526423000000.0,0.002110511,0.9645234,0.63030905,0.9047429,500326085,17.387426,17.073433
439876,2022/12/20,600028.SHA,7.281,-57101791232.0,0.468,-37.2521,7.726446,525213000000.0,0.002110511,0.96875,0.6460741,0.9085475,353201437,17.073433,17.034184
439877,2022/12/21,600028.SHA,7.281,-57101791232.0,0.468,-37.2521,7.7620516,527633000000.0,0.002110511,0.97321427,0.7711408,0.91566986,389706122,17.073433,17.112682
439878,2022/12/22,600028.SHA,7.281,-57101791232.0,0.468,-37.2521,7.7620516,527633000000.0,0.002110511,0.9775785,0.8546685,0.92182213,353281764,17.230429,17.112682
439879,2022/12/23,600028.SHA,7.281,-57101791232.0,0.468,-37.2521,7.726446,525213000000.0,0.002110511,0.9819005,0.88186157,0.92289346,241103410,17.073433,17.034184
439976,2022/1/10,600031.SHA,20.8156,-9336244224.0,1.4918,-45.0326,13.579036,211126000000.0,0.000869349,1.0743302,0.88482124,0.99764556,3971702236,1242.1781,1225.4185
439977,2022/1/11,600031.SHA,20.8156,-9336244224.0,1.4918,-45.0326,13.393321,208238000000.0,0.000869349,1.0754386,0.9068921,0.9978596,3482311704,1229.8549,1208.6589
439978,2022/1/12,600031.SHA,20.8156,-9336244224.0,1.4918,-45.0326,13.376934,207983000000.0,0.000869349,1.0741228,0.92422944,0.99828804,2630163625,1208.6589,1207.1802
439979,2022/1/13,600031.SHA,20.8156,-9336244224.0,1.4918,-45.0326,13.065589,203143000000.0,0.000869349,1.0363951,0.80269635,0.99893045,2539661201,1203.7297,1179.0833
439980,2022/1/14,600031.SHA,20.8156,-9336244224.0,1.4918,-45.0326,12.77063,198557000000.0,0.000869349,0.9802935,0.5010697,0.9982891,2239823074,1177.1116,1152.4652
439981,2022/1/17,600031.SHA,20.8156,-9336244224.0,1.4918,-45.0326,12.792479,198896000000.0,0.000869349,0.9439742,0.085579805,0.9965768,1776111387,1149.0146,1154.4369
439982,2022/1/18,600031.SHA,20.8156,-9336244224.0,1.4918,-45.0326,12.858025,199916000000.0,0.000869349,0.9469027,0.15226689,0.994657,2772653184,1146.55,1160.352
439983,2022/1/19,600031.SHA,20.8156,-9336244224.0,1.4918,-45.0326,13.300464,206795000000.0,0.000869349,0.9930669,0.5042753,0.9963675,4778344562,1171.6893,1200.2792
439984,2022/1/20,600031.SHA,20.8156,-9336244224.0,1.4918,-45.0326,13.245841,205945000000.0,0.000869349,0.99020016,0.72115386,0.9965819,3082871575,1200.2792,1195.35
439985,2022/1/21,600031.SHA,20.8156,-9336244224.0,1.4918,-45.0326,12.661386,196858000000.0,0.000869349,0.96906364,0.60371715,0.9965826,3725834181,1185.4913,1142.6067
439986,2022/1/24,600031.SHA,20.8156,-9336244224.0,1.4918,-45.0326,12.426511,193206000000.0,0.000869349,0.9730539,0.59814185,0.99658483,2315292657,1131.2693,1121.4108
439987,2022/1/25,600031.SHA,20.8156,-9336244224.0,1.4918,-45.0326,11.913064,185223000000.0,0.000869349,0.9312554,0.6613282,0.99722576,2996578254,1114.0168,1075.0756
439988,2022/1/26,600031.SHA,20.8156,-9336244224.0,1.4918,-45.0326,12.000459,186582000000.0,0.000869349,0.933305,0.5519744,0.9974386,1826341315,1075.0756,1082.9624
439989,2022/1/27,600031.SHA,20.8156,-9336244224.0,1.4918,-45.0326,11.323146,176051000000.0,0.000869349,0.85133475,0.1853669,0.9970143,3276370416,1074.5826,1021.83936
439990,2022/1/28,600031.SHA,20.8156,-9336244224.0,1.4918,-45.0326,11.000876,171041000000.0,0.000869349,0.83051544,0.055425283,0.9970162,2521737954,1024.7969,992.7566
439991,2022/2/7,600031.SHA,20.8156,-9336244224.0,1.4918,-45.0326,11.3286085,176136000000.0,0.000869349,0.8947368,0.13523018,0.99616534,1666331258,1012.4737,1022.3323
439992,2022/2/8,600031.SHA,20.8156,-9336244224.0,1.4918,-45.0326,11.607181,180467000000.0,0.000869349,0.9340659,0.23950565,0.9957402,2023941007,1030.712,1047.4716
439993,2022/2/9,600031.SHA,20.8156,-9336244224.0,1.4918,-45.0326,11.574408,179958000000.0,0.000869349,0.9715727,0.16056219,0.99404,1605621652,1047.4716,1044.514
439994,2022/2/10,600031.SHA,20.8156,-9336244224.0,1.4918,-45.0326,11.585332,180128000000.0,0.000869349,0.9654074,0.17617022,0.9929832,1296807021,1045.4999,1045.4999
439995,2022/2/11,600031.SHA,20.8156,-9336244224.0,1.4918,-45.0326,11.372306,176816000000.0,0.000869349,1.0043415,0.30342335,0.9893753,1676965866,1045.007,1026.2756
439996,2022/2/14,600031.SHA,20.8156,-9336244224.0,1.4918,-45.0326,11.175667,173758000000.0,0.000869349,1.0158888,0.49267048,0.9870406,1517774872,1018.38885,1008.5303
439997,2022/2/15,600031.SHA,20.8156,-9336244224.0,1.4918,-45.0326,11.33407,176221000000.0,0.000869349,1.0004822,0.46452847,0.9859813,1190802513,1005.5727,1022.8252
439998,2022/2/16,600031.SHA,20.8156,-9336244224.0,1.4918,-45.0326,11.372306,176816000000.0,0.000869349,0.9797647,0.24410452,0.98279524,1047139286,1031.205,1026.2756
439999,2022/2/17,600031.SHA,20.8156,-9336244224.0,1.4918,-45.0326,11.33407,176221000000.0,0.000869349,0.9792355,0.42693287,0.9804671,1024835584,1027.2615,1022.8252
440000,2022/2/18,600031.SHA,20.8156,-9336244224.0,1.4918,-45.0326,11.410542,177410000000.0,0.000869349,0.9849128,0.368287,0.98025894,1220990090,1012.9666,1029.7262
440001,2022/2/21,600031.SHA,20.8156,-9336244224.0,1.4918,-45.0326,11.350457,176476000000.0,0.000869349,0.9980788,0.2104034,0.9785563,1149466953,1027.7545,1024.304
440002,2022/2/22,600031.SHA,20.8156,-9336244224.0,1.4918,-45.0326,11.1319685,173079000000.0,0.000869349,0.99608994,0.28902102,0.9794055,1478314804,1014.44543,1004.58685
440003,2022/2/23,600031.SHA,20.8156,-9336244224.0,1.4918,-45.0326,11.33407,176221000000.0,0.000869349,1.0,0.23651804,0.9796308,1562969807,1004.58685,1022.8252
440004,2022/2/24,600031.SHA,20.8156,-9336244224.0,1.4918,-45.0326,11.028187,171465000000.0,0.000869349,0.9697407,0.29550275,0.9809079,1912899073,1019.8676,995.22125
440005,2022/2/25,600031.SHA,20.8156,-9336244224.0,1.4918,-45.0326,11.017262,171295000000.0,0.000869349,0.97204816,0.19728468,0.98282444,1677422619,1001.13635,994.23535
440006,2022/2/28,600031.SHA,20.8156,-9336244224.0,1.4918,-45.0326,10.711379,166540000000.0,0.000869349,0.93872666,0.090986215,0.9870653,2916792912,993.2495,966.6314
440007,2022/3/1,600031.SHA,20.8156,-9336244224.0,1.4918,-45.0326,10.782388,167644000000.0,0.000869349,0.9499519,0.14331143,0.98686165,1644869337,966.1385,973.0395
440008,2022/3/2,600031.SHA,20.8156,-9336244224.0,1.4918,-45.0326,10.651295,165605000000.0,0.000869349,0.9568204,0.09559135,0.9881356,1466279695,966.1385,961.2092
440009,2022/3/3,600031.SHA,20.8156,-9336244224.0,1.4918,-45.0326,10.61306,165011000000.0,0.000869349,0.9363856,0.1154661,0.9883475,1395424358,963.1809,957.7587
440010,2022/3/4,600031.SHA,20.8156,-9336244224.0,1.4918,-45.0326,10.33995,160765000000.0,0.000869349,0.9375928,0.083033256,0.98962086,2257560921,951.35065,933.1123
440011,2022/3/7,600031.SHA,20.8156,-9336244224.0,1.4918,-45.0326,9.91936,154225000000.0,0.000869349,0.90034705,0.07076271,0.99131906,2506053936,922.76086,895.15686
440012,2022/3/8,600031.SHA,20.8156,-9336244224.0,1.4918,-45.0326,9.64625,149979000000.0,0.000869349,0.900561,0.16716102,0.98961866,2417624307,892.19934,870.5105
440013,2022/3/9,600031.SHA,20.8156,-9336244224.0,1.4918,-45.0326,9.329442,145053000000.0,0.000869349,0.8652482,0.10958033,0.99152184,2666748151,872.4822,841.92065
440014,2022/3/10,600031.SHA,20.8156,-9336244224.0,1.4918,-45.0326,9.411375,146327000000.0,0.000869349,0.8835897,0.11315957,0.99109983,1825291952,861.6378,849.3146
440015,2022/3/11,600031.SHA,20.8156,-9336244224.0,1.4918,-45.0326,9.760956,151763000000.0,0.000869349,0.91971177,0.25699154,0.99173903,2493980573,832.55505,880.862
440016,2022/3/14,600031.SHA,20.8156,-9336244224.0,1.4918,-45.0326,9.515157,147941000000.0,0.000869349,0.9202325,0.40177816,0.991113,1465320055,865.58124,858.68024
440017,2022/3/15,600031.SHA,20.8156,-9336244224.0,1.4918,-45.0326,9.012634,140128000000.0,0.000869349,0.9085903,0.62407446,0.9887902,1810959421,853.258,813.3309
440018,2022/3/16,600031.SHA,20.8156,-9336244224.0,1.4918,-45.0326,9.378602,145818000000.0,0.000869349,0.9722537,0.66941625,0.9875238,2108184331,835.51263,846.35706
440019,2022/3/17,600031.SHA,20.8156,-9336244224.0,1.4918,-45.0326,9.679023,150489000000.0,0.000869349,1.0374708,0.8158173,0.9875264,2851087337,860.6519,873.4681
440020,2022/3/18,600031.SHA,20.8156,-9336244224.0,1.4918,-45.0326,9.804654,152442000000.0,0.000869349,1.0417876,0.85789806,0.98710907,2238830957,867.5529,884.8054
440021,2022/3/21,600031.SHA,20.8156,-9336244224.0,1.4918,-45.0326,9.706334,150913000000.0,0.000869349,0.99440396,0.58525246,0.98627245,1386761003,887.27,875.9327
440022,2022/3/22,600031.SHA,20.8156,-9336244224.0,1.4918,-45.0326,9.679023,150489000000.0,0.000869349,1.0172216,0.5565878,0.985862,927318803,869.03174,873.4681
440023,2022/3/23,600031.SHA,20.8156,-9336244224.0,1.4918,-45.0326,9.629863,149724000000.0,0.000869349,1.0684849,0.48586497,0.98333687,952620394,870.5105,869.03174
440024,2022/3/24,600031.SHA,20.8156,-9336244224.0,1.4918,-45.0326,9.537005,148281000000.0,0.000869349,1.0168899,0.42181894,0.9814385,1016804503,862.13074,860.6519
440025,2022/3/25,600031.SHA,20.8156,-9336244224.0,1.4918,-45.0326,9.340366,145223000000.0,0.000869349,0.9650113,0.20447351,0.97806835,1020272436,860.6519,842.90656
440026,2022/3/28,600031.SHA,20.8156,-9336244224.0,1.4918,-45.0326,9.416838,146412000000.0,0.000869349,0.9604457,0.2597512,0.97027826,1012386579,837.97723,849.80756
440027,2022/3/29,600031.SHA,20.8156,-9336244224.0,1.4918,-45.0326,9.132803,141996000000.0,0.000869349,0.9409117,0.28035414,0.96883553,1122105368,849.3146,824.1753
440028,2022/3/30,600031.SHA,20.8156,-9336244224.0,1.4918,-45.0326,9.629863,149724000000.0,0.000869349,0.994921,0.6112866,0.98063564,2275268834,832.06213,869.03174
440029,2022/3/31,600031.SHA,20.8156,-9336244224.0,1.4918,-45.0326,9.569779,148790000000.0,0.000869349,0.9937606,0.61588705,0.9827259,1488494665,862.62366,863.6095
440030,2022/4/1,600031.SHA,20.8156,-9336244224.0,1.4918,-45.0326,9.586165,149045000000.0,0.000869349,1.0051547,0.6224189,0.9829402,1198861913,856.7085,865.0883
440031,2022/4/6,600031.SHA,20.8156,-9336244224.0,1.4918,-45.0326,9.767221,151860000000.0,0.000869349,1.045614,0.7768647,0.9871498,2351823290,857.6944,881.3549
440032,2022/4/7,600031.SHA,20.8156,-9336244224.0,1.4918,-45.0326,9.647043,149991000000.0,0.000869349,1.024362,0.7817109,0.9892609,2303299933,872.4822,870.5105
440033,2022/4/8,600031.SHA,20.8156,-9336244224.0,1.4918,-45.0326,10.526529,163666000000.0,0.000869349,1.152512,0.9713624,0.99557894,6077491461,877.4115,949.8719
440034,2022/4/11,600031.SHA,20.8156,-9336244224.0,1.4918,-45.0326,10.171457,158145000000.0,0.000869349,1.0561543,0.9187197,0.99642104,3665803465,946.4214,917.83154
440035,2022/4/12,600031.SHA,20.8156,-9336244224.0,1.4918,-45.0326,10.25886,159504000000.0,0.000869349,1.0719178,0.9248737,0.9966337,2372954906,911.4235,925.7184
440036,2022/4/13,600031.SHA,20.8156,-9336244224.0,1.4918,-45.0326,9.920176,154238000000.0,0.000869349,1.0347577,0.8935857,0.99705637,2023800495,911.91644,895.15686
440037,2022/4/14,600031.SHA,20.8156,-9336244224.0,1.4918,-45.0326,10.242472,159249000000.0,0.000869349,1.0486577,0.9257936,0.9976886,2212302766,899.59326,924.2396
440038,2022/4/15,600031.SHA,20.8156,-9336244224.0,1.4918,-45.0326,10.067667,156531000000.0,0.000869349,1.0436014,0.911041,0.99705637,1346797560,911.91644,908.46594
440039,2022/4/18,600031.SHA,20.8156,-9336244224.0,1.4918,-45.0326,9.838236,152964000000.0,0.000869349,0.93461335,0.27961287,0.9945309,1275689722,900.0862,887.76294
440040,2022/4/19,600031.SHA,20.8156,-9336244224.0,1.4918,-45.0326,9.6579685,150161000000.0,0.000869349,0.94951665,0.16172451,0.99201345,1564214757,886.7771,871.49634
440041,2022/4/20,600031.SHA,20.8156,-9336244224.0,1.4918,-45.0326,9.494088,147613000000.0,0.000869349,0.9254526,0.18327028,0.9901261,1155904178,874.94684,856.7085
440042,2022/4/21,600031.SHA,20.8156,-9336244224.0,1.4918,-45.0326,9.1335535,142008000000.0,0.000869349,0.9207049,0.2597648,0.98929024,1693361944,853.258,824.1753
440043,2022/4/22,600031.SHA,20.8156,-9336244224.0,1.4918,-45.0326,9.199105,143027000000.0,0.000869349,0.89813334,0.24385633,0.9871929,1123402605,819.24603,830.0904
440044,2022/4/25,600031.SHA,20.0133,2492041728.0,1.4287,-121.3961,10.813031,130117000000.0,0.000878137,0.8312534,0.20071384,0.9901323,2134125891,788.6845,755.1654
440045,2022/4/26,600031.SHA,20.0133,2492041728.0,1.4287,-121.3961,10.311905,124087000000.0,0.000878137,0.81121606,0.31638655,0.99097586,1715983245,755.6583,720.16754
440046,2022/4/27,600031.SHA,20.0133,2492041728.0,1.4287,-121.3961,11.024775,132665000000.0,0.000878137,0.8834842,0.65595466,0.9916037,2318976826,724.6039,769.95325
440047,2022/4/28,600031.SHA,20.0133,2492041728.0,1.4287,-121.3961,11.137705,134024000000.0,0.000878137,0.9079402,0.75646687,0.9907524,1554462964,769.95325,777.8401
440048,2022/4/29,600031.SHA,2.4659,-2306920960.0,0.1885,398.0282,17.333012,140139000000.0,0.000890907,0.9868421,0.7836559,0.99054223,2401381890,765.51685,813.3309
440049,2022/5/5,600031.SHA,2.4659,-2306920960.0,0.1885,398.0282,17.43806,140989000000.0,0.000890907,0.98574823,0.6820404,0.9912877,1518893692,813.3309,818.26013
440050,2022/5/6,600031.SHA,2.4659,-2306920960.0,0.1885,398.0282,17.028372,137676000000.0,0.000890907,1.0580939,0.68818563,0.9900865,1104295457,801.0077,799.03595
440051,2022/5/9,600031.SHA,2.4659,-2306920960.0,0.1885,398.0282,16.74474,135383000000.0,0.000890907,1.0910336,0.5862869,0.98945147,1009167399,799.5289,785.7269
440052,2022/5/10,600031.SHA,2.4659,-2306920960.0,0.1885,398.0282,17.017866,137591000000.0,0.000890907,1.0371318,0.3331225,0.9867229,1180196619,771.9249,798.543
440053,2022/5/11,600031.SHA,2.4659,-2306920960.0,0.1885,398.0282,17.017866,137591000000.0,0.000890907,1.026616,0.15911485,0.98652345,1423861280,794.5996,798.543
440054,2022/5/12,600031.SHA,2.4659,-2306920960.0,0.1885,398.0282,16.713224,135128000000.0,0.000890907,0.9642424,0.06339511,0.983572,1294993658,789.67035,784.2481
440055,2022/5/13,600031.SHA,2.4659,-2306920960.0,0.1885,398.0282,16.80777,135893000000.0,0.000890907,0.9638555,0.053894736,0.9861082,1961921748,793.12085,788.6845
440056,2022/5/16,600031.SHA,2.4659,-2306920960.0,0.1885,398.0282,17.059885,137931000000.0,0.000890907,1.0018507,0.11010526,0.98905265,2443828082,811.35913,800.5148
440057,2022/5/17,600031.SHA,2.4659,-2306920960.0,0.1885,398.0282,17.154428,138695000000.0,0.000890907,1.0244668,0.4830562,0.98884445,1386054319,798.543,804.9511
440058,2022/5/18,600031.SHA,2.4659,-2306920960.0,0.1885,398.0282,16.912817,136742000000.0,0.000890907,0.99382716,0.23562856,0.9890503,1172362689,806.4299,793.6138
440059,2022/5/19,600031.SHA,2.4659,-2306920960.0,0.1885,398.0282,16.713224,135128000000.0,0.000890907,0.98209876,0.1430377,0.99031377,1402897194,778.8259,784.2481
440060,2022/5/20,600031.SHA,2.4659,-2306920960.0,0.1885,398.0282,17.427555,140904000000.0,0.000890907,1.0427405,0.6398653,0.99242425,2714021644,786.71277,817.7672
440061,2022/5/23,600031.SHA,2.4659,-2306920960.0,0.1885,398.0282,17.227962,139290000000.0,0.000890907,1.025,0.42054304,0.9920017,1430016417,824.1753,808.4016
440062,2022/5/24,600031.SHA,2.4659,-2306920960.0,0.1885,398.0282,16.776255,135638000000.0,0.000890907,0.98337436,0.45494738,0.9873711,1369136667,808.89453,787.2057
440063,2022/5/25,600031.SHA,2.4659,-2306920960.0,0.1885,398.0282,17.080894,138101000000.0,0.000890907,0.9957134,0.37315944,0.9878049,1127819000,783.7552,801.5006
440064,2022/5/26,600031.SHA,2.4659,-2306920960.0,0.1885,398.0282,17.952799,145150000000.0,0.000890907,1.0614907,0.86743695,0.99264705,3426844559,806.9228,842.41364
440065,2022/5/27,600031.SHA,2.4659,-2306920960.0,0.1885,398.0282,17.837244,144216000000.0,0.000890907,1.0672534,0.89785624,0.99285865,1950656586,848.82166,836.9914
440066,2022/5/30,600031.SHA,2.4659,-2306920960.0,0.1885,398.0282,17.637653,142602000000.0,0.000890907,1.0120555,0.63664985,0.9916037,1460470993,842.90656,827.6258
440067,2022/5/31,600031.SHA,2.4659,-2306920960.0,0.1885,398.0282,17.80573,143961000000.0,0.000890907,1.0335366,0.79203355,0.9916195,1761777404,828.1187,835.51263
440068,2022/6/1,600031.SHA,2.4659,-2306920960.0,0.1885,398.0282,17.648157,142687000000.0,0.000890907,1.0519725,0.51969,0.9920419,1468898726,831.0763,828.1187
440069,2022/6/2,600031.SHA,2.4659,-2306920960.0,0.1885,398.0282,17.80573,143961000000.0,0.000890907,1.0424354,0.53486913,0.9926732,1200502639,831.5692,835.51263
440070,2022/6/6,600031.SHA,2.4659,-2306920960.0,0.1885,398.0282,18.257439,147613000000.0,0.000890907,1.016969,0.26347682,0.9887218,1997707091,835.51263,856.7085
440071,2022/6/7,600031.SHA,2.4659,-2306920960.0,0.1885,398.0282,18.394003,148717000000.0,0.000890907,1.0312132,0.4196242,0.98789144,2155085010,856.2156,863.1166
440072,2022/6/8,600031.SHA,2.4659,-2306920960.0,0.1885,398.0282,18.225924,147359000000.0,0.000890907,1.0333532,0.5308977,0.98663884,1373305691,862.62366,855.22974
440073,2022/6/9,600031.SHA,2.4659,-2306920960.0,0.1885,398.0282,18.288954,147868000000.0,0.000890907,1.0271386,0.7133013,0.985592,1571756645,856.2156,858.1873
440074,2022/6/10,600031.SHA,2.4659,-2306920960.0,0.1885,398.0282,17.658663,142772000000.0,0.000890907,1.027144,0.654151,0.98540145,1820249260,855.15125,850.59717
440075,2022/6/13,600031.SHA,2.4659,-2306920960.0,0.1885,398.0282,18.467537,149312000000.0,0.000890907,1.0646873,0.8510106,0.98896754,3377564995,839.465,889.5597
440076,2022/6/14,600031.SHA,2.4659,-2306920960.0,0.1885,398.0282,19.160856,154918000000.0,0.000890907,1.0773282,0.9068944,0.9897938,2679510049,882.9816,922.9562
440077,2022/6/15,600031.SHA,2.4659,-2306920960.0,0.1885,398.0282,19.223886,155427000000.0,0.000890907,1.0728471,0.9079742,0.9923029,4203826510,926.49817,925.9922
440078,2022/6/16,600031.SHA,2.4659,-2306920960.0,0.1885,398.0282,18.824701,152200000000.0,0.000890907,1.0602577,0.88236517,0.9937552,2239269095,925.9922,906.7639
440079,2022/6/17,600031.SHA,2.4659,-2306920960.0,0.1885,398.0282,18.898235,152794000000.0,0.000890907,1.060731,0.7695353,0.99395835,1947207032,896.1378,910.30597
440080,2022/6/20,600031.SHA,2.4659,-2306920960.0,0.1885,398.0282,19.518023,157805000000.0,0.000890907,1.1052946,0.9027489,0.9937526,2347533491,911.318,940.1604
440081,2022/6/21,600031.SHA,2.4659,-2306920960.0,0.1885,398.0282,19.518023,157805000000.0,0.000890907,1.0568829,0.81723565,0.9929255,1974959843,936.1123,940.1604
440082,2022/6/22,600031.SHA,2.4659,-2306920960.0,0.1885,398.0282,18.919245,152964000000.0,0.000890907,0.98739034,0.38245103,0.9918716,1432910929,943.1964,911.318
440083,2022/6/23,600031.SHA,2.4659,-2306920960.0,0.1885,398.0282,19.181866,155087000000.0,0.000890907,0.9978142,0.34736404,0.9862471,1143228697,911.318,923.96814
440084,2022/6/24,600031.SHA,2.4659,-2306920960.0,0.1885,398.0282,19.024294,153813000000.0,0.000890907,1.0106027,0.44838372,0.985619,1873009242,923.46216,916.37805
440085,2022/6/27,600031.SHA,2.4659,-2306920960.0,0.1885,398.0282,19.507517,157720000000.0,0.000890907,1.0322402,0.60245985,0.9864527,2394964069,912.836,939.65436
440086,2022/6/28,600031.SHA,2.4659,-2306920960.0,0.1885,398.0282,19.570545,158230000000.0,0.000890907,1.002691,0.27460384,0.98352796,1220662414,940.1604,942.6904
440087,2022/6/29,600031.SHA,2.4659,-2306920960.0,0.1885,398.0282,19.328934,156276000000.0,0.000890907,0.9903121,0.28729397,0.982906,1915227405,939.1484,931.05225
440088,2022/6/30,600031.SHA,2.4659,-2306920960.0,0.1885,398.0282,20.022255,161882000000.0,0.000890907,1.058301,0.7057965,0.98416007,2672997525,929.0282,964.44867
440089,2022/7/1,600031.SHA,2.4659,-2306920960.0,0.1885,398.0282,20.841633,168507000000.0,0.000890907,1.086528,0.88106644,0.9902165,4300565132,976.59283,1003.91724
440090,2022/7/4,600031.SHA,2.4659,-2306920960.0,0.1885,398.0282,20.83113,168422000000.0,0.000890907,1.0949751,0.91371405,0.99041265,2179073579,1020.6154,1003.4112
440091,2022/7/5,600031.SHA,2.4659,-2306920960.0,0.1885,398.0282,20.37942,164770000000.0,0.000890907,1.0446957,0.83958334,0.990625,2355856792,1003.91724,981.6529
440092,2022/7/6,600031.SHA,2.4659,-2306920960.0,0.1885,398.0282,19.62307,158655000000.0,0.000890907,1.0026839,0.7598917,0.9918818,2409939326,977.0989,945.22046
440093,2022/7/7,600031.SHA,2.4659,-2306920960.0,0.1885,398.0282,19.875187,160693000000.0,0.000890907,1.028261,0.75806785,0.9912591,1417524927,946.73846,957.3646
440094,2022/7/8,600031.SHA,2.4659,-2306920960.0,0.1885,398.0282,19.96973,161457000000.0,0.000890907,0.9973767,0.5997919,0.9904306,1406605131,956.8586,961.91864
440095,2022/7/11,600031.SHA,2.4659,-2306920960.0,0.1885,398.0282,19.801653,160098000000.0,0.000890907,0.9501008,0.21560875,0.9860562,1191460682,961.91864,953.8226
440096,2022/7/12,600031.SHA,2.4659,-2306920960.0,0.1885,398.0282,19.812157,160183000000.0,0.000890907,0.9510842,0.40703726,0.98397833,1088237595,947.24445,954.32855
440097,2022/7/13,600031.SHA,2.4659,-2306920960.0,0.1885,398.0282,20.295382,164090000000.0,0.000890907,0.9958763,0.63309056,0.9831531,2034033170,963.9427,977.60486
440098,2022/7/14,600031.SHA,2.4659,-2306920960.0,0.1885,398.0282,19.88569,160778000000.0,0.000890907,1.0133833,0.66687447,0.9808891,1499962604,965.96674,957.8706
440099,2022/7/15,600031.SHA,2.4659,-2306920960.0,0.1885,398.0282,18.551575,149991000000.0,0.000890907,0.9334038,0.17549326,0.98505604,3337316531,940.1604,893.6078
440100,2022/7/18,600031.SHA,2.4659,-2306920960.0,0.1885,398.0282,19.696604,159249000000.0,0.000890907,0.98632306,0.44958505,0.98776186,2264774592,897.6558,948.7625
440101,2022/7/19,600031.SHA,2.4659,-2306920960.0,0.1885,398.0282,19.31843,156192000000.0,0.000890907,0.97559685,0.20684648,0.9892161,1324947877,955.3406,930.54626
440102,2022/7/20,600031.SHA,2.4659,-2306920960.0,0.1885,398.0282,19.129341,154663000000.0,0.000890907,0.9655355,0.07693903,0.9898425,937415433,931.5583,921.4381
440103,2022/7/21,600031.SHA,2.4659,-2306920960.0,0.1885,398.0282,18.824701,152200000000.0,0.000890907,0.92753625,0.0327529,0.9869403,1000626741,921.4381,906.7639
440104,2022/7/22,600031.SHA,2.4659,-2306920960.0,0.1885,398.0282,18.814196,152115000000.0,0.000890907,0.9461173,0.06902985,0.98632693,986287545,905.7519,906.25793
440105,2022/7/25,600031.SHA,2.4659,-2306920960.0,0.1885,398.0282,18.730158,151435000000.0,0.000890907,1.0096263,0.3532462,0.97760266,884319107,910.812,902.2099
440106,2022/7/26,600031.SHA,2.4659,-2306920960.0,0.1885,398.0282,19.013788,153728000000.0,0.000890907,0.96533334,0.12870467,0.97139895,806320035,902.2099,915.8721
440107,2022/7/27,600031.SHA,2.4659,-2306920960.0,0.1885,398.0282,18.730158,151435000000.0,0.000890907,0.9695487,0.14279793,0.96559584,778355821,915.366,902.2099
440108,2022/7/28,600031.SHA,2.4659,-2306920960.0,0.1885,398.0282,18.6041,150416000000.0,0.000890907,0.9725426,0.17202072,0.9660104,1064950123,905.2459,896.1378
440109,2022/7/29,600031.SHA,2.4659,-2306920960.0,0.1885,398.0282,17.900274,144726000000.0,0.000890907,0.95089287,0.09390547,0.97638285,2264281982,899.1738,862.23535
440110,2022/8/1,600031.SHA,2.4659,-2306920960.0,0.1885,398.0282,17.910778,144811000000.0,0.000890907,0.9519821,0.07227169,0.97702813,1009368212,860.2113,862.74133
440111,2022/8/2,600031.SHA,2.4659,-2306920960.0,0.1885,398.0282,17.238468,139375000000.0,0.000890907,0.9203589,0.098469175,0.9801448,1547027926,855.15125,830.35693
440112,2022/8/3,600031.SHA,2.4659,-2306920960.0,0.1885,398.0282,16.933826,136912000000.0,0.000890907,0.8906077,0.060794044,0.98056644,1115185401,833.899,815.68274
440113,2022/8/4,600031.SHA,2.4659,-2306920960.0,0.1885,398.0282,17.133419,138525000000.0,0.000890907,0.9147504,0.09117221,0.9797437,772020874,822.2608,825.2969
440114,2022/8/5,600031.SHA,2.4659,-2306920960.0,0.1885,398.0282,17.333012,140139000000.0,0.000890907,0.93167704,0.14657846,0.97913224,789275019,826.3089,834.911
440115,2022/8/8,600031.SHA,2.4659,-2306920960.0,0.1885,398.0282,17.43806,140989000000.0,0.000890907,0.97417843,0.35302624,0.96674925,664389805,832.381,839.97107
440116,2022/8/9,600031.SHA,2.4659,-2306920960.0,0.1885,398.0282,17.290993,139799000000.0,0.000890907,0.9653959,0.25960347,0.9626342,500953937,840.9831,832.88696
440117,2022/8/10,600031.SHA,2.4659,-2306920960.0,0.1885,398.0282,16.965342,137167000000.0,0.000890907,0.984156,0.12412226,0.95786864,1009149252,830.35693,817.20074
440118,2022/8/11,600031.SHA,2.4659,-2306920960.0,0.1885,398.0282,17.595633,142263000000.0,0.000890907,1.0390819,0.35971075,0.9621979,1424491313,818.21277,847.56116
440119,2022/8/12,600031.SHA,2.4659,-2306920960.0,0.1885,398.0282,17.648157,142687000000.0,0.000890907,1.0300429,0.4355638,0.9620384,871978962,845.0311,850.0912
440120,2022/8/15,600031.SHA,2.4659,-2306920960.0,0.1885,398.0282,17.490585,141413000000.0,0.000890907,1.0090909,0.3336086,0.9612211,714349669,848.5732,842.5011
440121,2022/8/16,600031.SHA,2.4659,-2306920960.0,0.1885,398.0282,17.43806,140989000000.0,0.000890907,1.0,0.29070488,0.9579641,557537019,842.5011,839.97107
440122,2022/8/17,600031.SHA,2.4659,-2306920960.0,0.1885,398.0282,17.490585,141413000000.0,0.000890907,1.0115432,0.40169004,0.96085703,784191249,840.9831,842.5011
440123,2022/8/18,600031.SHA,2.4659,-2306920960.0,0.1885,398.0282,17.206953,139120000000.0,0.000890907,1.0142416,0.49577755,0.95511633,682988107,840.9831,828.8389
440124,2022/8/19,600031.SHA,2.4659,-2306920960.0,0.1885,398.0282,17.080894,138101000000.0,0.000890907,0.9707463,0.30677372,0.94052273,656620050,827.32086,822.76685
440125,2022/8/22,600031.SHA,2.4659,-2306920960.0,0.1885,398.0282,17.11241,138356000000.0,0.000890907,0.9696429,0.21202141,0.9322906,615334586,818.71875,824.28485
440126,2022/8/23,600031.SHA,2.4659,-2306920960.0,0.1885,398.0282,16.881304,136487000000.0,0.000890907,0.96516514,0.19592509,0.9409587,995648589,824.28485,813.1527
440127,2022/8/24,600031.SHA,2.4659,-2306920960.0,0.1885,398.0282,16.240507,131306000000.0,0.000890907,0.9313253,0.23472537,0.9601069,1858011166,813.1527,782.2863
440128,2022/8/25,600031.SHA,2.4659,-2306920960.0,0.1885,398.0282,16.387575,132495000000.0,0.000890907,0.9369369,0.3182566,0.9634497,1165884675,786.84033,789.37036
440129,2022/8/26,600031.SHA,2.4659,-2306920960.0,0.1885,398.0282,16.303535,131816000000.0,0.000890907,0.9474969,0.4285421,0.96470344,687907585,789.8764,785.3223
440130,2022/8/29,600031.SHA,2.4659,-2306920960.0,0.1885,398.0282,16.345554,132156000000.0,0.000890907,0.9569496,0.3602051,0.96944845,672709535,772.6722,787.3464
440131,2022/8/30,600031.SHA,2.4659,-2306920960.0,0.1885,398.0282,16.366566,132325000000.0,0.000890907,0.956415,0.40475702,0.9706847,652547957,787.3464,788.3584
440132,2022/8/31,600031.SHA,4.1655,2461404928.0,0.3124,-34.3089,29.119509,133769000000.0,0.000978398,0.98008716,0.71367085,0.96966594,988606655,781.7803,796.9605
440133,2022/9/1,600031.SHA,4.1655,2461404928.0,0.3124,-34.3089,29.304394,134619000000.0,0.000978398,1.0252264,0.85134304,0.9657787,1074310096,796.9605,802.02057
440134,2022/9/2,600031.SHA,4.1655,2461404928.0,0.3124,-34.3089,28.860668,132580000000.0,0.000978398,1.0006411,0.6519869,0.96375924,708412518,801.00854,789.8764
440135,2022/9/5,600031.SHA,4.1655,2461404928.0,0.3124,-34.3089,28.564852,131221000000.0,0.000978398,0.99548966,0.53910726,0.96602535,692020775,786.84033,781.7803
440136,2022/9/6,600031.SHA,4.1655,2461404928.0,0.3124,-34.3089,29.082531,133599000000.0,0.000978398,1.0109254,0.6738997,0.96642786,762251262,783.8043,795.9485
440137,2022/9/7,600031.SHA,4.1655,2461404928.0,0.3124,-34.3089,28.84218,132495000000.0,0.000978398,1.0012836,0.5535312,0.96503067,526636382,792.9124,789.37036
440138,2022/9/8,600031.SHA,4.1655,2461404928.0,0.3124,-34.3089,29.119509,133769000000.0,0.000978398,1.0,0.3730321,0.9609646,645565582,791.90045,796.9605
440139,2022/9/9,600031.SHA,4.1655,2461404928.0,0.3124,-34.3089,30.062426,138101000000.0,0.000978398,1.0258675,0.6137339,0.9673336,1702155639,796.9605,822.76685
440140,2022/9/13,600031.SHA,4.1655,2461404928.0,0.3124,-34.3089,30.13638,138441000000.0,0.000978398,1.0442024,0.80412585,0.9705942,975832556,818.71875,824.79083
440141,2022/9/14,600031.SHA,4.1655,2461404928.0,0.3124,-34.3089,29.85905,137167000000.0,0.000978398,1.0453074,0.85174596,0.97100264,713359553,813.1527,817.20074
440142,2022/9/15,600031.SHA,4.1655,2461404928.0,0.3124,-34.3089,29.951494,137591000000.0,0.000978398,1.0298792,0.8900695,0.9736412,944601046,818.71875,819.7308
440143,2022/9/16,600031.SHA,4.1655,2461404928.0,0.3124,-34.3089,28.84218,132495000000.0,0.000978398,1.0,0.86496425,0.97856265,1014702641,818.21277,789.37036
440144,2022/9/19,600031.SHA,4.1655,2461404928.0,0.3124,-34.3089,27.677399,127144000000.0,0.000978398,0.9504761,0.67864436,0.98286766,1320036138,787.3464,757.49194
440145,2022/9/20,600031.SHA,4.1655,2461404928.0,0.3124,-34.3089,27.65891,127060000000.0,0.000978398,0.9200492,0.22247145,0.979413,711855540,760.02203,756.98596
440146,2022/9/21,600031.SHA,4.1655,2461404928.0,0.3124,-34.3089,27.843796,127909000000.0,0.000978398,0.9239264,0.23471883,0.9792218,931940791,756.48,762.046
440147,2022/9/22,600031.SHA,4.1655,2461404928.0,0.3124,-34.3089,27.15972,124766000000.0,0.000978398,0.9095975,0.11432647,0.9796251,850265296,755.97394,743.3238
440148,2022/9/23,600031.SHA,4.1655,2461404928.0,0.3124,-34.3089,26.660528,122473000000.0,0.000978398,0.8901235,0.06131595,0.9808515,916189619,743.8298,729.6616
440149,2022/9/26,600031.SHA,4.1655,2461404928.0,0.3124,-34.3089,25.97645,119331000000.0,0.000978398,0.900641,0.0763903,0.9831095,1073368867,728.14355,710.93933
440150,2022/9/27,600031.SHA,4.1655,2461404928.0,0.3124,-34.3089,26.568085,122049000000.0,0.000978398,0.9599199,0.14122914,0.977823,735408327,710.93933,727.1316
440151,2022/9/28,600031.SHA,4.1655,2461404928.0,0.3124,-34.3089,26.050404,119670000000.0,0.000978398,0.94184494,0.35720098,0.9768293,569404094,727.1316,712.9634
440152,2022/9/29,600031.SHA,4.1655,2461404928.0,0.3124,-34.3089,25.606678,117632000000.0,0.000978398,0.9196547,0.26006508,0.97641796,860089081,719.03546,700.8192
440153,2022/9/30,600031.SHA,4.1655,2461404928.0,0.3124,-34.3089,25.662144,117887000000.0,0.000978398,0.9448604,0.5881635,0.9754015,632009953,701.32526,702.3372
440154,2022/10/10,600031.SHA,4.1655,2461404928.0,0.3124,-34.3089,25.310862,116273000000.0,0.000978398,0.94937587,0.6126804,0.973198,565111691,702.3372,692.72314
440155,2022/10/11,600031.SHA,4.1655,2461404928.0,0.3124,-34.3089,25.162952,115594000000.0,0.000978398,0.9686833,0.51868397,0.96875,462266451,692.72314,688.67505
440156,2022/10/12,600031.SHA,4.1655,2461404928.0,0.3124,-34.3089,26.808435,123153000000.0,0.000978398,1.0090466,0.8299513,0.9720138,1176373476,693.7351,733.70966
440157,2022/10/13,600031.SHA,4.1655,2461404928.0,0.3124,-34.3089,26.715994,122728000000.0,0.000978398,1.02555,0.68478703,0.97202516,695765447,730.1676,731.1796
440158,2022/10/14,600031.SHA,4.1655,2461404928.0,0.3124,-34.3089,27.104254,124512000000.0,0.000978398,1.0584838,0.74103343,0.9702309,890714695,733.70966,741.8058
440159,2022/10/17,600031.SHA,4.1655,2461404928.0,0.3124,-34.3089,27.732864,127399000000.0,0.000978398,1.0806917,0.6721378,0.9690095,933982205,737.7577,759.01
440160,2022/10/18,600031.SHA,4.1655,2461404928.0,0.3124,-34.3089,27.326117,125531000000.0,0.000978398,1.0796201,0.48977113,0.97064185,712159910,760.02203,747.87787
440161,2022/10/19,600031.SHA,4.1655,2461404928.0,0.3124,-34.3089,27.048788,124257000000.0,0.000978398,1.0749449,0.5735681,0.9700587,586297530,747.87787,740.2877
440162,2022/10/20,600031.SHA,4.1655,2461404928.0,0.3124,-34.3089,26.919367,123662000000.0,0.000978398,1.0041379,0.27452964,0.9605742,510845363,734.7217,736.74567
440163,2022/10/21,600031.SHA,4.1655,2461404928.0,0.3124,-34.3089,26.789948,123068000000.0,0.000978398,1.0027682,0.3020012,0.96038806,674800224,741.29974,733.2037
440164,2022/10/24,600031.SHA,4.1655,2461404928.0,0.3124,-34.3089,26.161335,120180000000.0,0.000978398,0.96521145,0.2843573,0.9650364,1126763107,734.21564,715.99945
440165,2022/10/25,600031.SHA,4.1655,2461404928.0,0.3124,-34.3089,26.642038,122388000000.0,0.000978398,0.9606666,0.39567327,0.96868056,1127852872,718.5295,729.1556
440166,2022/10/26,600031.SHA,4.1655,2461404928.0,0.3124,-34.3089,27.196695,124936000000.0,0.000978398,0.9952639,0.5579139,0.9688952,815744942,733.70966,744.3358
440167,2022/10/27,600031.SHA,4.1655,2461404928.0,0.3124,-34.3089,27.40007,125870000000.0,0.000978398,1.012987,0.6634693,0.96829563,826988034,748.88983,749.90186
440168,2022/10/28,600031.SHA,4.1655,2461404928.0,0.3124,-34.3089,26.549597,121964000000.0,0.000978398,0.98626375,0.7006459,0.9711344,820685792,743.8298,726.62555
440169,2022/10/31,600031.SHA,5.615,-2883467264.0,0.4266,-7.8034,37.427277,114659000000.0,0.000968769,0.931677,0.22556543,0.9781906,1616939689,707.9033,683.109
440170,2022/11/1,600031.SHA,5.615,-2883467264.0,0.4266,-7.8034,41.170006,126125000000.0,0.000968769,1.0494698,0.7780695,0.9836529,2201988573,685.133,751.41986
440171,2022/11/2,600031.SHA,5.615,-2883467264.0,0.4266,-7.8034,42.029446,128758000000.0,0.000968769,1.0520471,0.687929,0.9860831,2333811383,752.9379,767.1061
440172,2022/11/3,600031.SHA,5.615,-2883467264.0,0.4266,-7.8034,42.168064,129183000000.0,0.000968769,1.0339904,0.71405524,0.98689514,1179578479,759.01,769.6361
440173,2022/11/4,600031.SHA,5.615,-2883467264.0,0.4266,-7.8034,42.583923,130457000000.0,0.000968769,1.0364373,0.60902864,0.98791295,1294906292,768.62415,777.22626
440174,2022/11/7,600031.SHA,5.615,-2883467264.0,0.4266,-7.8034,42.334408,129692000000.0,0.000968769,1.0633705,0.41550857,0.98712015,808452060,774.1902,772.6722
440175,2022/11/8,600031.SHA,5.615,-2883467264.0,0.4266,-7.8034,41.69676,127739000000.0,0.000968769,1.114074,0.83088386,0.98571426,912557242,772.16614,761.034
440176,2022/11/9,600031.SHA,5.615,-2883467264.0,0.4266,-7.8034,41.724483,127824000000.0,0.000968769,1.013468,0.2803381,0.98108274,564745471,761.54004,761.54004
440177,2022/11/10,600031.SHA,5.615,-2883467264.0,0.4266,-7.8034,41.474968,127060000000.0,0.000968769,0.9868074,0.19408688,0.9694288,594941779,760.02203,756.98596
440178,2022/11/11,600031.SHA,5.615,-2883467264.0,0.4266,-7.8034,44.081017,135043000000.0,0.000968769,1.045365,0.71888196,0.9802936,2708842312,774.69617,804.5506
440179,2022/11/14,600031.SHA,5.615,-2883467264.0,0.4266,-7.8034,43.97012,134704000000.0,0.000968769,1.032552,0.7384832,0.983712,2178634805,824.79083,802.52655
440180,2022/11/15,600031.SHA,5.615,-2883467264.0,0.4266,-7.8034,44.552322,136487000000.0,0.000968769,1.0523903,0.8236477,0.98431844,1161210185,802.52655,813.1527
440181,2022/11/16,600031.SHA,5.615,-2883467264.0,0.4266,-7.8034,43.69288,133854000000.0,0.000968769,1.0478723,0.80715865,0.98392284,972339696,809.61066,797.4665
440182,2022/11/17,600031.SHA,5.615,-2883467264.0,0.4266,-7.8034,43.55426,133430000000.0,0.000968769,1.0438538,0.73829144,0.98311895,673218168,789.8764,794.93646
440183,2022/11/18,600031.SHA,5.615,-2883467264.0,0.4266,-7.8034,42.91661,131476000000.0,0.000968769,1.0347594,0.7179899,0.984127,894952823,794.93646,783.29834
440184,2022/11/21,600031.SHA,5.615,-2883467264.0,0.4266,-7.8034,42.63937,130627000000.0,0.000968769,0.9672956,0.12615508,0.97670215,634967218,778.2382,778.2382
440185,2022/11/22,600031.SHA,5.615,-2883467264.0,0.4266,-7.8034,42.861164,131306000000.0,0.000968769,0.97477937,0.2196346,0.9682795,852127927,779.7563,782.2863
440186,2022/11/23,600031.SHA,5.615,-2883467264.0,0.4266,-7.8034,42.888885,131391000000.0,0.000968769,0.96266335,0.3534725,0.96750903,948081575,775.2022,782.7923
440187,2022/11/24,600031.SHA,5.615,-2883467264.0,0.4266,-7.8034,43.19385,132325000000.0,0.000968769,0.98857874,0.5813953,0.9707356,1177651209,786.33435,788.3584
440188,2022/11/25,600031.SHA,5.615,-2883467264.0,0.4266,-7.8034,44.081017,135043000000.0,0.000968769,1.0120943,0.8190018,0.9775731,1327720666,787.3464,804.5506
440189,2022/11/28,600031.SHA,5.615,-2883467264.0,0.4266,-7.8034,42.50075,130202000000.0,0.000968769,0.99031,0.65405405,0.98118496,1113429678,789.37036,775.7082
440190,2022/11/29,600031.SHA,5.615,-2883467264.0,0.4266,-7.8034,44.88501,137506000000.0,0.000968769,1.0526658,0.8877551,0.9888,2491202962,789.37036,819.2248
440191,2022/11/30,600031.SHA,5.615,-2883467264.0,0.4266,-7.8034,44.108738,135128000000.0,0.000968769,1.0291073,0.77555513,0.9893979,1183651182,820.2368,805.0566
440192,2022/12/1,600031.SHA,5.615,-2883467264.0,0.4266,-7.8034,44.136463,135213000000.0,0.000968769,1.0290886,0.71314263,0.9884,1185506923,824.79083,805.5626
440193,2022/12/2,600031.SHA,5.615,-2883467264.0,0.4266,-7.8034,43.526535,133345000000.0,0.000968769,1.0077022,0.43508703,0.9874025,955681067,799.9965,794.4305
440194,2022/12/5,600031.SHA,5.615,-2883467264.0,0.4266,-7.8034,45.24542,138610000000.0,0.000968769,1.0264151,0.43377352,0.98779756,1911695569,799.9965,825.80286
440195,2022/12/6,600031.SHA,5.615,-2883467264.0,0.4266,-7.8034,45.02363,137931000000.0,0.000968769,1.0593607,0.7679536,0.9872,1086711641,817.7068,821.7548
440196,2022/12/7,600031.SHA,5.615,-2883467264.0,0.4266,-7.8034,44.46915,136232000000.0,0.000968769,0.99073505,0.2558,0.98060775,935533030,819.7308,811.6347
440197,2022/12/8,600031.SHA,5.615,-2883467264.0,0.4266,-7.8034,44.496872,136317000000.0,0.000968769,1.0087996,0.51939225,0.9794165,740702755,816.69476,812.1407
440198,2022/12/9,600031.SHA,5.615,-2883467264.0,0.4266,-7.8034,46.88113,143621000000.0,0.000968769,1.0621859,0.8890444,0.9878098,3223603093,816.1887,855.6573
440199,2022/12/12,600031.SHA,5.615,-2883467264.0,0.4266,-7.8034,46.077137,141158000000.0,0.000968769,1.0585988,0.8941482,0.9886182,1589994645,852.11523,840.9831
440200,2022/12/13,600031.SHA,5.615,-2883467264.0,0.4266,-7.8034,45.93852,140734000000.0,0.000968769,1.0153186,0.788139,0.98662406,966723599,836.429,838.45306
440201,2022/12/14,600031.SHA,5.615,-2883467264.0,0.4266,-7.8034,46.520718,142517000000.0,0.000968769,1.0332512,0.85742813,0.98982036,1693943264,834.40497,849.07916
440202,2022/12/15,600031.SHA,5.615,-2883467264.0,0.4266,-7.8034,45.883068,140564000000.0,0.000968769,1.0317955,0.8850299,0.99202234,925347548,845.5371,837.44104
440203,2022/12/16,600031.SHA,5.615,-2883467264.0,0.4266,-7.8034,46.326653,141923000000.0,0.000968769,1.0411215,0.9124626,0.9924288,1157924958,828.3329,845.5371
440204,2022/12/19,600031.SHA,5.615,-2883467264.0,0.4266,-7.8034,45.439487,139205000000.0,0.000968769,0.96924895,0.6817547,0.9882423,1022409153,842.5011,829.3449
440205,2022/12/20,600031.SHA,5.615,-2883467264.0,0.4266,-7.8034,43.803776,134194000000.0,0.000968769,0.95066184,0.38760462,0.9878462,1345919786,828.3329,799.49054
440206,2022/12/21,600031.SHA,5.615,-2883467264.0,0.4266,-7.8034,44.330532,135808000000.0,0.000968769,0.964997,0.6747108,0.98883575,916808332,798.9845,809.1047
440207,2022/12/22,600031.SHA,5.615,-2883467264.0,0.4266,-7.8034,44.940456,137676000000.0,0.000968769,0.966031,0.78518814,0.98706985,796294316,820.2368,820.2368
440208,2022/12/23,600031.SHA,5.615,-2883467264.0,0.4266,-7.8034,44.746387,137082000000.0,0.000968769,0.9752266,0.84884644,0.9864865,600741109,815.17676,816.69476
440592,2022/3/21,600036.SHA,15.1561,59594760192.0,4.61,-18.9681,9.423636,1130100000000.0,0.002032851,1.008099,0.6961758,0.99809927,3566893332,238.12724,232.52304
440593,2022/3/22,600036.SHA,15.1561,59594760192.0,4.61,-18.9681,9.575053,1148260000000.0,0.002032851,1.0801897,0.8697213,0.9976788,2497185117,233.71652,236.25917
440594,2022/3/23,600036.SHA,15.1561,59594760192.0,4.61,-18.9681,9.623423,1154060000000.0,0.002032851,1.1599493,0.90801686,0.9976798,2148515086,237.08943,237.45267
440595,2022/3/24,600036.SHA,15.1561,59594760192.0,4.61,-18.9681,9.625526,1154310000000.0,0.002032851,1.0749178,0.8003798,0.99641424,1742027092,236.6224,237.50456
440596,2022/3/25,600036.SHA,15.1561,59594760192.0,4.61,-18.9681,9.501448,1139430000000.0,0.002032851,1.0150528,0.5961173,0.99493885,1445681951,237.1932,234.443
440597,2022/3/28,600036.SHA,15.1561,59594760192.0,4.61,-18.9681,9.474109,1136150000000.0,0.002032851,0.9757418,0.38351256,0.99325466,1736237601,232.67871,233.76842
440598,2022/3/29,600036.SHA,15.1561,59594760192.0,4.61,-18.9681,9.465696,1135150000000.0,0.002032851,1.0044633,0.77171165,0.99157715,1580213154,234.28732,233.56085
440599,2022/3/30,600036.SHA,15.1561,59594760192.0,4.61,-18.9681,9.722265,1165910000000.0,0.002032851,1.0153745,0.77468944,0.9909493,2389901320,235.37703,239.89154
440600,2022/3/31,600036.SHA,15.1561,59594760192.0,4.61,-18.9681,9.842137,1180290000000.0,0.002032851,1.0227273,0.8080489,0.991363,2878948597,238.64616,242.84932
440601,2022/4/1,600036.SHA,15.1561,59594760192.0,4.61,-18.9681,9.905228,1187850000000.0,0.002032851,1.0290583,0.7692794,0.9922072,2233625273,241.2407,244.40605
440602,2022/4/6,600036.SHA,15.1561,59594760192.0,4.61,-18.9681,9.966215,1195170000000.0,0.002032851,1.0489154,0.791614,0.99241626,2260412706,240.77368,245.91087
440603,2022/4/7,600036.SHA,15.1561,59594760192.0,4.61,-18.9681,9.854755,1181800000000.0,0.002032851,1.0401776,0.8440792,0.9922089,1776370371,245.70332,243.16066
440604,2022/4/8,600036.SHA,15.1561,59594760192.0,4.61,-18.9681,9.922052,1189870000000.0,0.002032851,1.0482115,0.831754,0.99263155,1711753064,242.33041,244.82117
440605,2022/4/11,600036.SHA,15.1561,59594760192.0,4.61,-18.9681,9.652865,1157590000000.0,0.002032851,0.99286175,0.7652137,0.9930526,2263984281,242.3823,238.17914
440606,2022/4/12,600036.SHA,15.1561,59594760192.0,4.61,-18.9681,9.610805,1152550000000.0,0.002032851,0.97649574,0.6060606,0.9934778,2691571030,239.73587,237.14133
440607,2022/4/13,600036.SHA,15.1561,59594760192.0,4.61,-18.9681,9.62132,1153810000000.0,0.002032851,0.97133756,0.65657204,0.99390244,2054724468,237.14133,237.40077
440608,2022/4/14,600036.SHA,15.1561,59594760192.0,4.61,-18.9681,9.623423,1154060000000.0,0.002032851,0.9656046,0.6579777,0.9930658,1503135689,238.74994,237.45267
440609,2022/4/15,600036.SHA,15.1561,59594760192.0,4.61,-18.9681,9.848446,1181050000000.0,0.002032851,0.9993598,0.78338593,0.99369216,1962144157,237.14133,243.00499
440610,2022/4/18,600036.SHA,15.1561,59594760192.0,4.61,-18.9681,9.125007,1094290000000.0,0.002032851,0.91966933,0.19650747,0.9983172,10320718085,238.49048,225.15453
440611,2022/4/19,600036.SHA,15.1561,59594760192.0,4.61,-18.9681,8.853718,1061760000000.0,0.002032851,0.9172113,0.07739222,0.99915934,10505571111,217.9417,218.4606
440612,2022/4/20,600036.SHA,15.1561,59594760192.0,4.61,-18.9681,8.643415,1036540000000.0,0.002032851,0.8993435,0.099201344,0.99936974,5440590528,216.90388,213.27151
440613,2022/4/21,600036.SHA,15.1561,59594760192.0,4.61,-18.9681,8.68127,1041080000000.0,0.002032851,0.9022951,0.16232675,0.99958,4747988004,211.19588,214.20555
440614,2022/4/22,600036.SHA,15.1561,59594760192.0,4.61,-18.9681,8.937839,1071840000000.0,0.002032851,0.92875874,0.44444445,0.9995801,5041291328,210.98831,220.53624
440615,2022/8/22,600036.SHA,7.9484,-71545004032.0,2.67,-7.2844,6.6142287,847891000000.0,0.001840634,0.9781787,0.2822149,0.98559374,1773361292,181.60907,182.04225
440616,2022/8/23,600036.SHA,7.9484,-71545004032.0,2.67,-7.2844,6.5119267,834777000000.0,0.001840634,0.9813223,0.32805103,0.9870397,1791825378,181.8798,179.22661
440617,2022/8/24,600036.SHA,7.9484,-71545004032.0,2.67,-7.2844,6.4607754,828220000000.0,0.001840634,0.9684459,0.51100594,0.9880732,1950217427,179.44319,177.81879
440618,2022/8/25,600036.SHA,7.9484,-71545004032.0,2.67,-7.2844,6.6280003,849657000000.0,0.001840634,0.9839369,0.66570723,0.9899384,2161568446,178.14366,182.42128
440619,2022/8/26,600036.SHA,7.9484,-71545004032.0,2.67,-7.2844,6.6299677,849909000000.0,0.001840634,0.9994068,0.7402464,0.99076545,1852196046,182.47542,182.47542
440620,2022/8/29,600036.SHA,7.9484,-71545004032.0,2.67,-7.2844,6.547339,839316000000.0,0.001840634,0.983161,0.5485128,0.99036294,1293596316,180.3637,180.20125
440621,2022/8/30,600036.SHA,7.9484,-71545004032.0,2.67,-7.2844,6.6476736,852179000000.0,0.001840634,1.0050565,0.7600984,0.99323493,1983189091,179.28075,182.96275
440622,2022/8/31,600036.SHA,7.9484,-71545004032.0,2.67,-7.2844,6.89556,883956000000.0,0.001840634,1.0589123,0.9573683,0.9956958,5773783194,181.60907,189.78526
440623,2022/9/1,600036.SHA,7.9484,-71545004032.0,2.67,-7.2844,6.7873554,870085000000.0,0.001840634,1.0505481,0.91798234,0.9963115,2109230456,188.75647,186.80719
440624,2022/9/2,600036.SHA,7.9484,-71545004032.0,2.67,-7.2844,6.751943,865545000000.0,0.001840634,1.0186999,0.78758705,0.99692875,1638046863,187.34865,185.83253
440625,2022/9/5,600036.SHA,7.9484,-71545004032.0,2.67,-7.2844,6.734237,863275000000.0,0.001840634,1.015727,0.71724,0.9973393,1585571171,185.4535,185.34521
440626,2022/9/6,600036.SHA,7.9484,-71545004032.0,2.67,-7.2844,6.6142287,847891000000.0,0.001840634,1.0102164,0.6665302,0.99795294,2969378343,185.83253,182.04225
440627,2022/9/7,600036.SHA,7.9484,-71545004032.0,2.67,-7.2844,6.5670123,841838000000.0,0.001840634,0.9878662,0.38014328,0.997955,2077538980,180.58028,180.74272
440628,2022/9/8,600036.SHA,7.9484,-71545004032.0,2.67,-7.2844,6.5512733,839821000000.0,0.001840634,0.95007133,0.07421795,0.99632126,1390770603,180.68857,180.30954
440629,2022/9/9,600036.SHA,7.9484,-71545004032.0,2.67,-7.2844,6.7873554,870085000000.0,0.001840634,1.0,0.29480892,0.9981625,4636864234,181.12175,186.80719
440630,2022/9/13,600036.SHA,7.9484,-71545004032.0,2.67,-7.2844,6.9545803,891522000000.0,0.001840634,1.0300117,0.73120916,0.99857056,5071277448,186.53645,191.40968
440631,2022/9/14,600036.SHA,7.9484,-71545004032.0,2.67,-7.2844,6.85818,879164000000.0,0.001840634,1.0184048,0.7414744,0.99877477,1960637593,188.97307,188.75647
440632,2022/9/15,600036.SHA,7.9484,-71545004032.0,2.67,-7.2844,7.0844254,908167000000.0,0.001840634,1.0710887,0.95545566,0.9989783,4805992201,190.32674,194.98338
440633,2022/9/16,600036.SHA,7.9484,-71545004032.0,2.67,-7.2844,6.875886,881434000000.0,0.001840634,1.0470341,0.9503575,0.99918336,3050978941,193.25067,189.2438
440634,2022/9/19,600036.SHA,7.9484,-71545004032.0,2.67,-7.2844,6.903429,884964000000.0,0.001840634,1.0537539,0.9563087,0.9991842,1578116277,188.91891,190.00186
440635,2022/9/20,600036.SHA,7.9484,-71545004032.0,2.67,-7.2844,6.7952247,871093000000.0,0.001840634,1.0011594,0.872553,0.99836934,1745868528,190.056,187.02377
440636,2022/9/21,600036.SHA,7.9484,-71545004032.0,2.67,-7.2844,6.7696495,867815000000.0,0.001840634,0.9734087,0.7675224,0.9977592,1821095332,186.53645,186.31985
440637,2022/9/22,600036.SHA,7.9484,-71545004032.0,2.67,-7.2844,6.722433,861762000000.0,0.001840634,0.9802066,0.7900958,0.99775875,1310807203,184.09984,185.02034
440638,2022/9/23,600036.SHA,7.9484,-71545004032.0,2.67,-7.2844,6.7598124,866554000000.0,0.001840634,0.9541794,0.49969444,0.99694437,1258753251,184.09984,186.04913
440639,2022/9/26,600036.SHA,7.9484,-71545004032.0,2.67,-7.2844,6.679151,856214000000.0,0.001840634,0.9713877,0.6437156,0.9949125,1789545993,184.20813,183.8291
440640,2022/9/27,600036.SHA,7.9484,-71545004032.0,2.67,-7.2844,6.6693144,854953000000.0,0.001840634,0.96608716,0.18091168,0.9949135,1604082625,183.50421,183.55836
440641,2022/9/28,600036.SHA,7.9484,-71545004032.0,2.67,-7.2844,6.6240654,849152000000.0,0.001840634,0.97481185,0.710537,0.9953252,1642543374,182.96275,182.31299
440642,2022/9/29,600036.SHA,7.9484,-71545004032.0,2.67,-7.2844,6.5217633,836038000000.0,0.001840634,0.9633828,0.6921513,0.99532425,2073148613,184.04568,179.49734
440643,2022/9/30,600036.SHA,7.9484,-71545004032.0,2.67,-7.2844,6.6201305,848648000000.0,0.001840634,0.9847819,0.82123244,0.9959341,1816711650,180.09296,182.20468
440644,2022/10/10,600036.SHA,7.9484,-71545004032.0,2.67,-7.2844,6.256171,801991000000.0,0.001840634,0.9254947,0.3767527,0.99796957,4068516527,178.63098,172.18748
440645,2022/10/11,600036.SHA,7.9484,-71545004032.0,2.67,-7.2844,6.1774774,791903000000.0,0.001840634,0.9248895,0.19130787,0.9981737,1953843165,172.13335,170.0216
440646,2022/10/12,600036.SHA,7.9484,-71545004032.0,2.67,-7.2844,6.0889463,780554000000.0,0.001840634,0.9129793,0.111810066,0.9981748,3590021718,169.20941,167.58499
440647,2022/10/13,600036.SHA,7.9484,-71545004032.0,2.67,-7.2844,5.8804073,753821000000.0,0.001840634,0.8877339,0.037119675,0.9987837,4045377680,164.98595,161.84541
440648,2022/10/14,600036.SHA,7.9484,-71545004032.0,2.67,-7.2844,6.114522,783833000000.0,0.001840634,0.93755656,0.04680851,0.99878496,3911873392,164.06544,168.28891
440649,2022/10/17,600036.SHA,7.9484,-71545004032.0,2.67,-7.2844,6.102718,782320000000.0,0.001840634,0.9218425,0.018642351,0.99898726,1997396404,166.23132,167.96402
440650,2022/10/18,600036.SHA,7.9484,-71545004032.0,2.67,-7.2844,6.0594363,776771000000.0,0.001840634,0.96855354,0.023090946,0.9979753,1739815953,169.48015,166.7728
440651,2022/10/19,600036.SHA,7.9484,-71545004032.0,2.67,-7.2844,5.9531994,763153000000.0,0.001840634,0.9636943,0.030358227,0.99737,1614469066,166.33961,163.84885
440652,2022/10/20,600036.SHA,7.9484,-71545004032.0,2.67,-7.2844,5.9158196,758361000000.0,0.001840634,0.97156703,0.07930407,0.99716944,1657020702,162.44102,162.82005
440653,2022/10/21,600036.SHA,7.9484,-71545004032.0,2.67,-7.2844,5.8194194,746003000000.0,0.001840634,0.9896286,0.20092985,0.99656427,2171956543,163.25323,160.16685
440654,2022/10/24,600036.SHA,7.9484,-71545004032.0,2.67,-7.2844,5.512513,706660000000.0,0.001840634,0.9015444,0.040420372,0.99656427,4134436262,159.13806,151.71992
440655,2022/10/25,600036.SHA,7.9484,-71545004032.0,2.67,-7.2844,5.545958,710947000000.0,0.001840634,0.9087686,0.07682976,0.99676704,2418347973,151.71992,152.64043
440656,2022/10/26,600036.SHA,7.9484,-71545004032.0,2.67,-7.2844,5.494807,704390000000.0,0.001840634,0.9068182,0.053972103,0.9969703,2113201163,151.50333,151.2326
440657,2022/10/27,600036.SHA,7.9484,-71545004032.0,2.67,-7.2844,5.496774,704642000000.0,0.001840634,0.92333114,0.0815832,0.99717283,2145320724,152.69456,151.28674
440658,2022/10/28,600036.SHA,7.9484,-71545004032.0,2.67,-7.2844,5.3472557,685475000000.0,0.001840634,0.9038909,0.11748082,0.9975777,2601030856,149.44576,147.17157
441269,2022/1/10,600048.SHA,7.4458,-85201813504.0,1.13,-57.8664,7.149005,197148000000.0,0.005012783,1.0907284,0.9107258,0.97923803,1990885863,363.1884,379.06924
441270,2022/1/11,600048.SHA,7.4458,-85201813504.0,1.13,-57.8664,7.014446,193437000000.0,0.005012783,1.0339092,0.77333045,0.98416096,2242702140,377.45816,371.9344
441271,2022/1/12,600048.SHA,7.4458,-85201813504.0,1.13,-57.8664,6.944996,191522000000.0,0.005012783,1.0126582,0.6817209,0.9833084,1164101277,370.0931,368.25186
441272,2022/1/13,600048.SHA,7.4458,-85201813504.0,1.13,-57.8664,6.7496676,186135000000.0,0.005012783,0.971875,0.28011984,0.98203206,1003299034,368.0217,357.89478
441273,2022/1/14,600048.SHA,7.4458,-85201813504.0,1.13,-57.8664,6.48923,178953000000.0,0.005012783,0.96389425,0.34231922,0.9835329,1477495648,357.89478,344.08533
441274,2022/1/17,600048.SHA,7.4458,-85201813504.0,1.13,-57.8664,6.6715364,183981000000.0,0.005012783,0.95170283,0.111253746,0.98288405,1206395700,343.1647,353.75195
441275,2022/1/18,600048.SHA,7.4458,-85201813504.0,1.13,-57.8664,7.010105,193317000000.0,0.005012783,0.9805708,0.42643285,0.9792691,1317079317,354.4424,371.70422
441276,2022/1/19,600048.SHA,7.4458,-85201813504.0,1.13,-57.8664,6.9840612,192599000000.0,0.005012783,0.9956683,0.53292006,0.9715812,1154404503,374.69626,370.32327
441277,2022/1/20,600048.SHA,7.4458,-85201813504.0,1.13,-57.8664,6.7279644,185537000000.0,0.005012783,0.96875,0.5764957,0.9767144,1949853530,377.45816,356.744
441278,2022/1/21,600048.SHA,7.4458,-85201813504.0,1.13,-57.8664,6.7193823,185300000000.0,0.005012783,0.99549836,0.7573168,0.9767194,991202395,356.744,356.28366
441279,2022/1/24,600048.SHA,7.4458,-85201813504.0,1.13,-57.8664,6.9407573,191405000000.0,0.005012783,1.0695652,0.9301581,0.9767343,1347855666,355.36304,368.0217
441280,2022/1/25,600048.SHA,7.4458,-85201813504.0,1.13,-57.8664,6.745426,186018000000.0,0.005012783,1.0110605,0.9293188,0.9748186,663756507,365.48996,357.6646
441281,2022/1/26,600048.SHA,7.4458,-85201813504.0,1.13,-57.8664,6.749767,186138000000.0,0.005012783,0.9628483,0.7752401,0.9733191,696887631,363.1884,357.89478
441282,2022/1/27,600048.SHA,7.4458,-85201813504.0,1.13,-57.8664,6.793174,187335000000.0,0.005012783,0.9726538,0.9057167,0.97355515,906916186,357.89478,360.19635
441283,2022/1/28,600048.SHA,7.4458,-85201813504.0,1.13,-57.8664,6.8148775,187933000000.0,0.005012783,1.0129032,0.9373268,0.9710145,1251595655,362.49792,361.34714
441284,2022/2/7,600048.SHA,7.4458,-85201813504.0,1.13,-57.8664,6.9277353,191046000000.0,0.005012783,1.0310078,0.91794544,0.97784406,1285701520,361.80743,367.33124
441285,2022/2/8,600048.SHA,7.4458,-85201813504.0,1.13,-57.8664,6.858284,189130000000.0,0.005012783,0.9881176,0.59066695,0.9776358,1320397416,363.87888,363.6487
441286,2022/2/9,600048.SHA,7.4458,-85201813504.0,1.13,-57.8664,6.76713,186617000000.0,0.005012783,1.0032175,0.29195058,0.98212004,1805740822,365.02966,358.8154
441287,2022/2/10,600048.SHA,7.4458,-85201813504.0,1.13,-57.8664,6.953779,191764000000.0,0.005012783,1.030225,0.5914894,0.98554116,2158128036,354.4424,368.71216
441288,2022/2/11,600048.SHA,7.4458,-85201813504.0,1.13,-57.8664,6.8365808,188532000000.0,0.005012783,1.0063897,0.31405485,0.9861878,1554835893,367.56137,362.49792
441289,2022/2/14,600048.SHA,7.4458,-85201813504.0,1.13,-57.8664,6.6455903,183265000000.0,0.005012783,0.9751592,0.22540897,0.9859783,1173056032,358.3551,352.371
441290,2022/2/15,600048.SHA,7.4458,-85201813504.0,1.13,-57.8664,6.6499314,183385000000.0,0.005012783,0.9598998,0.14719626,0.98406965,780407022,352.371,352.60117
441291,2022/2/16,600048.SHA,7.4458,-85201813504.0,1.13,-57.8664,6.875647,189609000000.0,0.005012783,1.0025316,0.53027403,0.98406965,1115952057,353.06146,364.56934
441292,2022/2/17,600048.SHA,7.4458,-85201813504.0,1.13,-57.8664,6.723723,185420000000.0,0.005012783,0.99358565,0.60344094,0.9813163,1055084456,365.2598,356.51382
441293,2022/2/18,600048.SHA,7.4458,-85201813504.0,1.13,-57.8664,7.0883403,195475000000.0,0.005012783,1.0193509,0.7433666,0.98110807,2075701515,356.744,375.84705
441294,2022/2/21,600048.SHA,7.4458,-85201813504.0,1.13,-57.8664,7.0926814,195594000000.0,0.005012783,1.0374603,0.6014862,0.9806794,1239554335,376.53754,376.0772
441295,2022/2/22,600048.SHA,7.4458,-85201813504.0,1.13,-57.8664,7.1404285,196911000000.0,0.005012783,1.0744611,0.863453,0.9806794,1146587695,376.0772,378.60895
441296,2022/2/23,600048.SHA,7.4458,-85201813504.0,1.13,-57.8664,6.9798236,192482000000.0,0.005012783,1.0496083,0.7084926,0.98069173,976156386,377.91846,370.0931
441297,2022/2/24,600048.SHA,7.4458,-85201813504.0,1.13,-57.8664,6.932076,191165000000.0,0.005012783,1.0082071,0.66461605,0.976241,806894943,368.71216,367.56137
441298,2022/2/25,600048.SHA,7.4458,-85201813504.0,1.13,-57.8664,6.8626246,189250000000.0,0.005012783,1.0206585,0.6635554,0.975827,1046527101,367.10107,363.87888
441299,2022/2/28,600048.SHA,7.4458,-85201813504.0,1.13,-57.8664,6.8669653,189370000000.0,0.005012783,0.96876913,0.2598091,0.96374047,747608341,362.0376,364.109
441300,2022/3/1,600048.SHA,7.4458,-85201813504.0,1.13,-57.8664,7.097022,195714000000.0,0.005012783,1.000612,0.5965656,0.9591015,1141783243,364.109,376.30737
441301,2022/3/2,600048.SHA,7.4458,-85201813504.0,1.13,-57.8664,7.1838355,198108000000.0,0.005012783,1.0060791,0.49639678,0.9627119,1401918908,378.37878,380.91052
441302,2022/3/3,600048.SHA,7.4458,-85201813504.0,1.13,-57.8664,7.426914,204812000000.0,0.005012783,1.0640547,0.90402544,0.9688559,1756733544,382.0613,393.79932
441303,2022/3/4,600048.SHA,7.4458,-85201813504.0,1.13,-57.8664,7.387848,203734000000.0,0.005012783,1.0657483,0.879051,0.97542894,1147429047,391.49774,391.7279
441304,2022/3/7,600048.SHA,7.4458,-85201813504.0,1.13,-57.8664,7.4486175,205410000000.0,0.005012783,1.0853889,0.93813556,0.9794622,1836319453,391.2676,394.9501
441305,2022/3/8,600048.SHA,7.4458,-85201813504.0,1.13,-57.8664,7.2923527,201101000000.0,0.005012783,1.061947,0.953178,0.9790254,1014745494,393.56918,386.66446
441306,2022/3/9,600048.SHA,7.4458,-85201813504.0,1.13,-57.8664,7.040593,194158000000.0,0.005012783,0.99204886,0.87388724,0.98219585,2295472916,388.5057,373.3153
441307,2022/3/10,600048.SHA,7.4458,-85201813504.0,1.13,-57.8664,7.014549,193440000000.0,0.005012783,0.97643507,0.79550755,0.9794448,1192062895,377.45816,371.9344
441308,2022/3/11,600048.SHA,7.4458,-85201813504.0,1.13,-57.8664,7.044934,194278000000.0,0.005012783,0.9485681,0.54025424,0.974158,807813795,368.25186,373.54547
441309,2022/3/14,600048.SHA,7.4458,-85201813504.0,1.13,-57.8664,7.0926814,195594000000.0,0.005012783,0.960047,0.75190514,0.9782057,1753734090,366.18045,376.0772
441310,2022/3/15,600048.SHA,7.4458,-85201813504.0,1.13,-57.8664,6.3851495,176083000000.0,0.005012783,0.85722613,0.19103025,0.97715735,1866358689,372.855,338.56155
441311,2022/3/16,600048.SHA,7.4458,-85201813504.0,1.13,-57.8664,6.5066886,179435000000.0,0.005012783,0.89226186,0.10384941,0.9822373,2448022517,333.72824,345.00595
441312,2022/3/17,600048.SHA,7.4458,-85201813504.0,1.13,-57.8664,6.702019,184821000000.0,0.005012783,0.9519112,0.22584055,0.98118395,2002830550,359.27573,355.36304
441313,2022/3/18,600048.SHA,7.4458,-85201813504.0,1.13,-57.8664,7.3704853,203255000000.0,0.005012783,1.0507425,0.8786213,0.98436177,2019119702,349.83926,390.80728
441314,2022/3/21,600048.SHA,7.4458,-85201813504.0,1.13,-57.8664,7.235924,199545000000.0,0.005012783,1.0271103,0.7948447,0.98648363,1787800161,386.8946,383.6724
441315,2022/3/22,600048.SHA,7.4458,-85201813504.0,1.13,-57.8664,7.4746614,206128000000.0,0.005012783,1.0538555,0.7913851,0.9873391,2237476908,376.99783,396.33105
441316,2022/3/23,600048.SHA,7.4458,-85201813504.0,1.13,-57.8664,7.4790025,206248000000.0,0.005012783,1.171312,0.9240506,0.98903185,2040659410,396.33105,396.56122
441317,2022/3/24,600048.SHA,7.4458,-85201813504.0,1.13,-57.8664,7.409551,204333000000.0,0.005012783,1.1387591,0.929943,0.9879772,863914288,389.42633,392.8787
441318,2022/3/25,600048.SHA,7.4458,-85201813504.0,1.13,-57.8664,7.2793307,200742000000.0,0.005012783,1.0861399,0.8942815,0.98713624,1167581506,389.19617,385.97397
441319,2022/3/28,600048.SHA,7.4458,-85201813504.0,1.13,-57.8664,7.353122,202777000000.0,0.005012783,0.9976443,0.59245205,0.98903877,1603628649,384.59302,389.88666
441320,2022/3/29,600048.SHA,7.4458,-85201813504.0,1.13,-57.8664,7.2923527,201101000000.0,0.005012783,1.0077984,0.78646713,0.98673403,1044556348,384.13272,386.66446
441321,2022/3/30,600048.SHA,7.4458,-85201813504.0,1.13,-57.8664,7.6916957,212113000000.0,0.005012783,1.029036,0.8393346,0.98631865,2174048573,388.96603,407.83893
441322,2022/3/31,600048.SHA,7.4458,-85201813504.0,1.13,-57.8664,7.6830144,211874000000.0,0.005012783,1.027278,0.82764435,0.9852539,1777714796,407.3786,407.3786
441323,2022/4/1,600048.SHA,7.4458,-85201813504.0,1.13,-57.8664,7.9043894,217979000000.0,0.005012783,1.0667838,0.8984408,0.9896799,2460832403,403.46594,419.11664
441324,2022/4/6,600048.SHA,7.4458,-85201813504.0,1.13,-57.8664,7.9434557,219056000000.0,0.005012783,1.0912343,0.91129375,0.990731,2422593741,421.18805,421.18805
441325,2022/4/7,600048.SHA,7.4458,-85201813504.0,1.13,-57.8664,7.648289,210916000000.0,0.005012783,1.0401417,0.8438685,0.9901032,1597745697,415.20398,405.53735
441326,2022/4/8,600048.SHA,7.4458,-85201813504.0,1.13,-57.8664,7.9043894,217979000000.0,0.005012783,1.0839286,0.9111392,0.9913684,1773260162,403.23578,419.11664
441327,2022/4/11,600048.SHA,7.4458,-85201813504.0,1.13,-57.8664,7.7828503,214627000000.0,0.005012783,1.0118511,0.82312065,0.9905263,1502007399,412.9024,412.67224
441328,2022/4/12,600048.SHA,7.4458,-85201813504.0,1.13,-57.8664,7.444277,205290000000.0,0.005012783,0.9689266,0.5576599,0.99179465,1747179666,414.5135,394.71997
441329,2022/4/13,600048.SHA,7.4458,-85201813504.0,1.13,-57.8664,7.71774,212832000000.0,0.005012783,0.9763866,0.6876972,0.99116904,2009314709,394.71997,409.21988
441330,2022/4/14,600048.SHA,7.4458,-85201813504.0,1.13,-57.8664,8.216919,226597000000.0,0.005012783,1.0344263,0.9033004,0.991805,2689551229,408.0691,435.688
441331,2022/4/15,600048.SHA,7.4458,-85201813504.0,1.13,-57.8664,8.386206,231266000000.0,0.005012783,1.0964813,0.96740276,0.99390244,2472632596,428.5531,444.66412
441332,2022/4/18,600048.SHA,7.4458,-85201813504.0,1.13,-57.8664,7.982522,220134000000.0,0.005012783,1.0098847,0.8045445,0.99368954,1925229907,434.5372,423.2595
441333,2022/4/19,600048.SHA,14.5761,18012700672.0,2.29,320.1838,8.033267,220014000000.0,0.006516144,1.0250976,0.7173502,0.99495584,1825888922,425.7912,423.02933
441334,2022/4/20,600048.SHA,14.5761,18012700672.0,2.29,320.1838,7.618055,208642000000.0,0.006516144,1.0163265,0.804855,0.9960084,3206246689,423.48962,401.16437
441335,2022/4/21,600048.SHA,14.5761,18012700672.0,2.29,320.1838,7.6530204,209600000000.0,0.006516144,0.98481435,0.7396052,0.99601007,1693446860,398.17233,403.0056
441336,2022/4/22,600048.SHA,14.5761,18012700672.0,2.29,320.1838,7.771028,212832000000.0,0.006516144,0.9392499,0.5253098,0.9964308,2088522574,397.02155,409.21988
441337,2022/4/25,600048.SHA,14.5761,18012700672.0,2.29,320.1838,7.425746,203375000000.0,0.006516144,0.8793996,0.53495693,0.99496114,2035850681,402.54532,391.03745
441338,2022/4/26,600048.SHA,14.5761,18012700672.0,2.29,320.1838,7.679244,210318000000.0,0.006516144,0.9554105,0.92037815,0.99517316,1859099741,392.4184,404.38657
441339,2022/4/27,600048.SHA,14.5761,18012700672.0,2.29,320.1838,7.3339624,200861000000.0,0.006516144,0.91294885,0.7855493,0.99580187,2522481780,401.39453,386.20413
441340,2022/4/28,600048.SHA,14.5761,18012700672.0,2.29,320.1838,7.7797694,213071000000.0,0.006516144,1.0212277,0.95583594,0.9934847,2164837555,390.11682,409.68018
441341,2022/4/29,600048.SHA,14.5761,18012700672.0,2.29,320.1838,7.9196305,216902000000.0,0.006516144,1.0348372,0.8948254,0.99432534,2692736832,405.07703,417.04523
441342,2022/5/5,600048.SHA,1.2863,-64667148288.0,0.21,-81.6673,7.6577396,209959000000.0,0.007596937,0.9865017,0.6850159,0.99383765,2303762291,418.42618,403.6961
441343,2022/5/6,600048.SHA,1.2863,-64667148288.0,0.21,-81.6673,7.1556644,196193000000.0,0.007596937,0.9646851,0.19367088,0.9940941,1857214291,391.95807,377.228
441344,2022/5/9,600048.SHA,1.2863,-64667148288.0,0.21,-81.6673,7.103274,194757000000.0,0.007596937,0.92601025,0.037763715,0.9943038,1304318978,372.62485,374.4661
441345,2022/5/10,600048.SHA,1.2863,-64667148288.0,0.21,-81.6673,7.18186,196911000000.0,0.007596937,0.98033375,0.089605734,0.99452055,2536987656,367.33124,378.60895
441346,2022/5/11,600048.SHA,1.2863,-64667148288.0,0.21,-81.6673,6.9111757,189490000000.0,0.007596937,0.88932586,0.011591149,0.9947357,2600079993,374.4661,364.33917
441347,2022/5/12,600048.SHA,1.2863,-64667148288.0,0.21,-81.6673,6.8107605,186736000000.0,0.007596937,0.86092716,0.010741365,0.9938922,1938048716,365.9503,359.04556
441348,2022/5/13,600048.SHA,1.2863,-64667148288.0,0.21,-81.6673,7.242982,198587000000.0,0.007596937,0.9458381,0.030947369,0.9934751,2572346408,365.48996,381.83115
441349,2022/5/16,600048.SHA,1.2863,-64667148288.0,0.21,-81.6673,7.3957877,202777000000.0,0.007596937,1.033557,0.37263158,0.99473685,2651642909,394.9501,389.88666
441350,2022/5/17,600048.SHA,1.2863,-64667148288.0,0.21,-81.6673,7.400153,202896000000.0,0.007596937,1.0417948,0.63165647,0.994317,1350312063,384.13272,390.11682
441351,2022/5/18,600048.SHA,1.2863,-64667148288.0,0.21,-81.6673,7.3215675,200742000000.0,0.007596937,1.0194528,0.5091598,0.9930512,1319535488,388.27554,385.97397
441352,2022/5/19,600048.SHA,1.2863,-64667148288.0,0.21,-81.6673,7.5049343,205769000000.0,0.007596937,1.0859128,0.8727617,0.9930512,1573434759,379.9899,395.6406
441353,2022/5/20,600048.SHA,1.2863,-64667148288.0,0.21,-81.6673,7.4394464,203974000000.0,0.007596937,1.0923077,0.8695012,0.9922138,1598708966,402.77548,392.18823
441354,2022/5/23,600048.SHA,1.2863,-64667148288.0,0.21,-81.6673,7.0246882,192602000000.0,0.007596937,0.9698613,0.07009051,0.9928436,2590509163,391.2676,370.32327
441355,2022/5/24,600048.SHA,1.2863,-64667148288.0,0.21,-81.6673,7.063981,193679000000.0,0.007596937,0.95513576,0.20421052,0.9890549,1535786956,368.48203,372.39468
441356,2022/5/25,600048.SHA,1.2863,-64667148288.0,0.21,-81.6673,7.0814447,194158000000.0,0.007596937,0.95693207,0.10811948,0.9880151,901412995,372.39468,373.3153
441357,2022/5/26,600048.SHA,1.2863,-64667148288.0,0.21,-81.6673,7.173128,196672000000.0,0.007596937,0.9797257,0.23928571,0.9873949,1341276341,372.855,378.14862
441358,2022/5/27,600048.SHA,1.2863,-64667148288.0,0.21,-81.6673,7.1207376,195235000000.0,0.007596937,0.9488075,0.11517444,0.98760766,1088415671,376.53754,375.38675
441359,2022/5/30,600048.SHA,1.2863,-64667148288.0,0.21,-81.6673,6.9242735,189849000000.0,0.007596937,0.9307512,0.06801008,0.9882452,1426827478,372.16452,365.02966
441360,2022/5/31,600048.SHA,1.2863,-64667148288.0,0.21,-81.6673,6.7714677,185659000000.0,0.007596937,0.9639528,0.19287212,0.98784834,2363333362,362.95822,356.97415
441361,2022/6/1,600048.SHA,1.2863,-64667148288.0,0.21,-81.6673,6.876249,188532000000.0,0.007596937,0.973424,0.062211983,0.9872251,1317372669,356.97415,362.49792
441362,2022/6/2,600048.SHA,1.2863,-64667148288.0,0.21,-81.6673,6.6797843,183145000000.0,0.007596937,0.9432799,0.050471205,0.9880678,1855641381,359.04556,352.14084
441363,2022/6/6,600048.SHA,1.2863,-64667148288.0,0.21,-81.6673,6.518247,178716000000.0,0.007596937,0.90870357,0.013790222,0.99164575,3197161485,347.76785,343.625
441364,2022/6/7,600048.SHA,1.2863,-64667148288.0,0.21,-81.6673,6.671053,182906000000.0,0.007596937,0.9368485,0.02901879,0.99185807,1712574843,341.0933,351.6805
441365,2022/6/8,600048.SHA,1.2863,-64667148288.0,0.21,-81.6673,6.5837355,180512000000.0,0.007596937,0.9508196,0.051983297,0.9914405,1946273589,350.99005,347.07736
441366,2022/6/9,600048.SHA,1.2863,-64667148288.0,0.21,-81.6673,6.802029,186497000000.0,0.007596937,1.0045131,0.5404051,0.9910211,2458566471,346.3869,358.58524
441367,2022/6/10,600048.SHA,1.2863,-64667148288.0,0.21,-81.6673,6.7801995,185899000000.0,0.007596937,0.9860317,0.2743012,0.99019814,1434577089,356.744,357.43445
441368,2022/6/13,600048.SHA,1.2863,-64667148288.0,0.21,-81.6673,6.4745884,177519000000.0,0.007596937,0.969281,0.20295896,0.989592,1781739414,353.29163,341.32343
441369,2022/6/14,600048.SHA,1.2863,-64667148288.0,0.21,-81.6673,6.6099305,181230000000.0,0.007596937,1.0140656,0.71735054,0.98583627,1404991623,339.48218,348.4583
441370,2022/6/15,600048.SHA,1.2863,-64667148288.0,0.21,-81.6673,6.9286394,189968000000.0,0.007596937,1.0386126,0.83198,0.9866861,2963580268,348.22815,365.2598
441371,2022/6/16,600048.SHA,1.2863,-64667148288.0,0.21,-81.6673,6.8063946,186617000000.0,0.007596937,1.0338197,0.7917968,0.98584515,1585705302,365.48996,358.8154
441372,2022/6/17,600048.SHA,1.2863,-64667148288.0,0.21,-81.6673,6.802029,186497000000.0,0.007596937,1.0,0.27912065,0.9820833,1170895849,357.43445,358.58524
441373,2022/6/20,600048.SHA,1.2863,-64667148288.0,0.21,-81.6673,7.011591,192243000000.0,0.007596937,1.0341276,0.639317,0.9837568,2376865730,362.7281,369.6328
441374,2022/6/21,600048.SHA,1.2863,-64667148288.0,0.21,-81.6673,7.103274,194757000000.0,0.007596937,1.0971005,0.9177768,0.98626715,2479259611,371.01373,374.4661
441375,2022/6/22,600048.SHA,1.2863,-64667148288.0,0.21,-81.6673,7.002859,192003000000.0,0.007596937,1.0594451,0.85514796,0.9860358,1166244517,374.69626,369.1725
441376,2022/6/23,600048.SHA,1.2863,-64667148288.0,0.21,-81.6673,7.23425,198348000000.0,0.007596937,1.0441084,0.7051469,0.98395497,1362694768,369.40265,381.37082
441377,2022/6/24,600048.SHA,1.2863,-64667148288.0,0.21,-81.6673,7.0858107,194278000000.0,0.007596937,1.041052,0.6746611,0.9835348,1576154960,379.75974,373.54547
441378,2022/6/27,600048.SHA,1.2863,-64667148288.0,0.21,-81.6673,7.242982,198587000000.0,0.007596937,1.0648267,0.78486556,0.9860358,1889106970,374.0058,381.83115
441379,2022/6/28,600048.SHA,1.2863,-64667148288.0,0.21,-81.6673,7.0552497,193440000000.0,0.007596937,1.0062267,0.30692244,0.98415345,1649170346,378.8391,371.9344
441380,2022/6/29,600048.SHA,1.2863,-64667148288.0,0.21,-81.6673,7.552959,207086000000.0,0.007596937,1.0633068,0.8501982,0.98540753,3211690817,372.16452,398.17233
441381,2022/6/30,600048.SHA,1.2863,-64667148288.0,0.21,-81.6673,7.6228127,209001000000.0,0.007596937,1.0885286,0.8319433,0.985619,2001350429,402.77548,401.85483
441382,2022/7/1,600048.SHA,1.2863,-64667148288.0,0.21,-81.6673,7.6490083,209719000000.0,0.007596937,1.0573325,0.8039992,0.9860533,2102628181,402.085,403.23578
441383,2022/7/4,600048.SHA,1.2863,-64667148288.0,0.21,-81.6673,7.6053495,208522000000.0,0.007596937,1.073321,0.8676532,0.98707795,1766034083,401.39453,400.9342
441384,2022/7/5,600048.SHA,1.2863,-64667148288.0,0.21,-81.6673,7.4263487,203615000000.0,0.007596937,1.0253164,0.755625,0.989375,2770037995,397.48184,391.49774
441385,2022/7/6,600048.SHA,1.2863,-64667148288.0,0.21,-81.6673,7.072713,193919000000.0,0.007596937,1.0378639,0.8821325,0.9885512,1184225382,391.73602,386.01727
441386,2022/7/7,600048.SHA,1.2863,-64667148288.0,0.21,-81.6673,7.0246882,192602000000.0,0.007596937,0.96288997,0.21965438,0.9848075,1085809680,391.49774,383.39615
441387,2022/7/8,600048.SHA,1.2863,-64667148288.0,0.21,-81.6673,7.0814447,194158000000.0,0.007596937,0.96177477,0.23100936,0.9827335,1098309990,383.63443,386.49384
441388,2022/7/11,600048.SHA,1.2863,-64667148288.0,0.21,-81.6673,6.937371,190208000000.0,0.007596937,0.93898046,0.14401665,0.9783559,1145872742,381.72818,378.63052
441389,2022/7/12,600048.SHA,1.2863,-64667148288.0,0.21,-81.6673,7.077079,194038000000.0,0.007596937,0.96338886,0.52175725,0.9777362,1203321924,379.1071,386.25555
441390,2022/7/13,600048.SHA,1.2863,-64667148288.0,0.21,-81.6673,7.247348,198707000000.0,0.007596937,1.010347,0.7377732,0.97420967,1753735259,390.54462,395.54855
441391,2022/7/14,600048.SHA,1.2863,-64667148288.0,0.21,-81.6673,7.2560797,198946000000.0,0.007596937,1.0259259,0.7454281,0.9796427,1982650229,392.4509,396.02512
441392,2022/7/15,600048.SHA,1.2863,-64667148288.0,0.21,-81.6673,6.791922,188891000000.0,0.007596937,0.9807334,0.5933541,0.98318803,2469435721,400.3142,376.0094
441393,2022/7/18,600048.SHA,1.2863,-64667148288.0,0.21,-81.6673,7.0975156,197390000000.0,0.007596937,1.0166461,0.7039419,0.98589504,1800748311,376.24768,392.92746
441394,2022/7/19,600048.SHA,1.2863,-64667148288.0,0.21,-81.6673,7.10182,197510000000.0,0.007596937,1.038389,0.7091286,0.98631275,1347828801,389.82977,393.16574
441395,2022/7/20,600048.SHA,1.2863,-64667148288.0,0.21,-81.6673,7.037258,195714000000.0,0.007596937,1.0086366,0.2911655,0.9865257,803402664,392.2126,389.5915
441396,2022/7/21,600048.SHA,1.2863,-64667148288.0,0.21,-81.6673,6.791922,188891000000.0,0.007596937,0.9506024,0.07483416,0.98466,1530720586,388.87665,376.0094
441397,2022/7/22,600048.SHA,1.2863,-64667148288.0,0.21,-81.6673,6.7273602,187096000000.0,0.007596937,0.94043326,0.05659204,0.9838409,940821774,377.2008,372.43518
441398,2022/7/25,600048.SHA,1.2863,-64667148288.0,0.21,-81.6673,6.9296546,192722000000.0,0.007596937,1.0202788,0.45011407,0.97988385,1316214620,376.48596,383.63443
441399,2022/7/26,600048.SHA,1.2863,-64667148288.0,0.21,-81.6673,7.329939,203854000000.0,0.007596937,1.032747,0.7108808,0.9827979,2090064838,381.72818,405.79468
441400,2022/7/27,600048.SHA,1.2863,-64667148288.0,0.21,-81.6673,7.4117174,206128000000.0,0.007596937,1.0436363,0.7925389,0.98507774,1621333628,402.69702,410.32205
441401,2022/7/28,600048.SHA,1.2863,-64667148288.0,0.21,-81.6673,7.3084183,203255000000.0,0.007596937,1.0385321,0.7716062,0.9863213,1208269755,406.9861,404.60327
441402,2022/7/29,600048.SHA,1.2863,-64667148288.0,0.21,-81.6673,7.175086,199547000000.0,0.007596937,1.0564005,0.8391377,0.98611975,1231376506,401.7439,397.21652
441403,2022/8/1,600048.SHA,1.2863,-64667148288.0,0.21,-81.6673,6.99431,194520000000.0,0.007596937,1.0396672,0.73907644,0.9884106,2066114274,396.97824,387.20868
441404,2022/8/2,600048.SHA,1.2863,-64667148288.0,0.21,-81.6673,6.903922,192006000000.0,0.007596937,0.9962733,0.66735625,0.9890383,1541558297,383.15787,382.20474
441405,2022/8/3,600048.SHA,1.2863,-64667148288.0,0.21,-81.6673,6.6241493,184225000000.0,0.007596937,0.9036994,0.10008271,0.9859417,1653158056,381.96646,366.7164
441406,2022/8/4,600048.SHA,1.2863,-64667148288.0,0.21,-81.6673,6.5983243,183507000000.0,0.007596937,0.89024395,0.030597478,0.98491114,1084517102,366.00156,365.2867
441407,2022/8/5,600048.SHA,1.2863,-64667148288.0,0.21,-81.6673,6.611237,183866000000.0,0.007596937,0.90459365,0.05954104,0.98326445,933785687,365.2867,366.00156
441408,2022/8/8,600048.SHA,1.2863,-64667148288.0,0.21,-81.6673,6.503632,180873000000.0,0.007596937,0.90641874,0.025614543,0.9836844,1260958163,366.00156,360.0445
441409,2022/8/9,600048.SHA,1.2863,-64667148288.0,0.21,-81.6673,6.5122404,181113000000.0,0.007596937,0.9310769,0.067740604,0.9779108,778269125,358.8531,360.52106
441410,2022/8/10,600048.SHA,1.2863,-64667148288.0,0.21,-81.6673,6.4218526,178599000000.0,0.007596937,0.9301745,0.02953325,0.9739777,833626226,359.8062,355.51712
441411,2022/8/11,600048.SHA,1.2863,-64667148288.0,0.21,-81.6673,6.576803,182908000000.0,0.007596937,0.9928525,0.08491736,0.96984094,955966941,357.18512,364.0953
441412,2022/8/12,600048.SHA,1.2863,-64667148288.0,0.21,-81.6673,6.6930165,186140000000.0,0.007596937,1.0143509,0.26414704,0.9674025,971805723,362.18903,370.5289
441413,2022/8/15,600048.SHA,1.2863,-64667148288.0,0.21,-81.6673,6.7317543,187218000000.0,0.007596937,1.0182291,0.4434352,0.9713284,1284963385,367.66953,372.67346
441414,2022/8/16,600048.SHA,1.2863,-64667148288.0,0.21,-81.6673,6.770492,188295000000.0,0.007596937,1.0410324,0.7126958,0.9655883,816295933,375.77112,374.818
441415,2022/8/17,600048.SHA,1.2863,-64667148288.0,0.21,-81.6673,7.041656,195836000000.0,0.007596937,1.0812955,0.8763397,0.9721879,1715739783,374.818,389.82977
441416,2022/8/18,600048.SHA,1.2863,-64667148288.0,0.21,-81.6673,6.977093,194041000000.0,0.007596937,1.0864612,0.88032955,0.9734404,781929633,390.06805,386.25555
441417,2022/8/19,600048.SHA,1.2863,-64667148288.0,0.21,-81.6673,7.2353444,201223000000.0,0.007596937,1.1001309,0.9322627,0.97653836,1578586353,386.49384,400.5525
441418,2022/8/22,600048.SHA,1.2863,-64667148288.0,0.21,-81.6673,7.1879983,199906000000.0,0.007596937,1.073955,0.8824619,0.9771558,991393326,399.59937,397.93137
441419,2022/8/23,600048.SHA,1.2863,-64667148288.0,0.21,-81.6673,7.0846977,197033000000.0,0.007596937,1.0524296,0.82691914,0.9738737,1041917844,397.93137,392.2126
441420,2022/8/24,600048.SHA,1.2863,-64667148288.0,0.21,-81.6673,7.067481,196555000000.0,0.007596937,1.0438652,0.8963176,0.9728563,975554549,392.4509,391.25946
441421,2022/8/25,600048.SHA,1.2863,-64667148288.0,0.21,-81.6673,7.2697783,202181000000.0,0.007596937,1.0323961,0.88178456,0.96960986,1215031812,395.54855,402.45874
441422,2022/8/26,600048.SHA,1.2863,-64667148288.0,0.21,-81.6673,7.17939,199667000000.0,0.007596937,1.0289944,0.8716633,0.9706546,736139882,401.5056,397.4548
441423,2022/8/29,600048.SHA,1.2863,-64667148288.0,0.21,-81.6673,7.149261,198829000000.0,0.007596937,0.9881023,0.58502567,0.96678287,702731742,392.68918,395.78683
441424,2022/8/30,600048.SHA,5.484,34202810368.0,0.9,227.779,7.2683043,202899000000.0,0.006894507,1.0149701,0.81505024,0.9678147,904608097,396.73996,403.88843
441425,2022/8/31,600048.SHA,5.484,34202810368.0,0.9,227.779,7.4183874,207089000000.0,0.006894507,1.0510328,0.9508096,0.969256,1409226004,403.88843,412.2283
441426,2022/9/1,600048.SHA,5.484,34202810368.0,0.9,227.779,7.4226756,207208000000.0,0.006894507,1.0542022,0.9259791,0.97336066,1137011143,411.27518,412.46658
441427,2022/9/2,600048.SHA,5.484,34202810368.0,0.9,227.779,7.298321,203737000000.0,0.006894507,1.0076969,0.7042196,0.97502047,1099681317,413.4197,405.5564
441428,2022/9/5,600048.SHA,5.484,34202810368.0,0.9,227.779,7.384083,206131000000.0,0.006894507,1.0323741,0.82063884,0.9781007,1053455280,407.46268,410.32205
441429,2022/9/6,600048.SHA,5.484,34202810368.0,0.9,227.779,7.559894,211039000000.0,0.006894507,1.0614088,0.9254862,0.9848516,1667329699,410.08377,420.0916
441430,2022/9/7,600048.SHA,5.484,34202810368.0,0.9,227.779,7.5255895,210081000000.0,0.006894507,1.0353982,0.83643806,0.9836401,855442664,418.18536,418.18536
441431,2022/9/8,600048.SHA,5.484,34202810368.0,0.9,227.779,7.5384536,210440000000.0,0.006894507,1.0161849,0.54876304,0.9828326,951370245,418.9002,418.9002
441432,2022/9/9,600048.SHA,5.484,34202810368.0,0.9,227.779,7.9200935,221094000000.0,0.006894507,1.0670133,0.85550785,0.9899959,2486154980,416.75568,440.10733
441433,2022/9/13,600048.SHA,5.484,34202810368.0,0.9,227.779,7.757146,216545000000.0,0.006894507,1.0628673,0.8696895,0.98978966,1348840687,436.5331,431.0526
441434,2022/9/14,600048.SHA,5.484,34202810368.0,0.9,227.779,7.7785864,217144000000.0,0.006894507,1.0534263,0.870533,0.9906065,1279893857,428.90808,432.24402
441435,2022/9/15,600048.SHA,5.484,34202810368.0,0.9,227.779,8.08304,225643000000.0,0.006894507,1.0692003,0.955047,0.99121374,1927984183,436.05655,449.16205
441436,2022/9/16,600048.SHA,5.484,34202810368.0,0.9,227.779,7.7399936,216067000000.0,0.006894507,1.0284901,0.92849845,0.9944875,2391452357,447.97064,430.0995
441437,2022/9/19,600048.SHA,5.484,34202810368.0,0.9,227.779,7.907229,220735000000.0,0.006894507,1.0489192,0.95304203,0.99551296,1543996495,428.43152,439.3925
441438,2022/9/20,600048.SHA,5.484,34202810368.0,0.9,227.779,7.5641823,211159000000.0,0.006894507,0.95506227,0.63764274,0.99531186,1991075104,440.5839,420.3299
441439,2022/9/21,600048.SHA,5.484,34202810368.0,0.9,227.779,7.6456556,213433000000.0,0.006894507,0.9856274,0.8310921,0.9957221,1123776378,420.3299,424.85727
441440,2022/9/22,600048.SHA,5.484,34202810368.0,0.9,227.779,7.5127254,209722000000.0,0.006894507,0.9658214,0.6869778,0.99551755,1436822266,425.33383,417.47052
441441,2022/9/23,600048.SHA,5.484,34202810368.0,0.9,227.779,7.5255895,210081000000.0,0.006894507,0.9310345,0.25687513,0.9944999,987855419,415.56427,418.18536
441442,2022/9/26,600048.SHA,5.484,34202810368.0,0.9,227.779,7.585623,211757000000.0,0.006894507,0.9800554,0.71908736,0.992674,1155124888,424.14243,421.52133
441443,2022/9/27,600048.SHA,5.484,34202810368.0,0.9,227.779,7.5770464,211518000000.0,0.006894507,0.9582429,0.12983313,0.9912513,1085098187,422.23618,421.04474
441444,2022/9/28,600048.SHA,5.484,34202810368.0,0.9,227.779,7.5127254,209722000000.0,0.006894507,0.9931973,0.8352319,0.9873984,812062535,418.9002,417.47052
441445,2022/9/29,600048.SHA,5.484,34202810368.0,0.9,227.779,7.409811,206849000000.0,0.006894507,0.9691531,0.72773486,0.988209,997017333,417.7088,411.75174
441446,2022/9/30,600048.SHA,5.484,34202810368.0,0.9,227.779,7.718553,215468000000.0,0.006894507,1.0273973,0.92607284,0.9898353,1712173406,420.80646,428.90808
441447,2022/10/10,600048.SHA,5.484,34202810368.0,0.9,227.779,7.855772,219299000000.0,0.006894507,1.0438746,0.94025606,0.9932995,2049241050,424.14243,436.5331
441448,2022/10/11,600048.SHA,5.484,34202810368.0,0.9,227.779,7.6713843,214151000000.0,0.006894507,1.0113058,0.83285946,0.9935065,1051209014,436.5331,426.28696
441449,2022/10/12,600048.SHA,5.484,34202810368.0,0.9,227.779,7.774298,217024000000.0,0.006894507,1.0260328,0.89285713,0.99269927,1056581690,423.90414,432.00574
441450,2022/10/13,600048.SHA,5.484,34202810368.0,0.9,227.779,7.5813346,211637000000.0,0.006894507,1.0091325,0.525355,0.99432397,1684132388,428.90808,421.28305
441451,2022/10/14,600048.SHA,5.484,34202810368.0,0.9,227.779,7.396947,206490000000.0,0.006894507,0.9982639,0.18338399,0.9945322,1880827424,421.28305,411.0369
441452,2022/10/17,600048.SHA,5.484,34202810368.0,0.9,227.779,7.3283377,204575000000.0,0.006894507,0.9494445,0.032218844,0.99351835,1479980532,405.5564,407.2244
441453,2022/10/18,600048.SHA,5.484,34202810368.0,0.9,227.779,7.199695,200984000000.0,0.006894507,0.9164847,0.006684221,0.9912938,1106480073,407.2244,400.07593
441454,2022/10/19,600048.SHA,5.484,34202810368.0,0.9,227.779,7.2339997,201941000000.0,0.006894507,0.94298494,0.017405383,0.9904916,940729005,399.59937,401.98218
441455,2022/10/20,600048.SHA,5.484,34202810368.0,0.9,227.779,7.1182213,198709000000.0,0.006894507,0.9156095,0.016791422,0.99049735,1060228357,401.7439,395.54855
441456,2022/10/21,600048.SHA,5.484,34202810368.0,0.9,227.779,7.1911187,200744000000.0,0.006894507,0.9485294,0.05195068,0.9894907,1346598334,397.93137,399.59937
441457,2022/10/24,600048.SHA,5.484,34202810368.0,0.9,227.779,6.9638505,194400000000.0,0.006894507,0.9414493,0.13540825,0.9888844,1505906466,393.40402,386.9704
441458,2022/10/25,600048.SHA,5.484,34202810368.0,0.9,227.779,6.9252577,193323000000.0,0.006894507,0.944997,0.24949454,0.9876743,1147468452,387.68524,384.82584
441459,2022/10/26,600048.SHA,5.484,34202810368.0,0.9,227.779,6.642244,185422000000.0,0.006894507,0.9225729,0.08166566,0.98969907,1752722192,383.63443,369.0992
441460,2022/10/27,600048.SHA,5.484,34202810368.0,0.9,227.779,6.7322936,187936000000.0,0.006894507,0.9306461,0.09794023,0.9892973,1080774116,369.81406,374.10315
441461,2022/10/28,600048.SHA,5.484,34202810368.0,0.9,227.779,6.5736346,183507000000.0,0.006894507,0.923494,0.19963665,0.988696,985624309,374.10315,365.2867
441462,2022/10/31,600048.SHA,6.598,-61524148224.0,1.09,-72.6572,6.1413374,165192000000.0,0.009116103,0.82289803,0.016357027,0.99010503,2495909822,353.84915,328.82953
441463,2022/11/1,600048.SHA,6.598,-61524148224.0,1.09,-72.6572,6.0567827,162918000000.0,0.009116103,0.8380542,0.01029887,0.99233097,3366806582,325.49356,324.30215
441464,2022/11/2,600048.SHA,6.598,-61524148224.0,1.09,-72.6572,6.2169914,167227000000.0,0.009116103,0.8650155,0.012515139,0.9929407,2086048643,319.05994,332.8803
441465,2022/11/3,600048.SHA,6.598,-61524148224.0,1.09,-72.6572,6.079034,163516000000.0,0.009116103,0.88185924,0.017947167,0.9929435,1303373973,327.16153,325.49356
441466,2022/11/4,600048.SHA,6.598,-61524148224.0,1.09,-72.6572,6.2570434,168304000000.0,0.009116103,0.8955414,0.010076582,0.9925463,1475325053,324.54044,335.02487
441467,2022/11/7,600048.SHA,6.598,-61524148224.0,1.09,-72.6572,6.248143,168065000000.0,0.009116103,0.91585124,0.006847936,0.9915476,1118703974,334.31,334.54828
441468,2022/11/8,600048.SHA,6.598,-61524148224.0,1.09,-72.6572,6.230342,167586000000.0,0.009116103,1.0144928,0.1350916,0.9897384,1287795951,334.54828,333.59515
441469,2022/11/9,600048.SHA,6.598,-61524148224.0,1.09,-72.6572,6.386101,171776000000.0,0.009116103,1.0543717,0.7001409,0.9881264,1990921838,339.07565,341.93503
441470,2022/11/10,600048.SHA,6.598,-61524148224.0,1.09,-72.6572,6.4039016,172255000000.0,0.009116103,1.0300645,0.6419952,0.9877313,940626016,340.26706,342.88818
441471,2022/11/11,600048.SHA,6.598,-61524148224.0,1.09,-72.6572,7.044737,189492000000.0,0.009116103,1.158858,0.97084254,0.9887392,2896761506,350.5132,377.2008
441472,2022/11/14,600048.SHA,6.598,-61524148224.0,1.09,-72.6572,7.249448,194999000000.0,0.009116103,1.1586059,0.9748542,0.9931631,3670924757,396.02512,388.1618
441473,2022/11/15,600048.SHA,6.598,-61524148224.0,1.09,-72.6572,7.1648936,192724000000.0,0.009116103,1.1467236,0.96903276,0.99396867,2184572290,384.58755,383.63443
441474,2022/11/16,600048.SHA,6.598,-61524148224.0,1.09,-72.6572,6.9646325,187337000000.0,0.009116103,1.1178572,0.95495677,0.99477494,1645858804,381.4899,372.91174
441475,2022/11/17,600048.SHA,6.598,-61524148224.0,1.09,-72.6572,6.9868836,187936000000.0,0.009116103,1.0940768,0.92120606,0.9925643,1030497390,371.24377,374.10315
441476,2022/11/18,600048.SHA,6.598,-61524148224.0,1.09,-72.6572,6.9290304,186380000000.0,0.009116103,1.0820014,0.9041206,0.99216396,1189697957,373.3883,371.0055
441477,2022/11/21,600048.SHA,6.598,-61524148224.0,1.09,-72.6572,6.960182,187218000000.0,0.009116103,0.98799753,0.27480915,0.9913637,1489651180,365.76328,372.67346
441478,2022/11/22,600048.SHA,6.598,-61524148224.0,1.09,-72.6572,6.9957843,188175000000.0,0.009116103,0.9650092,0.15217827,0.98835576,1203228215,374.34143,374.5797
441479,2022/11/23,600048.SHA,6.598,-61524148224.0,1.09,-72.6572,7.0402865,189372000000.0,0.009116103,0.9826087,0.5676435,0.9849579,792832859,371.48206,376.96252
441480,2022/11/24,600048.SHA,6.598,-61524148224.0,1.09,-72.6572,7.089239,190689000000.0,0.009116103,1.0178914,0.82157177,0.9843656,1226574839,384.111,379.58365
441481,2022/11/25,600048.SHA,6.598,-61524148224.0,1.09,-72.6572,7.4942117,201582000000.0,0.009116103,1.0726115,0.9577069,0.9909892,2543876839,380.53677,401.26733
441482,2022/11/28,600048.SHA,6.598,-61524148224.0,1.09,-72.6572,7.267249,195477000000.0,0.009116103,1.0488118,0.9201201,0.99179345,1233717956,390.7829,389.11493
441483,2022/11/29,600048.SHA,6.598,-61524148224.0,1.09,-72.6572,7.9659376,214271000000.0,0.009116103,1.1445012,0.98039216,0.9942,3489985279,403.88843,426.52524
441484,2022/11/30,600048.SHA,6.598,-61524148224.0,1.09,-72.6572,7.409657,199308000000.0,0.009116103,1.0591604,0.8879776,0.995199,3485165453,416.75568,396.73996
441485,2022/12/1,600048.SHA,6.598,-61524148224.0,1.09,-72.6572,7.374055,198350000000.0,0.009116103,1.0474083,0.82116425,0.9962,2051265544,399.12277,394.8337
441486,2022/12/2,600048.SHA,6.598,-61524148224.0,1.09,-72.6572,7.1871448,193323000000.0,0.009116103,1.0138104,0.5133027,0.9964007,2346771709,390.7829,384.82584
441487,2022/12/5,600048.SHA,6.598,-61524148224.0,1.09,-72.6572,7.253898,195118000000.0,0.009116103,0.9679335,0.07482993,0.99539906,2042446201,385.06412,388.4001
441488,2022/12/6,600048.SHA,6.598,-61524148224.0,1.09,-72.6572,7.1604433,192604000000.0,0.009116103,0.9853031,0.130026,0.9954,1489644465,384.82584,383.39615
441489,2022/12/7,600048.SHA,6.598,-61524148224.0,1.09,-72.6572,6.9868836,187936000000.0,0.009116103,0.877095,0.007,0.9942023,1611848625,381.01334,374.10315
441490,2022/12/8,600048.SHA,6.598,-61524148224.0,1.09,-72.6572,7.09814,190929000000.0,0.009116103,0.957958,0.09166334,0.9932054,1461476108,374.10315,380.0602
441491,2022/12/9,600048.SHA,6.598,-61524148224.0,1.09,-72.6572,7.320652,196914000000.0,0.009116103,0.992758,0.43262696,0.9930056,2023666441,383.39615,391.9743
441492,2022/12/12,600048.SHA,6.598,-61524148224.0,1.09,-72.6572,7.009135,188534000000.0,0.009116103,0.97523224,0.3515079,0.98961663,1204854750,387.44696,375.29456
441493,2022/12/13,600048.SHA,6.598,-61524148224.0,1.09,-72.6572,7.10259,191048000000.0,0.009116103,0.9791411,0.5409345,0.98742265,1022881571,374.5797,380.2985
441494,2022/12/14,600048.SHA,6.598,-61524148224.0,1.09,-72.6572,7.0180354,188774000000.0,0.009116103,0.9801119,0.5327476,0.987026,835218196,379.82193,375.77112
441495,2022/12/15,600048.SHA,6.598,-61524148224.0,1.09,-72.6572,6.9957843,188175000000.0,0.009116103,1.0012739,0.73393214,0.988233,1602559398,371.72034,374.5797
441496,2022/12/16,600048.SHA,6.598,-61524148224.0,1.09,-72.6572,7.1292915,191767000000.0,0.009116103,1.0043887,0.7810568,0.9888424,1378118215,377.91565,381.72818
441497,2022/12/19,600048.SHA,6.598,-61524148224.0,1.09,-72.6572,7.0180354,188774000000.0,0.009116103,0.9586626,0.5645065,0.9874452,1251188343,380.2985,375.77112
441498,2022/12/20,600048.SHA,6.598,-61524148224.0,1.09,-72.6572,6.848926,184225000000.0,0.009116103,0.9771429,0.74581504,0.98684996,774385314,369.81406,366.7164
441499,2022/12/21,600048.SHA,6.598,-61524148224.0,1.09,-72.6572,6.8444757,184105000000.0,0.009116103,0.96365917,0.6593538,0.9866427,567291905,366.00156,366.47812
441500,2022/12/22,600048.SHA,6.598,-61524148224.0,1.09,-72.6572,6.880078,185063000000.0,0.009116103,0.98034245,0.8705953,0.986473,530720481,369.81406,368.38437
441501,2022/12/23,600048.SHA,6.598,-61524148224.0,1.09,-72.6572,6.969083,187457000000.0,0.009116103,0.9961832,0.9204455,0.98131955,710987981,365.76328,373.15002
441502,2022/1/10,600050.SHA,3.8105,-72130994176.0,0.185,-29.8386,19.47413,124895000000.0,0.001682417,1.0280613,0.68807536,0.87842464,518489127,6.544592,6.5936766
441503,2022/1/11,600050.SHA,3.8105,-72130994176.0,0.185,-29.8386,19.47413,124895000000.0,0.001682417,1.0254453,0.7138271,0.8837757,387689217,6.5936766,6.5936766
441504,2022/1/12,600050.SHA,3.8105,-72130994176.0,0.185,-29.8386,19.377483,124275000000.0,0.001682417,1.0050125,0.60209763,0.861545,282671801,6.577315,6.5609536
441505,2022/1/13,600050.SHA,3.8105,-72130994176.0,0.185,-29.8386,19.377483,124275000000.0,0.001682417,1.0075377,0.5842072,0.846631,260519246,6.577315,6.5609536
441506,2022/1/14,600050.SHA,3.8105,-72130994176.0,0.185,-29.8386,19.184193,123036000000.0,0.001682417,1.0025253,0.7139495,0.8468777,344522186,6.5609536,6.4955077
441507,2022/1/17,600050.SHA,3.8105,-72130994176.0,0.185,-29.8386,19.184193,123036000000.0,0.001682417,0.9949875,0.3885323,0.8267009,244409004,6.511869,6.4955077
441508,2022/1/18,600050.SHA,3.8105,-72130994176.0,0.185,-29.8386,19.425808,124585000000.0,0.001682417,0.9975186,0.59666383,0.8142766,445998182,6.511869,6.577315
441509,2022/1/19,600050.SHA,3.8105,-72130994176.0,0.185,-29.8386,19.377483,124275000000.0,0.001682417,0.9950372,0.525652,0.7980769,242835880,6.5609536,6.5609536
441510,2022/1/20,600050.SHA,3.8105,-72130994176.0,0.185,-29.8386,19.377483,124275000000.0,0.001682417,1.0,0.7707265,0.8015381,338619343,6.5609536,6.5609536
441511,2022/1/21,600050.SHA,3.8105,-72130994176.0,0.185,-29.8386,19.32916,123966000000.0,0.001682417,0.9975062,0.7686392,0.81717217,369070464,6.544592,6.544592
441512,2022/1/24,600050.SHA,3.8105,-72130994176.0,0.185,-29.8386,19.184193,123036000000.0,0.001682417,1.0,0.75886375,0.82326573,319154168,6.544592,6.4955077
441513,2022/1/25,600050.SHA,3.8105,-72130994176.0,0.185,-29.8386,18.459349,118387000000.0,0.001682417,0.9622166,0.8105915,0.86449,698021414,6.479146,6.2500854
441514,2022/1/26,600050.SHA,3.8105,-72130994176.0,0.185,-29.8386,18.411026,118077000000.0,0.001682417,0.94776124,0.6826041,0.876841,462206655,6.266447,6.233724
441515,2022/1/27,600050.SHA,3.8105,-72130994176.0,0.185,-29.8386,17.927797,114978000000.0,0.001682417,0.925187,0.70243174,0.9004052,560039609,6.2173624,6.070109
441516,2022/1/28,600050.SHA,3.8105,-72130994176.0,0.185,-29.8386,17.927797,114978000000.0,0.001682417,0.925187,0.41036028,0.90686274,351583462,6.0864706,6.070109
441517,2022/2/7,600050.SHA,3.8105,-72130994176.0,0.185,-29.8386,18.16941,116528000000.0,0.001682417,0.94,0.34622762,0.9109501,366157639,6.102832,6.1519165
441518,2022/2/8,600050.SHA,3.8105,-72130994176.0,0.185,-29.8386,18.942577,121486000000.0,0.001682417,0.98740554,0.58470064,0.9326944,920905531,6.1519165,6.4137
441519,2022/2/9,600050.SHA,3.8105,-72130994176.0,0.185,-29.8386,19.570776,125515000000.0,0.001682417,1.0602094,0.7476576,0.9404002,1023063915,6.430062,6.6263995
441520,2022/2/10,600050.SHA,3.8105,-72130994176.0,0.185,-29.8386,19.377483,124275000000.0,0.001682417,1.0524935,0.75734043,0.9421646,650805029,6.5936766,6.5609536
441521,2022/2/11,600050.SHA,3.8105,-72130994176.0,0.185,-29.8386,19.32916,123966000000.0,0.001682417,1.0781671,0.80586857,0.9373141,473287777,6.544592,6.544592
441522,2022/2/14,600050.SHA,3.8105,-72130994176.0,0.185,-29.8386,19.13587,122726000000.0,0.001682417,1.0673854,0.8184619,0.93499047,323110160,6.544592,6.479146
441523,2022/2/15,600050.SHA,3.8105,-72130994176.0,0.185,-29.8386,18.9909,121796000000.0,0.001682417,1.0452127,0.8228547,0.9313934,255825985,6.479146,6.430062
441524,2022/2/16,600050.SHA,3.8105,-72130994176.0,0.185,-29.8386,19.184193,123036000000.0,0.001682417,1.0127552,0.6505205,0.9182243,366111621,6.479146,6.4955077
441525,2022/2/17,600050.SHA,3.8105,-72130994176.0,0.185,-29.8386,19.039225,122106000000.0,0.001682417,0.9728395,0.346644,0.88577497,302336390,6.479146,6.446423
441526,2022/2/18,600050.SHA,3.8105,-72130994176.0,0.185,-29.8386,19.13587,122726000000.0,0.001682417,0.9875311,0.40384206,0.86266184,229074729,6.446423,6.479146
441527,2022/2/21,600050.SHA,3.8105,-72130994176.0,0.185,-29.8386,19.184193,123036000000.0,0.001682417,0.99250007,0.17154989,0.8537155,340359526,6.462785,6.4955077
441528,2022/2/22,600050.SHA,3.8105,-72130994176.0,0.185,-29.8386,18.9909,121796000000.0,0.001682417,0.9924243,0.25270757,0.84734607,309462982,6.462785,6.430062
441529,2022/2/23,600050.SHA,3.8105,-72130994176.0,0.185,-29.8386,18.9909,121796000000.0,0.001682417,1.0,0.23651804,0.83959264,226566734,6.430062,6.430062
441530,2022/2/24,600050.SHA,3.8105,-72130994176.0,0.185,-29.8386,18.700964,119937000000.0,0.001682417,0.9748111,0.34408146,0.83029276,470553648,6.430062,6.331893
441531,2022/2/25,600050.SHA,3.8105,-72130994176.0,0.185,-29.8386,18.604319,119317000000.0,0.001682417,0.9771574,0.23249894,0.82230705,277811263,6.348254,6.29917
441532,2022/2/28,600050.SHA,3.8105,-72130994176.0,0.185,-29.8386,18.459349,118387000000.0,0.001682417,0.96464646,0.22895016,0.8203986,272566246,6.2828083,6.2500854
441533,2022/3/1,600050.SHA,3.8105,-72130994176.0,0.185,-29.8386,18.604319,119317000000.0,0.001682417,0.9697733,0.28619885,0.8101293,230162760,6.266447,6.29917
441534,2022/3/2,600050.SHA,3.8105,-72130994176.0,0.185,-29.8386,18.555994,119007000000.0,0.001682417,0.9770992,0.20686732,0.80741525,226277183,6.266447,6.2828083
441535,2022/3/3,600050.SHA,3.8105,-72130994176.0,0.185,-29.8386,18.652641,119627000000.0,0.001682417,0.9821883,0.4279661,0.8120763,269365363,6.29917,6.3155313
441536,2022/3/4,600050.SHA,3.8105,-72130994176.0,0.185,-29.8386,18.555994,119007000000.0,0.001682417,0.992248,0.39112476,0.8047024,305626670,6.3155313,6.2828083
441537,2022/3/7,600050.SHA,3.8105,-72130994176.0,0.185,-29.8386,18.217735,116838000000.0,0.001682417,0.9792207,0.4987288,0.8105018,327187400,6.266447,6.1682777
441538,2022/3/8,600050.SHA,3.8105,-72130994176.0,0.185,-29.8386,17.97612,115288000000.0,0.001682417,0.973822,0.69661015,0.8184322,393262176,6.1682777,6.0864706
441539,2022/3/9,600050.SHA,3.8105,-72130994176.0,0.185,-29.8386,17.734505,113738000000.0,0.001682417,0.9532467,0.7246715,0.84251803,518195953,6.102832,6.004663
441540,2022/3/10,600050.SHA,3.8105,-72130994176.0,0.185,-29.8386,17.68432,113417000000.0,0.001682417,0.953125,0.6511973,0.84657764,350785549,6.0864706,5.9883018
441541,2022/3/11,600050.SHA,3.8105,-72130994176.0,0.185,-29.8386,17.829275,114346000000.0,0.001682417,0.95595855,0.6176907,0.85405636,337890114,5.939217,6.037386
441542,2022/3/14,600050.SHA,4.2472,33700470784.0,0.206,-61.6713,17.790443,112177000000.0,0.001685766,0.9427084,0.61558,0.8552687,319649565,5.97194,5.922856
441543,2022/3/15,600050.SHA,4.2472,33700470784.0,0.206,-61.6713,16.807547,105979000000.0,0.001685766,0.9071619,0.6122276,0.87267345,598538379,5.873771,5.5956264
441544,2022/3/16,600050.SHA,4.2472,33700470784.0,0.206,-61.6713,17.298996,109078000000.0,0.001685766,0.94623655,0.45262268,0.8779869,514812789,5.6447105,5.759241
441545,2022/3/17,600050.SHA,4.2472,33700470784.0,0.206,-61.6713,17.249851,108768000000.0,0.001685766,0.95640326,0.25629097,0.87463003,465644695,5.791964,5.7428794
441546,2022/3/18,600050.SHA,4.2472,33700470784.0,0.206,-61.6713,17.64301,111247000000.0,0.001685766,0.9808743,0.48762953,0.8831361,473525615,5.7101564,5.873771
441547,2022/3/21,600050.SHA,4.2472,33700470784.0,0.206,-61.6713,17.34814,109388000000.0,0.001685766,0.9566396,0.22036763,0.8882788,410045259,5.8410482,5.7756023
441548,2022/3/22,600050.SHA,4.2472,33700470784.0,0.206,-61.6713,17.298996,109078000000.0,0.001685766,0.9723757,0.14864865,0.88647395,287752824,5.726518,5.759241
441549,2022/3/23,600050.SHA,4.2472,33700470784.0,0.206,-61.6713,17.397285,109698000000.0,0.001685766,1.0350877,0.1964135,0.87217885,272345334,5.7756023,5.791964
441550,2022/3/24,600050.SHA,4.2472,33700470784.0,0.206,-61.6713,17.397285,109698000000.0,0.001685766,1.0056819,0.3072378,0.8673276,397333084,5.759241,5.791964
441551,2022/3/25,600050.SHA,4.2472,33700470784.0,0.206,-61.6713,17.249851,108768000000.0,0.001685766,1.0,0.4574805,0.8589203,261448332,5.7756023,5.7428794
441552,2022/3/28,600050.SHA,4.2472,33700470784.0,0.206,-61.6713,17.397285,109698000000.0,0.001685766,0.9860725,0.48070842,0.84717536,320356444,5.7101564,5.791964
441553,2022/3/29,600050.SHA,4.2472,33700470784.0,0.206,-61.6713,17.34814,109388000000.0,0.001685766,1.0,0.7473651,0.8298589,166471285,5.8083253,5.7756023
441554,2022/3/30,600050.SHA,4.2472,33700470784.0,0.206,-61.6713,17.44643,110008000000.0,0.001685766,1.0085226,0.730259,0.8271943,249979444,5.791964,5.8083253
441555,2022/3/31,600050.SHA,4.2472,33700470784.0,0.206,-61.6713,17.54472,110628000000.0,0.001685766,1.0084746,0.72777075,0.8173583,205187894,5.791964,5.8410482
441556,2022/4/1,600050.SHA,4.2472,33700470784.0,0.206,-61.6713,17.593864,110938000000.0,0.001685766,1.0112994,0.662874,0.7910699,205684322,5.8083253,5.85741
441557,2022/4/6,600050.SHA,4.2472,33700470784.0,0.206,-61.6713,17.741299,111867000000.0,0.001685766,1.0284901,0.68626213,0.79544973,324969250,5.8410482,5.906494
441558,2022/4/7,600050.SHA,4.2472,33700470784.0,0.206,-61.6713,17.44643,110008000000.0,0.001685766,1.0028248,0.6409608,0.77995366,236106099,5.890133,5.8083253
441559,2022/4/8,600050.SHA,4.2472,33700470784.0,0.206,-61.6713,17.495575,110318000000.0,0.001685766,1.0084987,0.65971786,0.784,207749057,5.8083253,5.824687
441560,2022/4/11,600050.SHA,4.2472,33700470784.0,0.206,-61.6713,17.249851,108768000000.0,0.001685766,0.9887324,0.7475258,0.78484213,276914429,5.824687,5.7428794
441561,2022/4/12,600050.SHA,4.2472,33700470784.0,0.206,-61.6713,17.397285,109698000000.0,0.001685766,0.9915967,0.6862374,0.80496526,318572032,5.726518,5.791964
441562,2022/4/13,600050.SHA,4.2472,33700470784.0,0.206,-61.6713,17.34814,109388000000.0,0.001685766,0.9860335,0.73480546,0.8084525,241111850,5.791964,5.7756023
441563,2022/4/14,600050.SHA,4.2472,33700470784.0,0.206,-61.6713,17.397285,109698000000.0,0.001685766,0.9806095,0.73323524,0.7944946,185109752,5.791964,5.791964
441564,2022/4/15,600050.SHA,4.2472,33700470784.0,0.206,-61.6713,17.34814,109388000000.0,0.001685766,0.9943662,0.76340693,0.79373425,186129398,5.7756023,5.7756023
441565,2022/4/18,600050.SHA,4.2472,33700470784.0,0.206,-61.6713,17.249851,108768000000.0,0.001685766,0.985955,0.6886177,0.79848546,175874030,5.759241,5.7428794
441566,2022/4/19,600050.SHA,4.2472,33700470784.0,0.206,-61.6713,17.397285,109698000000.0,0.001685766,1.0085471,0.597266,0.7955023,199133332,5.7428794,5.791964
441567,2022/4/20,600050.SHA,4.2472,33700470784.0,0.206,-61.6713,17.44643,110008000000.0,0.001685766,1.0028248,0.7423287,0.78067225,202392489,5.8083253,5.8083253
441568,2022/4/21,600050.SHA,4.2472,33700470784.0,0.206,-61.6713,17.102415,107839000000.0,0.001685766,0.98583573,0.74443513,0.7948341,306993249,5.791964,5.693795
441569,2022/4/22,600050.SHA,1.3514,-48244957184.0,0.067,222.5923,16.416893,109078000000.0,0.00171051,0.9943503,0.8388994,0.8141927,300346937,5.693795,5.759241
441570,2022/4/25,600050.SHA,1.3514,-48244957184.0,0.067,222.5923,15.997142,106289000000.0,0.00171051,0.9716714,0.904262,0.8576527,466665238,5.726518,5.6119876
441571,2022/4/26,600050.SHA,1.3514,-48244957184.0,0.067,222.5923,15.997142,106289000000.0,0.00171051,0.97720796,0.9464286,0.86673665,349144119,5.6283493,5.6119876
441572,2022/4/27,600050.SHA,1.3514,-48244957184.0,0.067,222.5923,16.183699,107529000000.0,0.00171051,0.980226,0.92984664,0.8782536,404684860,5.5792646,5.6774335
441573,2022/4/28,600050.SHA,1.3514,-48244957184.0,0.067,222.5923,16.276976,108149000000.0,0.00171051,0.9830986,0.9144059,0.8860866,312155201,5.6610723,5.7101564
441574,2022/4/29,600050.SHA,1.3514,-48244957184.0,0.067,222.5923,16.416893,109078000000.0,0.00171051,1.0114943,0.8565419,0.88020176,271645843,5.693795,5.759241
441575,2022/5/5,600050.SHA,1.3514,-48244957184.0,0.067,222.5923,16.463531,109388000000.0,0.00171051,1.0028409,0.74622744,0.87441564,238267521,5.759241,5.7756023
441576,2022/5/6,600050.SHA,1.3514,-48244957184.0,0.067,222.5923,16.137058,107219000000.0,0.00171051,1.0087464,0.4156118,0.85572666,189534007,5.726518,5.6610723
441577,2022/5/9,600050.SHA,1.3514,-48244957184.0,0.067,222.5923,16.230337,107839000000.0,0.00171051,1.0145773,0.17383966,0.8375527,136129166,5.6447105,5.693795
441578,2022/5/10,600050.SHA,1.3514,-48244957184.0,0.067,222.5923,16.323614,108458000000.0,0.00171051,1.0086455,0.17499472,0.8183351,233337439,5.6610723,5.726518
441579,2022/5/11,600050.SHA,1.3514,-48244957184.0,0.067,222.5923,16.276976,108149000000.0,0.00171051,1.0,0.08271865,0.7961676,239734484,5.7101564,5.7101564
441580,2022/5/12,600050.SHA,1.3514,-48244957184.0,0.067,222.5923,16.276976,108149000000.0,0.00171051,0.99147725,0.1432182,0.78454083,176942021,5.693795,5.7101564
441581,2022/5/13,600050.SHA,1.3514,-48244957184.0,0.067,222.5923,16.370253,108768000000.0,0.00171051,0.9943343,0.14905263,0.77478427,161697317,5.693795,5.7428794
441582,2022/5/16,600050.SHA,1.3514,-48244957184.0,0.067,222.5923,16.276976,108149000000.0,0.00171051,1.0086704,0.14863157,0.76610523,144040115,5.7428794,5.7101564
441583,2022/5/17,600050.SHA,1.3514,-48244957184.0,0.067,222.5923,16.370253,108768000000.0,0.00171051,1.0086206,0.31688064,0.76573354,149611213,5.693795,5.7428794
441584,2022/5/18,600050.SHA,1.3514,-48244957184.0,0.067,222.5923,16.276976,108149000000.0,0.00171051,0.9971428,0.26426616,0.75868607,178670545,5.7428794,5.7101564
441585,2022/5/19,600050.SHA,1.3514,-48244957184.0,0.067,222.5923,16.370253,108768000000.0,0.00171051,1.0057306,0.31535706,0.76479256,217466302,5.6774335,5.7428794
441586,2022/5/20,600050.SHA,1.3514,-48244957184.0,0.067,222.5923,16.51017,109698000000.0,0.00171051,1.0143267,0.36823827,0.7811448,263034421,5.7428794,5.791964
441587,2022/5/23,600050.SHA,1.3514,-48244957184.0,0.067,222.5923,16.416893,109078000000.0,0.00171051,1.0028491,0.21805936,0.79120183,239162651,5.7756023,5.759241
441588,2022/5/24,600050.SHA,1.3514,-48244957184.0,0.067,222.5923,16.183699,107529000000.0,0.00171051,0.9942694,0.5705263,0.7987792,266482836,5.7428794,5.6774335
441589,2022/5/25,600050.SHA,1.3514,-48244957184.0,0.067,222.5923,16.230337,107839000000.0,0.00171051,0.99145305,0.33634833,0.80761147,206715004,5.6610723,5.693795
441590,2022/5/26,600050.SHA,1.3514,-48244957184.0,0.067,222.5923,16.230337,107839000000.0,0.00171051,0.9971347,0.3894958,0.8132353,236087312,5.693795,5.693795
441591,2022/5/27,600050.SHA,1.3514,-48244957184.0,0.067,222.5923,16.276976,108149000000.0,0.00171051,0.994302,0.41971415,0.8153749,229323326,5.693795,5.7101564
441592,2022/5/30,600050.SHA,1.3514,-48244957184.0,0.067,222.5923,16.230337,107839000000.0,0.00171051,0.9830509,0.34256926,0.8062552,202292118,5.693795,5.693795
441593,2022/5/31,600050.SHA,1.3514,-48244957184.0,0.067,222.5923,16.230337,107839000000.0,0.00171051,0.9886364,0.40377358,0.81374395,299773929,5.7101564,5.693795
441594,2022/6/1,600050.SHA,1.3514,-48244957184.0,0.067,222.5923,16.183699,107529000000.0,0.00171051,1.0,0.13751571,0.8157068,254978437,5.693795,5.6774335
441595,2022/6/2,600050.SHA,1.3514,-48244957184.0,0.067,222.5923,16.183699,107529000000.0,0.00171051,0.9971264,0.19727749,0.81243455,235143562,5.6610723,5.6774335
441596,2022/6/6,600050.SHA,1.3514,-48244957184.0,0.067,222.5923,16.183699,107529000000.0,0.00171051,0.9971264,0.15628918,0.81808686,337366836,5.6774335,5.6774335
441597,2022/6/7,600050.SHA,1.3514,-48244957184.0,0.067,222.5923,16.230337,107839000000.0,0.00171051,0.9971347,0.16868477,0.8223382,346990008,5.6774335,5.693795
441598,2022/6/8,600050.SHA,1.3514,-48244957184.0,0.067,222.5923,16.230337,107839000000.0,0.00171051,1.0,0.23277661,0.8283925,318473861,5.693795,5.693795
441599,2022/6/9,600050.SHA,1.3514,-48244957184.0,0.067,222.5923,16.230337,107839000000.0,0.00171051,1.0,0.5035498,0.8398413,421050816,5.6774335,5.693795
441600,2022/6/10,600050.SHA,1.3514,-48244957184.0,0.067,222.5923,16.323614,108458000000.0,0.00171051,1.0086455,0.50365037,0.8813347,841667385,5.6774335,5.726518
449417,2022/1/10,600104.SHA,7.6652,-46818820096.0,1.758,8.7952,10.045633,242432000000.0,0.004134196,1.0107161,0.5360736,0.9244435,581957476,209.51056,208.60577
449418,2022/1/11,600104.SHA,7.6652,-46818820096.0,1.758,8.7952,9.832618,237291000000.0,0.004134196,0.98448867,0.41224316,0.93942636,968072316,208.1031,204.18233
449419,2022/1/12,600104.SHA,7.6652,-46818820096.0,1.758,8.7952,9.861666,237992000000.0,0.004134196,0.98453367,0.40261132,0.94478923,965854229,205.08711,204.78552
449420,2022/1/13,600104.SHA,7.6652,-46818820096.0,1.758,8.7952,9.740634,235071000000.0,0.004134196,0.9603819,0.21998715,0.9424599,765815995,204.18233,202.2722
449421,2022/1/14,600104.SHA,7.6652,-46818820096.0,1.758,8.7952,9.595396,231566000000.0,0.004134196,0.96166915,0.3254172,0.9450385,929956993,201.3674,199.25621
449422,2022/1/17,600104.SHA,7.6652,-46818820096.0,1.758,8.7952,9.677697,233552000000.0,0.004134196,0.9675702,0.18635002,0.94415915,622607900,199.5578,200.96527
449423,2022/1/18,600104.SHA,7.6652,-46818820096.0,1.758,8.7952,9.745475,235188000000.0,0.004134196,0.97012043,0.3203593,0.94101304,599538671,200.96527,202.37273
449424,2022/1/19,600104.SHA,7.6652,-46818820096.0,1.758,8.7952,9.701903,234137000000.0,0.004134196,0.986706,0.44399315,0.9361111,733457469,201.9706,201.46793
449425,2022/1/20,600104.SHA,7.6652,-46818820096.0,1.758,8.7952,9.716428,234487000000.0,0.004134196,0.98527247,0.6948718,0.9269387,635180448,200.86473,201.76953
449426,2022/1/21,600104.SHA,7.6652,-46818820096.0,1.758,8.7952,9.561507,230748000000.0,0.004134196,0.9816103,0.6836146,0.9263135,712210155,201.56847,198.55247
449427,2022/1/24,600104.SHA,7.6652,-46818820096.0,1.758,8.7952,9.450157,228061000000.0,0.004134196,0.98486376,0.68304145,0.9203842,531291149,197.04448,196.24022
449428,2022/1/25,600104.SHA,7.6652,-46818820096.0,1.758,8.7952,9.227459,222687000000.0,0.004134196,0.9534767,0.7789878,0.92488265,698431615,195.53648,191.6157
449429,2022/1/26,600104.SHA,7.6652,-46818820096.0,1.758,8.7952,9.26619,223621000000.0,0.004134196,0.9508197,0.7006403,0.92700106,407258986,191.81677,192.41997
449430,2022/1/27,600104.SHA,7.6652,-46818820096.0,1.758,8.7952,9.11611,220000000000.0,0.004134196,0.9396208,0.7869027,0.9279164,604966343,191.6157,189.30345
449431,2022/1/28,600104.SHA,7.6652,-46818820096.0,1.758,8.7952,9.033809,218013000000.0,0.004134196,0.92974585,0.4495843,0.93115944,580291432,189.80612,187.59439
449432,2022/2/7,600104.SHA,7.6652,-46818820096.0,1.758,8.7952,9.164523,221168000000.0,0.004134196,0.958481,0.49296674,0.93289304,566712594,190.50984,190.30878
449433,2022/2/8,600104.SHA,7.6652,-46818820096.0,1.758,8.7952,9.246824,223154000000.0,0.004134196,0.9784836,0.5148093,0.9322684,475229975,191.01251,192.01784
449434,2022/2/9,600104.SHA,7.6652,-46818820096.0,1.758,8.7952,9.295237,224322000000.0,0.004134196,1.0073452,0.3164395,0.9295445,602097707,192.11838,193.02316
449435,2022/2/10,600104.SHA,7.6652,-46818820096.0,1.758,8.7952,9.256507,223388000000.0,0.004134196,0.9989551,0.32510638,0.9336594,687539836,192.8221,192.2189
449436,2022/2/11,600104.SHA,7.6652,-46818820096.0,1.758,8.7952,9.237142,222920000000.0,0.004134196,1.0132767,0.35147777,0.9315767,645492620,192.01784,191.81677
449437,2022/2/14,600104.SHA,7.6652,-46818820096.0,1.758,8.7952,9.101586,219649000000.0,0.004134196,1.0075027,0.41703844,0.9318037,661025809,192.2189,189.00185
449438,2022/2/15,600104.SHA,7.6652,-46818820096.0,1.758,8.7952,9.101586,219649000000.0,0.004134196,0.9931326,0.37638062,0.92905694,500161011,188.90132,189.00185
449439,2022/2/16,600104.SHA,7.6652,-46818820096.0,1.758,8.7952,9.188729,221752000000.0,0.004134196,0.9937173,0.4104525,0.933305,578936221,189.70558,190.81145
449440,2022/2/17,600104.SHA,7.6652,-46818820096.0,1.758,8.7952,9.135475,220467000000.0,0.004134196,0.9828125,0.46856415,0.93142253,464365542,191.51517,189.70558
449441,2022/2/18,600104.SHA,7.6652,-46818820096.0,1.758,8.7952,9.149999,220817000000.0,0.004134196,0.98849374,0.41753343,0.9324984,539456306,188.49919,190.00719
449442,2022/2/21,600104.SHA,7.6652,-46818820096.0,1.758,8.7952,9.11611,220000000000.0,0.004134196,0.9868973,0.13949044,0.92887473,477223232,189.00185,189.30345
449443,2022/2/22,600104.SHA,7.6652,-46818820096.0,1.758,8.7952,8.936983,215677000000.0,0.004134196,0.98191494,0.16988745,0.9312102,875620513,187.99652,185.58374
449444,2022/2/23,600104.SHA,7.6652,-46818820096.0,1.758,8.7952,9.072538,218948000000.0,0.004134196,0.9968085,0.21019109,0.9331636,733973827,186.18694,188.39865
449445,2022/2/24,600104.SHA,7.6652,-46818820096.0,1.758,8.7952,8.874046,214158000000.0,0.004134196,0.96575344,0.26071277,0.93169284,798540177,187.49387,184.27681
449446,2022/2/25,600104.SHA,7.6652,-46818820096.0,1.758,8.7952,8.893412,214625000000.0,0.004134196,0.97350293,0.20577005,0.93341815,631801544,184.98053,184.67894
449447,2022/2/28,600104.SHA,7.6652,-46818820096.0,1.758,8.7952,8.767539,211587000000.0,0.004134196,0.958201,0.18366913,0.93341815,603075816,183.87468,182.06508
449448,2022/3/1,600104.SHA,7.6652,-46818820096.0,1.758,8.7952,8.907935,214976000000.0,0.004134196,0.9771641,0.35997456,0.9360034,613624972,183.0704,184.98053
449449,2022/3/2,600104.SHA,7.6652,-46818820096.0,1.758,8.7952,8.907935,214976000000.0,0.004134196,0.99674964,0.3929631,0.92838985,419269150,183.47255,184.98053
449450,2022/3/3,600104.SHA,7.6652,-46818820096.0,1.758,8.7952,8.961189,216261000000.0,0.004134196,0.9877268,0.47902542,0.92118645,552757193,185.28214,186.0864
449451,2022/3/4,600104.SHA,7.6652,-46818820096.0,1.758,8.7952,9.028967,217897000000.0,0.004134196,1.0174577,0.62868035,0.9303114,940804557,184.47787,187.49387
449452,2022/3/7,600104.SHA,7.6652,-46818820096.0,1.758,8.7952,8.869205,214041000000.0,0.004134196,0.99727815,0.645339,0.9301292,656991233,185.4832,184.17627
449453,2022/3/8,600104.SHA,7.6652,-46818820096.0,1.758,8.7952,8.607777,207732000000.0,0.004134196,0.981778,0.7525424,0.93411016,923285995,183.57307,178.7475
449454,2022/3/9,600104.SHA,7.6652,-46818820096.0,1.758,8.7952,8.612618,207849000000.0,0.004134196,0.96684784,0.79779565,0.9376855,881441107,178.7475,178.84802
449455,2022/3/10,600104.SHA,7.6652,-46818820096.0,1.758,8.7952,8.767539,211587000000.0,0.004134196,0.98423916,0.8266582,0.94214875,765794479,181.16028,182.06508
449456,2022/3/11,600104.SHA,7.6652,-46818820096.0,1.758,8.7952,8.690079,209718000000.0,0.004134196,0.9697461,0.7226695,0.9402669,599558284,179.55176,180.45656
449457,2022/3/14,600104.SHA,7.6652,-46818820096.0,1.758,8.7952,8.617459,207966000000.0,0.004134196,0.95442355,0.7133785,0.9322895,402675469,178.24483,178.94856
449458,2022/3/15,600104.SHA,7.6652,-46818820096.0,1.758,8.7952,8.220475,198385000000.0,0.004134196,0.9268559,0.7427544,0.92978,694824622,176.9379,170.70486
449459,2022/3/16,600104.SHA,7.6652,-46818820096.0,1.758,8.7952,8.35603,201657000000.0,0.004134196,0.97075367,0.6615905,0.9285261,809511046,171.50912,173.51979
449460,2022/3/17,600104.SHA,7.6652,-46818820096.0,1.758,8.7952,8.418967,203175000000.0,0.004134196,0.97751546,0.43518713,0.92389005,633567943,175.7315,174.8267
449461,2022/3/18,600104.SHA,7.6652,-46818820096.0,1.758,8.7952,8.457698,204110000000.0,0.004134196,0.96466047,0.3292451,0.9175824,562013427,174.22351,175.63098
449462,2022/3/21,600104.SHA,7.6652,-46818820096.0,1.758,8.7952,8.322142,200839000000.0,0.004134196,0.95766014,0.23029791,0.918057,537949614,176.9379,172.81606
449463,2022/3/22,600104.SHA,7.6652,-46818820096.0,1.758,8.7952,8.380238,202241000000.0,0.004134196,0.9724719,0.14991555,0.915594,337159345,172.41393,174.02245
449464,2022/3/23,600104.SHA,7.6652,-46818820096.0,1.758,8.7952,8.331824,201072000000.0,0.004134196,1.0135454,0.10063291,0.9101455,359196758,174.02245,173.01712
449465,2022/3/24,600104.SHA,7.6652,-46818820096.0,1.758,8.7952,8.288253,200021000000.0,0.004134196,0.9918887,0.19687697,0.8920059,261063683,172.0118,172.11232
449466,2022/3/25,600104.SHA,7.6652,-46818820096.0,1.758,8.7952,8.220475,198385000000.0,0.004134196,0.97642326,0.26735598,0.88359344,374741481,172.31339,170.70486
449467,2022/3/28,600104.SHA,7.6652,-46818820096.0,1.758,8.7952,8.215634,198268000000.0,0.004134196,0.97137946,0.34514022,0.8840641,528484826,167.99048,170.60432
449468,2022/3/29,600104.SHA,7.6652,-46818820096.0,1.758,8.7952,8.109126,195698000000.0,0.004134196,0.97440374,0.5617622,0.8671299,255479114,170.70486,168.39261
449469,2022/3/30,600104.SHA,7.6652,-46818820096.0,1.758,8.7952,8.205952,198035000000.0,0.004134196,0.97920275,0.44472522,0.87876236,473932735,168.9958,170.40326
449470,2022/3/31,600104.SHA,7.6652,-46818820096.0,1.758,8.7952,8.230158,198619000000.0,0.004134196,0.9877978,0.5710072,0.8799242,408006070,169.39793,170.90593
449471,2022/4/1,600104.SHA,7.6652,-46818820096.0,1.758,8.7952,8.254364,199203000000.0,0.004134196,0.9959113,0.545512,0.88689977,458674517,169.9006,171.4086
449472,2022/4/6,600104.SHA,7.6652,-46818820096.0,1.758,8.7952,8.254364,199203000000.0,0.004134196,1.0041225,0.50421405,0.8912998,455243042,168.9958,171.4086
449473,2022/4/7,600104.SHA,7.6652,-46818820096.0,1.758,8.7952,8.191427,197684000000.0,0.004134196,0.9970537,0.59313107,0.8833439,439747637,170.8054,170.10167
449474,2022/4/8,600104.SHA,7.6652,-46818820096.0,1.758,8.7952,8.20111,197918000000.0,0.004134196,1.0113432,0.6765635,0.8928421,468434979,170.10167,170.30273
449475,2022/4/11,600104.SHA,7.6652,-46818820096.0,1.758,8.7952,7.929999,191375000000.0,0.004134196,0.9663718,0.64034534,0.90273684,678133422,169.39793,164.6729
449476,2022/4/12,600104.SHA,7.6652,-46818820096.0,1.758,8.7952,8.002618,193128000000.0,0.004134196,0.9723529,0.5814394,0.90321904,394701958,164.47182,166.18088
449477,2022/4/13,600104.SHA,7.6652,-46818820096.0,1.758,8.7952,7.89611,190557000000.0,0.004134196,0.9565982,0.5741325,0.8971825,296876858,165.47716,163.96916
449478,2022/4/14,600104.SHA,7.6652,-46818820096.0,1.758,8.7952,7.9880943,192777000000.0,0.004134196,0.9677419,0.6691192,0.8964068,375871077,165.47716,165.87929
449479,2022/4/15,600104.SHA,7.6652,-46818820096.0,1.758,8.7952,8.157538,196866000000.0,0.004134196,0.99586284,0.7701367,0.9060134,661052173,164.87396,169.39793
449480,2022/4/18,600104.SHA,7.6652,-46818820096.0,1.758,8.7952,8.205952,198035000000.0,0.004134196,1.0005903,0.7698296,0.91417754,558793905,169.9006,170.40326
449481,2022/4/19,600104.SHA,7.6652,-46818820096.0,1.758,8.7952,8.099443,195464000000.0,0.004134196,1.0213674,0.69316506,0.9104666,472694149,169.39793,168.19154
449482,2022/4/20,600104.SHA,7.6652,-46818820096.0,1.758,8.7952,7.9929357,192894000000.0,0.004134196,0.9987901,0.7143758,0.91071427,347037849,167.99048,165.97981
449483,2022/4/21,600104.SHA,7.6652,-46818820096.0,1.758,8.7952,7.8428564,189272000000.0,0.004134196,0.9932557,0.7843343,0.91873163,430053575,165.07503,162.8633
449484,2022/4/22,600104.SHA,7.6652,-46818820096.0,1.758,8.7952,7.8476977,189389000000.0,0.004134196,0.98242426,0.79500103,0.9193785,308172351,162.2601,162.96384
449485,2022/4/25,600104.SHA,7.6652,-46818820096.0,1.758,8.7952,7.5088086,181210000000.0,0.004134196,0.92047477,0.7640143,0.91643924,548599206,161.25478,155.92653
449486,2022/4/26,600104.SHA,7.6652,-46818820096.0,1.758,8.7952,7.2909517,175953000000.0,0.004134196,0.88849556,0.7695378,0.9084995,433226949,155.82599,151.40254
449487,2022/4/27,600104.SHA,7.6652,-46818820096.0,1.758,8.7952,7.329682,176888000000.0,0.004134196,0.90496117,0.75509346,0.9065911,482653377,149.59296,152.20682
449488,2022/4/28,600104.SHA,7.6652,-46818820096.0,1.758,8.7952,7.4700785,180276000000.0,0.004134196,0.93458515,0.8277603,0.91214794,460352445,151.90521,155.12227
449489,2022/4/29,600104.SHA,7.6652,-46818820096.0,1.758,8.7952,7.7218246,186351000000.0,0.004134196,0.98456794,0.77534705,0.91530055,587164706,155.12227,160.34998
449490,2022/5/5,600104.SHA,2.0016,-40564965376.0,0.478,31.8482,8.353893,193829000000.0,0.004161552,1.0234423,0.81317747,0.9328517,1009287671,162.66223,166.78409
449491,2022/5/6,600104.SHA,2.0016,-40564965376.0,0.478,31.8482,8.228006,190908000000.0,0.004161552,1.0535138,0.66603374,0.93461293,562988432,163.86862,164.27075
449492,2022/5/9,600104.SHA,2.0016,-40564965376.0,0.478,31.8482,8.036657,186468000000.0,0.004161552,1.059761,0.39261603,0.9371308,388116806,162.5617,160.45052
449493,2022/5/10,600104.SHA,2.0016,-40564965376.0,0.478,31.8482,7.996373,185533000000.0,0.004161552,1.0488771,0.40986717,0.9418335,610938566,157.73611,159.64624
449494,2022/5/11,600104.SHA,2.0016,-40564965376.0,0.478,31.8482,8.051764,186819000000.0,0.004161552,1.0362929,0.19747102,0.9433565,672924591,158.33932,160.7521
449495,2022/5/12,600104.SHA,2.0016,-40564965376.0,0.478,31.8482,7.956089,184599000000.0,0.004161552,0.9905956,0.14026959,0.9406066,454588613,157.83665,158.84198
449496,2022/5/13,600104.SHA,2.0016,-40564965376.0,0.478,31.8482,8.358929,193945000000.0,0.004161552,1.0006027,0.19052632,0.94338036,1080592233,159.24411,166.88461
449497,2022/5/16,600104.SHA,2.0016,-40564965376.0,0.478,31.8482,8.147438,189038000000.0,0.004161552,0.9902081,0.07052632,0.951579,893740857,167.48781,162.66223
449498,2022/5/17,600104.SHA,2.0016,-40564965376.0,0.478,31.8482,8.308574,192777000000.0,0.004161552,1.0338346,0.56767,0.9614818,980276687,162.46117,165.87929
449499,2022/5/18,600104.SHA,2.0016,-40564965376.0,0.478,31.8482,8.298503,192543000000.0,0.004161552,1.0377834,0.6641398,0.967151,860618072,166.38194,165.67822
449500,2022/5/19,600104.SHA,2.0016,-40564965376.0,0.478,31.8482,8.323681,193128000000.0,0.004161552,1.033771,0.59237415,0.967151,629805811,162.66223,166.18088
449501,2022/5/20,600104.SHA,2.0016,-40564965376.0,0.478,31.8482,8.45964,196282000000.0,0.004161552,1.0632912,0.7682593,0.96948653,772625912,166.18088,168.89528
449502,2022/5/23,600104.SHA,2.0016,-40564965376.0,0.478,31.8482,8.630846,200255000000.0,0.004161552,1.0325301,0.49989477,0.9659019,829943872,169.9006,172.31339
449503,2022/5/24,600104.SHA,2.0016,-40564965376.0,0.478,31.8482,8.666095,201072000000.0,0.004161552,1.0636588,0.892,0.9694801,1748376708,177.74217,173.01712
449504,2022/5/25,600104.SHA,2.0016,-40564965376.0,0.478,31.8482,8.731556,202591000000.0,0.004161552,1.050909,0.8071098,0.97014296,760678698,172.81606,174.32405
449505,2022/5/26,600104.SHA,2.0016,-40564965376.0,0.478,31.8482,8.67113,201189000000.0,0.004161552,1.0449029,0.80609244,0.9657563,521367956,174.8267,173.11766
449506,2022/5/27,600104.SHA,2.0016,-40564965376.0,0.478,31.8482,8.625811,200138000000.0,0.004161552,1.0362977,0.7986549,0.96555346,493392709,173.92192,172.21286
449507,2022/5/30,600104.SHA,2.0016,-40564965376.0,0.478,31.8482,8.711414,202124000000.0,0.004161552,1.0297619,0.7661629,0.9645256,561208289,174.42458,173.92192
449508,2022/5/31,600104.SHA,2.0016,-40564965376.0,0.478,31.8482,8.656024,200839000000.0,0.004161552,1.0029172,0.5639413,0.9597737,491047966,174.02245,172.81606
449509,2022/6/1,600104.SHA,2.0016,-40564965376.0,0.478,31.8482,8.892692,206330000000.0,0.004161552,1.0261476,0.28822792,0.9528796,1126678802,175.63098,177.5411
449510,2022/6/2,600104.SHA,2.0016,-40564965376.0,0.478,31.8482,8.938011,207381000000.0,0.004161552,1.0236447,0.36942407,0.95206195,854944180,176.53577,178.44589
449511,2022/6/6,600104.SHA,2.0016,-40564965376.0,0.478,31.8482,8.887656,206213000000.0,0.004161552,1.0249709,0.32198077,0.9555138,824279510,177.2395,177.44057
449512,2022/6/7,600104.SHA,2.0016,-40564965376.0,0.478,31.8482,8.676166,201306000000.0,0.004161552,1.0058377,0.21503131,0.9584551,818650791,176.43524,173.21819
449513,2022/6/8,600104.SHA,2.0016,-40564965376.0,0.478,31.8482,8.7768755,203643000000.0,0.004161552,1.0075145,0.29582465,0.9542797,602614040,175.42992,175.22885
449514,2022/6/9,600104.SHA,2.0016,-40564965376.0,0.478,31.8482,8.61574,199904000000.0,0.004161552,0.9953461,0.45688036,0.9540614,560644914,173.92192,172.0118
449515,2022/6/10,600104.SHA,2.0016,-40564965376.0,0.478,31.8482,8.837301,205045000000.0,0.004161552,0.9937712,0.35148102,0.9447341,722334347,171.4086,176.43524
449516,2022/6/13,600104.SHA,2.0016,-40564965376.0,0.478,31.8482,8.877585,205979000000.0,0.004161552,0.99323946,0.43967494,0.9406744,776174204,174.72618,177.2395
449517,2022/6/14,600104.SHA,2.0016,-40564965376.0,0.478,31.8482,9.204893,213574000000.0,0.004161552,1.035694,0.8094147,0.9460529,1255026827,175.42992,183.77414
449518,2022/6/15,600104.SHA,2.0016,-40564965376.0,0.478,31.8482,9.189787,213223000000.0,0.004161552,1.0591991,0.88278157,0.9509049,1494282802,183.57307,183.47255
449519,2022/6/16,600104.SHA,2.0016,-40564965376.0,0.478,31.8482,8.998438,208783000000.0,0.004161552,1.0252439,0.74599206,0.9519151,778403491,183.47255,179.6523
449520,2022/6/17,600104.SHA,2.0016,-40564965376.0,0.478,31.8482,9.008509,209017000000.0,0.004161552,1.0455874,0.6909773,0.9527083,702510437,178.7475,179.85336
449521,2022/6/20,600104.SHA,2.0016,-40564965376.0,0.478,31.8482,9.02865,209484000000.0,0.004161552,1.0216525,0.53540194,0.94689715,468683485,180.95921,180.2555
449522,2022/6/21,600104.SHA,2.0016,-40564965376.0,0.478,31.8482,8.963189,207966000000.0,0.004161552,1.0096427,0.44629475,0.94257176,439878369,179.75282,178.94856
449523,2022/6/22,600104.SHA,2.0016,-40564965376.0,0.478,31.8482,8.842337,205162000000.0,0.004161552,0.96061265,0.18549396,0.93413925,593859906,179.45123,176.53577
449524,2022/6/23,600104.SHA,2.0016,-40564965376.0,0.478,31.8482,9.245177,214508000000.0,0.004161552,1.0060273,0.4157116,0.93707025,1335176939,177.34004,184.5784
449525,2022/6/24,600104.SHA,2.0016,-40564965376.0,0.478,31.8482,9.159574,212522000000.0,0.004161552,1.017907,0.51428574,0.93622345,775222929,185.28214,182.86934
449526,2022/6/27,600104.SHA,2.0016,-40564965376.0,0.478,31.8482,9.270354,215093000000.0,0.004161552,1.0290664,0.5755681,0.9372655,913685434,184.37733,185.08107
449527,2022/6/28,600104.SHA,2.0016,-40564965376.0,0.478,31.8482,9.436526,218948000000.0,0.004161552,1.0451757,0.6649291,0.9489158,1172892356,184.37733,188.39865
449528,2022/6/29,600104.SHA,2.0016,-40564965376.0,0.478,31.8482,9.023615,209368000000.0,0.004161552,1.0067415,0.4811183,0.95622265,1210562194,187.19226,180.15495
449529,2022/6/30,600104.SHA,2.0016,-40564965376.0,0.478,31.8482,8.968225,208082000000.0,0.004161552,1.0142369,0.35925773,0.9545644,564140164,179.75282,179.04909
449530,2022/7/1,600104.SHA,2.0016,-40564965376.0,0.478,31.8482,8.791982,203993000000.0,0.004161552,0.9509804,0.0900854,0.9494172,798738693,178.94856,175.53044
449531,2022/7/4,600104.SHA,2.0016,-40564965376.0,0.478,31.8482,8.67113,201189000000.0,0.004161552,0.94667405,0.097957484,0.9495623,772755201,175.63098,173.11766
449532,2022/7/5,600104.SHA,2.0016,-40564965376.0,0.478,31.8482,8.71645,202241000000.0,0.004161552,0.94024986,0.1275,0.94895834,768066135,173.21819,174.02245
449533,2022/7/6,600104.SHA,2.0016,-40564965376.0,0.478,31.8482,8.635881,200371000000.0,0.004161552,0.91515476,0.103915036,0.93526226,467166316,172.9166,172.41393
449534,2022/7/7,600104.SHA,2.0016,-40564965376.0,0.478,31.8482,8.847373,205278000000.0,0.004161552,0.98046875,0.3968353,0.93381894,903651637,172.51445,176.6363
449535,2022/7/8,600104.SHA,2.0016,-40564965376.0,0.478,31.8482,9.345887,216845000000.0,0.004161552,1.0421113,0.8441207,0.96359473,2795438470,178.94856,186.58907
449536,2022/7/11,600104.SHA,2.0016,-40564965376.0,0.478,31.8482,8.7768755,203643000000.0,0.004161552,0.99828184,0.6665973,0.9719043,1820318049,185.68427,175.22885
449537,2022/7/12,600104.SHA,2.0016,-40564965376.0,0.478,31.8482,8.686236,201540000000.0,0.004161552,1.0017421,0.7962732,0.9733666,735954953,175.12831,173.41925
449538,2022/7/13,600104.SHA,2.0016,-40564965376.0,0.478,31.8482,8.686236,201540000000.0,0.004161552,0.9965338,0.6376691,0.97316974,581870532,173.41925,173.41925
449539,2022/7/14,600104.SHA,2.0016,-40564965376.0,0.478,31.8482,8.590562,199320000000.0,0.004161552,0.99475217,0.50955945,0.97611135,694628430,173.21819,171.50912
449540,2022/7/15,600104.SHA,2.0016,-40564965376.0,0.478,31.8482,8.122261,188454000000.0,0.004161552,0.9555704,0.35721704,0.9750934,757786633,172.76483,168.78842
449541,2022/7/18,600104.SHA,2.0016,-40564965376.0,0.478,31.8482,8.444532,195932000000.0,0.004161552,0.94049203,0.110165976,0.9558183,647309845,169.93948,175.48553
449542,2022/7/19,600104.SHA,2.0016,-40564965376.0,0.478,31.8482,8.389142,194646000000.0,0.004161552,0.99489594,0.356639,0.934467,473821979,175.59018,174.33447
449543,2022/7/20,600104.SHA,2.0016,-40564965376.0,0.478,31.8482,8.278361,192076000000.0,0.004161552,0.99200255,0.18892576,0.9326285,591831671,175.27626,172.03233
449544,2022/7/21,600104.SHA,2.0016,-40564965376.0,0.478,31.8482,8.157509,189272000000.0,0.004161552,0.97752076,0.178068,0.92599505,431445437,171.09055,169.52092
449545,2022/7/22,600104.SHA,2.0016,-40564965376.0,0.478,31.8482,8.217936,190674000000.0,0.004161552,0.9957291,0.33167496,0.9154754,349801770,169.62556,170.77663
449546,2022/7/25,600104.SHA,2.0016,-40564965376.0,0.478,31.8482,8.056799,186935000000.0,0.004161552,0.9919405,0.23127982,0.90605557,426474260,170.04413,167.42807
449547,2022/7/26,600104.SHA,2.0016,-40564965376.0,0.478,31.8482,8.092048,187753000000.0,0.004161552,0.95825887,0.103626944,0.89658034,308317109,167.5327,168.16057
449548,2022/7/27,600104.SHA,2.0016,-40564965376.0,0.478,31.8482,8.056799,186935000000.0,0.004161552,0.9603842,0.100103624,0.8878757,273562386,167.5327,167.42807
449549,2022/7/28,600104.SHA,2.0016,-40564965376.0,0.478,31.8482,8.097083,187870000000.0,0.004161552,0.97810215,0.21015544,0.87129533,365477575,167.95128,168.2652
449550,2022/7/29,600104.SHA,2.0016,-40564965376.0,0.478,31.8482,8.152473,189155000000.0,0.004161552,0.9993827,0.45688227,0.8707272,434172435,168.2652,169.41628
449551,2022/8/1,600104.SHA,2.0016,-40564965376.0,0.478,31.8482,8.248148,191375000000.0,0.004161552,1.0036764,0.46013668,0.87706953,504087855,169.31163,171.40448
449552,2022/8/2,600104.SHA,2.0016,-40564965376.0,0.478,31.8482,7.991338,185417000000.0,0.004161552,0.991875,0.64315265,0.88624614,666317657,168.9977,166.06772
449553,2022/8/3,600104.SHA,2.0016,-40564965376.0,0.478,31.8482,8.001409,185650000000.0,0.004161552,0.988799,0.6908602,0.89394253,575046574,165.33522,166.277
449554,2022/8/4,600104.SHA,2.0016,-40564965376.0,0.478,31.8482,8.016515,186001000000.0,0.004161552,0.995,0.7164565,0.8962381,340597366,168.05592,166.59093
449555,2022/8/5,600104.SHA,2.0016,-40564965376.0,0.478,31.8482,8.097083,187870000000.0,0.004161552,1.0,0.7058094,0.8948347,322855854,167.32343,168.2652
449556,2022/8/8,600104.SHA,2.0016,-40564965376.0,0.478,31.8482,8.157509,189272000000.0,0.004161552,1.0006176,0.580252,0.89301944,375598248,170.35806,169.52092
449557,2022/8/9,600104.SHA,2.0016,-40564965376.0,0.478,31.8482,8.137367,188805000000.0,0.004161552,0.986569,0.47232547,0.8779934,242808361,169.20699,169.10234
449558,2022/8/10,600104.SHA,2.0016,-40564965376.0,0.478,31.8482,8.137367,188805000000.0,0.004161552,1.0182734,0.37752995,0.85791,315561152,168.68378,169.10234
449559,2022/8/11,600104.SHA,2.0016,-40564965376.0,0.478,31.8482,8.238077,191141000000.0,0.004161552,1.0295783,0.2657025,0.8527164,474444729,169.41628,171.19519
449560,2022/8/12,600104.SHA,2.0016,-40564965376.0,0.478,31.8482,8.253183,191492000000.0,0.004161552,1.0295227,0.42730278,0.84278935,257886640,171.29984,171.50912
449561,2022/8/15,600104.SHA,2.0016,-40564965376.0,0.478,31.8482,8.228006,190908000000.0,0.004161552,1.0161692,0.419488,0.839934,274785264,171.40448,170.98592
449562,2022/8/16,600104.SHA,2.0016,-40564965376.0,0.478,31.8482,8.248148,191375000000.0,0.004161552,1.011111,0.41158286,0.8312384,323990762,170.88127,171.40448
449563,2022/8/17,600104.SHA,2.0016,-40564965376.0,0.478,31.8482,8.338787,193478000000.0,0.004161552,1.0247525,0.54719704,0.8438401,415450069,171.82304,173.28804
449564,2022/8/18,600104.SHA,2.0016,-40564965376.0,0.478,31.8482,8.238077,191141000000.0,0.004161552,1.0123762,0.47579816,0.84043646,282110577,172.66019,171.19519
449565,2022/8/19,600104.SHA,2.0016,-40564965376.0,0.478,31.8482,8.192758,190090000000.0,0.004161552,0.99449885,0.5418983,0.81745213,256823954,170.88127,170.25342
449566,2022/8/22,600104.SHA,2.0016,-40564965376.0,0.478,31.8482,8.2934675,192427000000.0,0.004161552,1.004881,0.5751338,0.8384441,452211494,170.14877,172.34627
449567,2022/8/23,600104.SHA,2.0016,-40564965376.0,0.478,31.8482,8.202828,190324000000.0,0.004161552,0.99693996,0.4815806,0.844065,342111928,171.61377,170.46269
449568,2022/8/24,600104.SHA,2.0016,-40564965376.0,0.478,31.8482,8.041693,186585000000.0,0.004161552,0.97496945,0.5681958,0.8445404,366699875,170.56734,167.11414
449569,2022/8/25,600104.SHA,2.0016,-40564965376.0,0.478,31.8482,8.147438,189038000000.0,0.004161552,0.97705317,0.6178043,0.8332649,263628434,167.95128,169.31163
449570,2022/8/26,600104.SHA,2.505,-11906455552.0,0.6,-74.7262,10.234088,185533000000.0,0.004238779,0.97066015,0.5603696,0.87707776,780587727,166.277,166.17235
449571,2022/8/29,600104.SHA,2.505,-11906455552.0,0.6,-74.7262,9.989192,181094000000.0,0.004238779,0.9526736,0.3331282,0.90157884,522686609,163.24236,162.19594
449572,2022/8/30,600104.SHA,2.505,-11906455552.0,0.6,-74.7262,9.976303,180860000000.0,0.004238779,0.9398907,0.29587862,0.898319,322864091,162.19594,161.98665
449573,2022/8/31,600104.SHA,2.505,-11906455552.0,0.6,-74.7262,9.969858,180743000000.0,0.004238779,0.9496624,0.5257225,0.9057184,428812968,160.94023,161.882
449574,2022/9/1,600104.SHA,2.505,-11906455552.0,0.6,-74.7262,9.860299,178757000000.0,0.004238779,0.9580464,0.43940946,0.90963113,286250408,161.67273,160.10309
449575,2022/9/2,600104.SHA,2.505,-11906455552.0,0.6,-74.7262,9.83452,178290000000.0,0.004238779,0.9431396,0.22060631,0.9109337,209145397,160.10309,159.68451
449576,2022/9/5,600104.SHA,2.505,-11906455552.0,0.6,-74.7262,9.802298,177705000000.0,0.004238779,0.95780855,0.259828,0.88497746,238231180,158.84738,159.1613
449577,2022/9/6,600104.SHA,2.505,-11906455552.0,0.6,-74.7262,9.937634,180159000000.0,0.004238779,0.9948387,0.49948823,0.8663255,322447209,160.20773,161.3588
449578,2022/9/7,600104.SHA,2.505,-11906455552.0,0.6,-74.7262,9.924746,179925000000.0,0.004238779,0.99483204,0.4669396,0.8558282,235745748,160.94023,161.1495
449579,2022/9/8,600104.SHA,2.505,-11906455552.0,0.6,-74.7262,9.892523,179341000000.0,0.004238779,0.99224305,0.29073808,0.83098304,180244247,161.25415,160.6263
449580,2022/9/9,600104.SHA,2.505,-11906455552.0,0.6,-74.7262,9.976303,180860000000.0,0.004238779,1.0117646,0.43398732,0.83074725,276151966,161.25415,161.98665
449581,2022/9/13,600104.SHA,2.505,-11906455552.0,0.6,-74.7262,10.085861,182846000000.0,0.004238779,1.025557,0.6968954,0.8364305,283145648,162.19594,163.76558
449582,2022/9/14,600104.SHA,2.505,-11906455552.0,0.6,-74.7262,9.950524,180393000000.0,0.004238779,1.0151217,0.7200327,0.8464366,288597066,161.98665,161.56808
449583,2022/9/15,600104.SHA,2.505,-11906455552.0,0.6,-74.7262,9.886078,179224000000.0,0.004238779,0.9948119,0.75704944,0.8351042,250433126,161.3588,160.52165
449584,2022/9/16,600104.SHA,2.505,-11906455552.0,0.6,-74.7262,9.67985,175486000000.0,0.004238779,0.9753247,0.7756895,0.854022,349412315,160.10309,157.1731
449585,2022/9/19,600104.SHA,2.505,-11906455552.0,0.6,-74.7262,9.673405,175369000000.0,0.004238779,0.97785014,0.8250306,0.8606975,208787903,157.06845,157.06845
449586,2022/9/20,600104.SHA,2.505,-11906455552.0,0.6,-74.7262,9.596069,173967000000.0,0.004238779,0.96188635,0.69963294,0.8671015,277591175,157.80095,155.81274
449587,2022/9/21,600104.SHA,2.505,-11906455552.0,0.6,-74.7262,9.615403,174317000000.0,0.004238779,0.9533546,0.58924204,0.8641271,223765289,155.18489,156.12666
449588,2022/9/22,600104.SHA,2.505,-11906455552.0,0.6,-74.7262,9.544512,173032000000.0,0.004238779,0.95919687,0.61524355,0.8512632,131218408,155.08025,154.9756
449589,2022/9/23,600104.SHA,2.505,-11906455552.0,0.6,-74.7262,9.518733,172565000000.0,0.004238779,0.9628423,0.6062335,0.85210836,175860601,155.18489,154.55704
449590,2022/9/26,600104.SHA,2.505,-11906455552.0,0.6,-74.7262,9.376951,169994000000.0,0.004238779,0.9687084,0.61641884,0.83842087,201464052,154.4524,152.2549
449591,2022/9/27,600104.SHA,2.505,-11906455552.0,0.6,-74.7262,9.441398,171163000000.0,0.004238779,0.976016,0.27207977,0.8327569,172766942,152.7781,153.30132
449592,2022/9/28,600104.SHA,2.505,-11906455552.0,0.6,-74.7262,9.338284,169293000000.0,0.004238779,0.97313637,0.69528073,0.8148374,173477076,152.67346,151.62704
449593,2022/9/29,600104.SHA,2.505,-11906455552.0,0.6,-74.7262,9.196502,166723000000.0,0.004238779,0.95643437,0.6342009,0.8123602,197270962,152.7781,149.3249
449594,2022/9/30,600104.SHA,2.505,-11906455552.0,0.6,-74.7262,9.215836,167073000000.0,0.004238779,0.96556383,0.7396787,0.8257776,186434174,149.63884,149.63884
449595,2022/10/10,600104.SHA,2.505,-11906455552.0,0.6,-74.7262,9.151389,165905000000.0,0.004238779,0.9614082,0.7004674,0.82862943,173273160,150.37132,148.5924
449596,2022/10/11,600104.SHA,2.505,-11906455552.0,0.6,-74.7262,9.12561,165438000000.0,0.004238779,0.9731959,0.56275386,0.82670456,148040267,148.5924,148.17384
449597,2022/10/12,600104.SHA,2.505,-11906455552.0,0.6,-74.7262,9.248058,167658000000.0,0.004238779,0.9795222,0.59517044,0.8357331,260419259,148.27847,150.16205
449598,2022/10/13,600104.SHA,2.505,-11906455552.0,0.6,-74.7262,9.144944,165788000000.0,0.004238779,0.979296,0.25780934,0.8481654,276637949,149.11562,148.48776
449599,2022/10/14,600104.SHA,2.505,-11906455552.0,0.6,-74.7262,9.383396,170111000000.0,0.004238779,1.0203223,0.3590679,0.8622924,378905099,148.90634,152.35954
449600,2022/10/17,600104.SHA,2.505,-11906455552.0,0.6,-74.7262,9.480065,171864000000.0,0.004238779,1.0286714,0.23809524,0.8576058,242126178,151.83632,153.92918
449601,2022/10/18,600104.SHA,2.505,-11906455552.0,0.6,-74.7262,9.454287,171396000000.0,0.004238779,1.0330986,0.18189184,0.8548289,233325920,154.66167,153.5106
449602,2022/10/19,600104.SHA,2.505,-11906455552.0,0.6,-74.7262,9.273837,168125000000.0,0.004238779,1.0162429,0.17283951,0.8569695,226060420,153.30132,150.58061
449603,2022/10/20,600104.SHA,2.505,-11906455552.0,0.6,-74.7262,9.248058,167658000000.0,0.004238779,1.0,0.23872143,0.8443186,212618287,150.0574,150.16205
449604,2022/10/21,600104.SHA,2.505,-11906455552.0,0.6,-74.7262,9.157833,166022000000.0,0.004238779,1.0014095,0.29371336,0.83084077,170924579,150.2667,148.69705
449605,2022/10/24,600104.SHA,2.505,-11906455552.0,0.6,-74.7262,8.964495,162517000000.0,0.004238779,0.9553571,0.21028699,0.81911886,310867692,149.22026,145.55777
449606,2022/10/25,600104.SHA,2.505,-11906455552.0,0.6,-74.7262,9.144944,165788000000.0,0.004238779,0.96464986,0.44116458,0.821176,278760492,147.75526,148.48776
449607,2022/10/26,600104.SHA,2.505,-11906455552.0,0.6,-74.7262,9.12561,165438000000.0,0.004238779,0.96523523,0.27228624,0.8182185,216989967,148.38312,148.17384
449608,2022/10/27,600104.SHA,2.505,-11906455552.0,0.6,-74.7262,9.235169,167424000000.0,0.004238779,0.9958305,0.48606622,0.81159127,226063389,149.22026,149.95276
449609,2022/10/28,600104.SHA,2.505,-11906455552.0,0.6,-74.7262,9.048275,164036000000.0,0.004238779,0.97839713,0.64977795,0.81590635,266890409,150.2667,146.91812
449610,2022/10/31,600104.SHA,4.6282,-30260619264.0,1.099,311.7298,9.543919,160648000000.0,0.004160651,0.9676285,0.4707189,0.8226979,277050874,144.30206,143.8835
449611,2022/11/1,600104.SHA,4.6282,-30260619264.0,1.099,311.7298,9.793797,164854000000.0,0.004160651,1.0143782,0.5232229,0.8145308,258732704,144.51135,147.65062
449612,2022/11/2,600104.SHA,4.6282,-30260619264.0,1.099,311.7298,9.946499,167424000000.0,0.004160651,1.0098661,0.3829229,0.82371926,397051359,146.70885,149.95276
449613,2022/11/3,600104.SHA,4.6282,-30260619264.0,1.099,311.7298,9.835443,165555000000.0,0.004160651,1.0007061,0.40492034,0.8237903,210469894,149.01097,148.27847
449614,2022/11/4,600104.SHA,4.6282,-30260619264.0,1.099,311.7298,10.064496,169410000000.0,0.004160651,1.0118632,0.35187423,0.83521354,378568686,147.65062,151.73169
449615,2022/11/7,600104.SHA,4.6282,-30260619264.0,1.099,311.7298,10.071438,169527000000.0,0.004160651,1.0334758,0.1897281,0.8339706,264018245,150.58061,151.83632
449616,2022/11/8,600104.SHA,4.6282,-30260619264.0,1.099,311.7298,9.988145,168125000000.0,0.004160651,1.0465454,0.3716529,0.8303823,247721184,150.68526,150.58061
449617,2022/11/9,600104.SHA,4.6282,-30260619264.0,1.099,311.7298,9.911794,166840000000.0,0.004160651,1.0120482,0.26665324,0.82652444,183862548,150.68526,149.42955
449618,2022/11/10,600104.SHA,4.6282,-30260619264.0,1.099,311.7298,9.89097,166489000000.0,0.004160651,0.9944173,0.25221238,0.8075221,207311070,149.01097,149.11562
449619,2022/11/11,600104.SHA,4.6282,-30260619264.0,1.099,311.7298,10.071438,169527000000.0,0.004160651,1.0239943,0.5358938,0.82123464,400537032,151.62704,151.83632
449620,2022/11/14,600104.SHA,4.6282,-30260619264.0,1.099,311.7298,9.988145,168125000000.0,0.004160651,0.99241376,0.40595454,0.8250553,400783174,153.19669,150.58061
449621,2022/11/15,600104.SHA,4.6282,-30260619264.0,1.099,311.7298,10.120025,170345000000.0,0.004160651,1.0048243,0.42026946,0.8323281,355368355,150.2667,152.56882
449622,2022/11/16,600104.SHA,4.6282,-30260619264.0,1.099,311.7298,10.099201,169994000000.0,0.004160651,1.0111189,0.48280716,0.82857716,237309360,152.2549,152.2549
449623,2022/11/17,600104.SHA,4.6282,-30260619264.0,1.099,311.7298,10.071438,169527000000.0,0.004160651,1.0161064,0.4830151,0.8305868,222777998,151.62704,151.83632
449624,2022/11/18,600104.SHA,4.6282,-30260619264.0,1.099,311.7298,10.0020275,168359000000.0,0.004160651,1.0112281,0.48442212,0.83041996,238371721,152.35954,150.7899
449625,2022/11/21,600104.SHA,4.6282,-30260619264.0,1.099,311.7298,9.967322,167775000000.0,0.004160651,0.9896624,0.29067898,0.82627034,248054659,149.74347,150.2667
449626,2022/11/22,600104.SHA,4.6282,-30260619264.0,1.099,311.7298,10.015909,168592000000.0,0.004160651,1.0027797,0.54306364,0.8183096,272205876,150.37132,150.99919
449627,2022/11/23,600104.SHA,4.6282,-30260619264.0,1.099,311.7298,10.099201,169994000000.0,0.004160651,0.99794245,0.72159773,0.82170075,343829783,150.89455,152.2549
449628,2022/11/24,600104.SHA,4.6282,-30260619264.0,1.099,311.7298,10.078379,169644000000.0,0.004160651,0.9979381,0.67782676,0.8232111,176253626,152.46419,151.94096
449629,2022/11/25,600104.SHA,4.6282,-30260619264.0,1.099,311.7298,10.168612,171163000000.0,0.004160651,1.0096486,0.8059731,0.8352022,265264566,151.73169,153.30132
449630,2022/11/28,600104.SHA,4.6282,-30260619264.0,1.099,311.7298,9.967322,167775000000.0,0.004160651,0.99653023,0.6974975,0.85668534,333660797,151.62704,150.2667
449631,2022/11/29,600104.SHA,4.6282,-30260619264.0,1.099,311.7298,10.2519045,172565000000.0,0.004160651,1.0285516,0.79731894,0.8806,517274344,150.68526,154.55704
449632,2022/11/30,600104.SHA,4.6282,-30260619264.0,1.099,311.7298,10.536487,177355000000.0,0.004160651,1.051975,0.8731746,0.91838366,950125455,154.03381,158.84738
449633,2022/12/1,600104.SHA,4.6282,-30260619264.0,1.099,311.7298,10.460135,176070000000.0,0.004160651,1.0357388,0.759752,0.9222,568370537,161.67273,157.6963
449634,2022/12/2,600104.SHA,4.6282,-30260619264.0,1.099,311.7298,10.453195,175953000000.0,0.004160651,1.0371901,0.74995,0.92481506,271905219,157.6963,157.59166
449635,2022/12/5,600104.SHA,4.6282,-30260619264.0,1.099,311.7298,10.592015,178290000000.0,0.004160651,1.0416383,0.64665866,0.92338467,381055679,158.84738,159.68451
449636,2022/12/6,600104.SHA,4.6282,-30260619264.0,1.099,311.7298,10.612838,178640000000.0,0.004160651,1.0647632,0.79715943,0.9188,379430533,159.26595,159.99844
449637,2022/12/7,600104.SHA,4.6282,-30260619264.0,1.099,311.7298,10.571192,177939000000.0,0.004160651,1.0311441,0.7034,0.90983605,315936735,159.8938,159.37059
449638,2022/12/8,600104.SHA,4.6282,-30260619264.0,1.099,311.7298,10.578133,178056000000.0,0.004160651,1.0039525,0.46481407,0.8745004,226617847,159.26595,159.47523
449639,2022/12/9,600104.SHA,4.6282,-30260619264.0,1.099,311.7298,10.578133,178056000000.0,0.004160651,1.0112808,0.6273491,0.85031974,311059390,159.26595,159.47523
449640,2022/12/12,600104.SHA,4.6282,-30260619264.0,1.099,311.7298,10.439312,175719000000.0,0.004160651,0.99867207,0.61953264,0.8434505,234936784,159.26595,157.38239
449641,2022/12/13,600104.SHA,4.6282,-30260619264.0,1.099,311.7298,10.4879,176537000000.0,0.004160651,0.9901705,0.6383786,0.8301058,206122104,157.9056,158.11488
449642,2022/12/14,600104.SHA,4.6282,-30260619264.0,1.099,311.7298,10.508722,176888000000.0,0.004160651,0.9901897,0.63338655,0.81237525,177289653,158.01024,158.4288
449643,2022/12/15,600104.SHA,4.6282,-30260619264.0,1.099,311.7298,10.501781,176771000000.0,0.004160651,0.99343395,0.65029943,0.80733943,243541603,158.01024,158.32416
449644,2022/12/16,600104.SHA,4.6282,-30260619264.0,1.099,311.7298,10.585073,178173000000.0,0.004160651,1.0006561,0.7611166,0.82028294,282881846,157.38239,159.57988
449645,2022/12/19,600104.SHA,4.6282,-30260619264.0,1.099,311.7298,10.432371,175602000000.0,0.004160651,0.9862205,0.8077767,0.8409725,368240098,160.6263,157.27774
449646,2022/12/20,600104.SHA,4.6282,-30260619264.0,1.099,311.7298,10.217199,171981000000.0,0.004160651,0.97872335,0.76385015,0.8609285,311789944,156.4406,154.03381
449647,2022/12/21,600104.SHA,4.6282,-30260619264.0,1.099,311.7298,10.196376,171630000000.0,0.004160651,0.97220385,0.76086956,0.8620415,155216128,153.82454,153.7199
449648,2022/12/22,600104.SHA,4.6282,-30260619264.0,1.099,311.7298,10.2519045,172565000000.0,0.004160651,0.9755615,0.84570974,0.86890787,183875579,154.87096,154.55704
449649,2022/12/23,600104.SHA,4.6282,-30260619264.0,1.099,311.7298,10.182494,171396000000.0,0.004160651,0.96959686,0.81702465,0.8682432,170273434,154.03381,153.5106
450779,2022/6/13,600111.SHA,9.6589,1803012224.0,0.431,-21.3459,25.497334,150772000000.0,0.002101141,1.1572783,0.9622838,0.99875104,5921045986,768.11163,817.34955
450780,2022/6/14,600111.SHA,9.6589,1803012224.0,0.431,-21.3459,25.540342,151027000000.0,0.002101141,1.0979927,0.93022287,0.99875027,4871129675,805.13855,818.7282
450781,2022/6/15,600111.SHA,9.6589,1803012224.0,0.431,-21.3459,24.766205,146449000000.0,0.002101141,1.0815669,0.919009,0.9985438,3794573885,813.4105,793.9123
450782,2022/6/16,600111.SHA,9.6589,1803012224.0,0.431,-21.3459,24.717054,146158000000.0,0.002101141,1.0231434,0.73058504,0.9977102,2921693376,792.3367,792.3367
450783,2022/6/17,600111.SHA,9.6589,1803012224.0,0.431,-21.3459,25.14713,148701000000.0,0.002101141,1.061738,0.77286935,0.9970833,3500262780,787.019,806.1233
450784,2022/6/20,600111.SHA,9.6589,1803012224.0,0.431,-21.3459,24.919804,147357000000.0,0.002101141,1.0245012,0.56184924,0.9968763,3223235504,805.5325,798.8361
450785,2022/6/21,600111.SHA,9.6589,1803012224.0,0.431,-21.3459,22.861586,135186000000.0,0.002101141,0.89662653,0.019983348,0.9975031,8003682552,799.033,732.8573
450786,2022/6/22,600111.SHA,9.6589,1803012224.0,0.431,-21.3459,21.890844,129446000000.0,0.002101141,0.8571085,0.012088371,0.99812424,7266464770,728.9182,701.7389
450787,2022/6/23,600111.SHA,9.6589,1803012224.0,0.431,-21.3459,21.405474,126576000000.0,0.002101141,0.8643017,0.005834549,0.99854136,7865594649,669.6358,686.17975
450788,2022/6/24,600111.SHA,9.6589,1803012224.0,0.431,-21.3459,21.6328,127920000000.0,0.002101141,0.8752175,0.008759124,0.9987495,4655927686,675.93823,693.4669
450789,2022/6/27,600111.SHA,9.6589,1803012224.0,0.431,-21.3459,22.062874,130463000000.0,0.002101141,0.8773516,0.005420054,0.9989579,5149034818,698.7846,707.25354
450790,2022/6/28,600111.SHA,9.6589,1803012224.0,0.431,-21.3459,21.688093,128247000000.0,0.002101141,0.8811117,0.007297748,0.99916595,3699540215,707.65234,703.86383
450791,2022/6/29,600111.SHA,9.6589,1803012224.0,0.431,-21.3459,21.006117,124215000000.0,0.002101141,0.93023705,0.037137493,0.99854076,3331474939,703.2657,681.731
450792,2022/6/30,600111.SHA,9.6589,1803012224.0,0.431,-21.3459,21.60208,127739000000.0,0.002101141,0.99905014,0.22185154,0.99770737,3312156648,687.9123,701.0723
450793,2022/7/1,600111.SHA,9.6589,1803012224.0,0.431,-21.3459,21.503777,127157000000.0,0.002101141,1.0170542,0.56050825,0.99604493,2563191856,700.8729,697.882
450794,2022/7/4,600111.SHA,9.6589,1803012224.0,0.431,-21.3459,21.516064,127230000000.0,0.002101141,1.0069418,0.49437267,0.99541473,2658267137,694.2929,698.2808
450795,2022/7/5,600111.SHA,9.6589,1803012224.0,0.431,-21.3459,20.895527,123561000000.0,0.002101141,0.95883846,0.21520834,0.9945833,4533159784,687.9123,678.1419
450796,2022/7/6,600111.SHA,9.6589,1803012224.0,0.431,-21.3459,20.330284,120218000000.0,0.002101141,0.93739384,0.22053312,0.99396336,2914392687,677.54376,659.7976
450797,2022/7/7,600111.SHA,9.6589,1803012224.0,0.431,-21.3459,20.336428,120254000000.0,0.002101141,0.9681194,0.2675411,0.9939646,2207662805,653.0182,659.997
450798,2022/7/8,600111.SHA,9.6589,1803012224.0,0.431,-21.3459,20.90167,123597000000.0,0.002101141,0.9675768,0.27825183,0.99417514,4771219323,659.997,678.3413
450799,2022/7/11,600111.SHA,9.6589,1803012224.0,0.431,-21.3459,20.311852,120109000000.0,0.002101141,0.94457144,0.17752342,0.99417275,2446498595,680.9335,659.1994
450800,2022/7/12,600111.SHA,9.6589,1803012224.0,0.431,-21.3459,19.273527,113969000000.0,0.002101141,0.89577377,0.06350198,0.9947982,3311591402,649.8278,625.50165
450801,2022/7/13,600111.SHA,9.6589,1803012224.0,0.431,-21.3459,19.605299,115931000000.0,0.002101141,0.93825346,0.16441207,0.99438435,1693749592,630.08777,636.269
450802,2022/7/14,600111.SHA,9.6589,1803012224.0,0.431,-21.3459,19.642162,116149000000.0,0.002101141,0.9661529,0.23981713,0.9933527,1444159758,632.0817,637.4654
450803,2022/7/15,600111.SHA,9.6589,1803012224.0,0.431,-21.3459,19.212088,113606000000.0,0.002101141,0.944713,0.25669783,0.99377334,1782697996,632.0817,623.50775
450804,2022/7/18,600111.SHA,9.6589,1803012224.0,0.431,-21.3459,19.937073,117893000000.0,0.002101141,0.9538507,0.17883818,0.9927401,3136628434,635.67084,647.0363
450805,2022/7/19,600111.SHA,9.6589,1803012224.0,0.431,-21.3459,19.961647,118038000000.0,0.002101141,0.98275864,0.2568465,0.9925342,1937290668,646.8369,647.8339
450806,2022/7/20,600111.SHA,9.6589,1803012224.0,0.431,-21.3459,19.820337,117203000000.0,0.002101141,1.0283711,0.4396516,0.98963517,1365911047,650.6254,643.2478
450807,2022/7/21,600111.SHA,9.6589,1803012224.0,0.431,-21.3459,19.943216,117929000000.0,0.002101141,1.017236,0.47097844,0.9898425,1733651534,640.0575,647.2357
450808,2022/7/22,600111.SHA,9.6589,1803012224.0,0.431,-21.3459,18.752325,116113000000.0,0.002101141,0.9996872,0.36339137,0.9915061,1533904385,653.41693,637.266
450809,2022/7/25,600111.SHA,9.6589,1803012224.0,0.431,-21.3459,18.28293,113206000000.0,0.002101141,0.99648225,0.25866002,0.9914973,1398052132,634.0757,621.3144
450810,2022/7/26,600111.SHA,9.6589,1803012224.0,0.431,-21.3459,18.44135,114187000000.0,0.002101141,0.9685671,0.1411399,0.98818654,1306716310,621.3144,626.69806
450811,2022/7/27,600111.SHA,9.6589,1803012224.0,0.431,-21.3459,18.3064,113352000000.0,0.002101141,0.9602954,0.09968912,0.9854922,1055774220,625.90045,622.11194
450812,2022/7/28,600111.SHA,9.6589,1803012224.0,0.431,-21.3459,18.799265,116403000000.0,0.002101141,0.99318045,0.3515026,0.9879793,2166136105,627.2962,638.86115
450813,2022/7/29,600111.SHA,9.6589,1803012224.0,0.431,-21.3459,18.412014,114006000000.0,0.002101141,0.96672827,0.16542289,0.9875699,1476965161,639.8581,625.70105
450814,2022/8/1,600111.SHA,9.6589,1803012224.0,0.431,-21.3459,18.26533,113097000000.0,0.002101141,0.97403,0.1722924,0.98634106,1223020453,618.7222,620.7162
450815,2022/8/2,600111.SHA,9.6589,1803012224.0,0.431,-21.3459,17.396948,107720000000.0,0.002101141,0.9515404,0.30347538,0.98655635,2050841870,613.53796,591.20575
450816,2022/8/3,600111.SHA,9.6589,1803012224.0,0.431,-21.3459,18.476557,114405000000.0,0.002101141,1.001909,0.75186104,0.9915237,3591889245,591.20575,627.8944
450817,2022/8/4,600111.SHA,9.6589,1803012224.0,0.431,-21.3459,18.564568,114950000000.0,0.002101141,1.0141026,0.8013231,0.9923522,1981840269,632.2811,630.8853
450818,2022/8/5,600111.SHA,9.6589,1803012224.0,0.431,-21.3459,19.356672,119855000000.0,0.002101141,1.0296504,0.8416374,0.9948347,3742609529,631.0847,657.80365
450819,2022/8/8,600111.SHA,9.6589,1803012224.0,0.431,-21.3459,19.356672,119855000000.0,0.002101141,1.0513066,0.8428011,0.9956629,2121968226,655.2115,657.80365
450820,2022/8/9,600111.SHA,9.6589,1803012224.0,0.431,-21.3459,19.274527,119346000000.0,0.002101141,1.0552522,0.862247,0.9956647,1500481027,658.00305,655.0121
450821,2022/8/10,600111.SHA,9.6589,1803012224.0,0.431,-21.3459,19.033962,117857000000.0,0.002101141,1.0940979,0.8281702,0.99586946,1873282456,656.0091,646.8369
450822,2022/8/11,600111.SHA,9.6589,1803012224.0,0.431,-21.3459,19.397743,120109000000.0,0.002101141,1.0498571,0.45847106,0.9940095,2310434283,649.2297,659.1994
450823,2022/8/12,600111.SHA,9.6589,1803012224.0,0.431,-21.3459,19.36254,119891000000.0,0.002101141,1.0429837,0.5801322,0.9936043,2026363689,659.3988,658.00305
450824,2022/8/15,600111.SHA,9.6589,1803012224.0,0.431,-21.3459,19.714584,122071000000.0,0.002101141,1.0184904,0.44777045,0.99174917,2463073759,652.0212,669.96674
450825,2022/8/16,600111.SHA,9.6589,1803012224.0,0.431,-21.3459,19.116106,118365000000.0,0.002101141,0.987572,0.18837592,0.9921698,2873865697,668.3716,649.6285
450826,2022/8/17,600111.SHA,9.6589,1803012224.0,0.431,-21.3459,18.940084,117275000000.0,0.002101141,0.98264843,0.178277,0.9921714,1590498576,651.8218,643.6466
450827,2022/8/18,600111.SHA,9.6589,1803012224.0,0.431,-21.3459,18.951818,117348000000.0,0.002101141,0.9956844,0.28898042,0.99217623,1165401795,638.46234,644.0454
450828,2022/8/19,600111.SHA,9.6589,1803012224.0,0.431,-21.3459,18.382677,113824000000.0,0.002101141,0.94767094,0.15482809,0.99115044,1653076729,645.04236,624.7041
450829,2022/8/22,600111.SHA,9.6589,1803012224.0,0.431,-21.3459,18.53523,114769000000.0,0.002101141,0.9572727,0.13585837,0.9886808,1171957252,620.7162,629.88837
450830,2022/8/23,600111.SHA,9.6589,1803012224.0,0.431,-21.3459,18.388544,113860000000.0,0.002101141,0.9327381,0.06235851,0.9847768,968676605,628.0938,624.9035
450831,2022/8/24,600111.SHA,9.6589,1803012224.0,0.431,-21.3459,17.842873,110482000000.0,0.002101141,0.9333947,0.24686278,0.98046476,1518866999,626.69806,606.35974
450832,2022/8/25,600111.SHA,9.6589,1803012224.0,0.431,-21.3459,17.954355,111172000000.0,0.002101141,0.94795537,0.39679277,0.9792608,1377136095,606.55914,610.14825
450833,2022/8/26,600111.SHA,19.3649,5152043520.0,0.865,0.6932,18.009731,112044000000.0,0.001845502,0.95479876,0.46694046,0.9800944,1336534491,610.14825,614.9338
450834,2022/8/29,600111.SHA,19.3649,5152043520.0,0.865,0.6932,17.863737,111135000000.0,0.001845502,0.9763804,0.4968205,0.97765017,901074819,604.16644,609.94885
450835,2022/8/30,600111.SHA,19.3649,5152043520.0,0.865,0.6932,17.735264,110336000000.0,0.001845502,0.9613802,0.4385893,0.97703975,762483629,609.94885,605.5622
450836,2022/8/31,600111.SHA,19.3649,5152043520.0,0.865,0.6932,17.60095,109501000000.0,0.001845502,0.9617103,0.5966387,0.97683954,1020953002,603.56824,600.97614
450837,2022/9/1,600111.SHA,19.3649,5152043520.0,0.865,0.6932,17.57175,109319000000.0,0.001845502,0.98947716,0.646504,0.9735656,723952863,601.1755,599.9791
450838,2022/9/2,600111.SHA,19.3649,5152043520.0,0.865,0.6932,17.612629,109573000000.0,0.001845502,0.9856209,0.5192544,0.9694922,663129705,600.57733,601.3749
450839,2022/9/5,600111.SHA,19.3649,5152043520.0,0.865,0.6932,17.565912,109283000000.0,0.001845502,0.97535664,0.37039313,0.9666394,761136075,603.56824,599.7797
450840,2022/9/6,600111.SHA,19.3649,5152043520.0,0.865,0.6932,18.015572,112080000000.0,0.001845502,1.0084995,0.6517912,0.970522,1391040140,600.77673,615.1331
450841,2022/9/7,600111.SHA,19.3649,5152043520.0,0.865,0.6932,17.980532,111862000000.0,0.001845502,1.0138295,0.69580346,0.9728016,1133742290,612.7404,613.93677
450842,2022/9/8,600111.SHA,19.3649,5152043520.0,0.865,0.6932,17.688545,110046000000.0,0.001845502,1.0049767,0.42322633,0.9734314,947255323,615.1331,603.96704
450843,2022/9/9,600111.SHA,19.3649,5152043520.0,0.865,0.6932,17.916296,111462000000.0,0.001845502,1.0196078,0.53648067,0.976521,1004335977,605.1634,611.7434
450844,2022/9/13,600111.SHA,19.3649,5152043520.0,0.865,0.6932,18.377634,114333000000.0,0.001845502,1.043435,0.8002451,0.98590976,2019188455,612.7404,627.4956
450845,2022/9/15,600111.SHA,19.3649,5152043520.0,0.865,0.6932,17.525034,109028000000.0,0.001845502,0.9727715,0.5839804,0.98937476,1594310843,611.544,598.384
450846,2022/9/16,600111.SHA,19.3649,5152043520.0,0.865,0.6932,16.818426,104632000000.0,0.001845502,0.93536866,0.49581206,0.98979175,1522404494,597.1876,574.2572
450847,2022/9/19,600111.SHA,19.3649,5152043520.0,0.865,0.6932,16.549799,102961000000.0,0.001845502,0.9356223,0.5361372,0.99082196,948130044,574.2572,565.085
450848,2022/9/20,600111.SHA,19.3649,5152043520.0,0.865,0.6932,16.941061,105395000000.0,0.001845502,0.94556725,0.5252855,0.9920505,1134296490,567.2784,578.4445
450849,2022/9/21,600111.SHA,19.3649,5152043520.0,0.865,0.6932,17.799501,110736000000.0,0.001845502,0.9685415,0.73553383,0.9942962,2897336884,582.233,607.75555
450850,2022/9/22,600111.SHA,19.3649,5152043520.0,0.865,0.6932,17.16297,106776000000.0,0.001845502,0.957329,0.59343797,0.9940913,1637349597,596.1906,586.0215
450851,2022/9/23,600111.SHA,19.3649,5152043520.0,0.865,0.6932,16.777548,104378000000.0,0.001845502,0.9573476,0.53513956,0.9942962,1167285008,586.2209,572.86145
450852,2022/9/26,600111.SHA,19.3649,5152043520.0,0.865,0.6932,16.409645,102089000000.0,0.001845502,0.9756944,0.68466085,0.993895,1080562007,570.2693,560.29956
450853,2022/9/27,600111.SHA,19.3649,5152043520.0,0.865,0.6932,16.52644,102816000000.0,0.001845502,0.9985886,0.5787546,0.9945066,1352341073,559.3026,564.2875
450854,2022/9/28,600111.SHA,19.3649,5152043520.0,0.865,0.6932,15.773114,98129112660.0,0.001845502,0.93105817,0.24613507,0.99471545,1101202652,558.3056,538.5655
450855,2022/9/29,600111.SHA,19.3649,5152043520.0,0.865,0.6932,15.749755,97983790020.0,0.001845502,0.8848425,0.077877186,0.99003863,895040969,544.54736,537.76794
450856,2022/9/30,600111.SHA,19.3649,5152043520.0,0.865,0.6932,15.510326,96494232960.0,0.001845502,0.9037088,0.21435834,0.988209,726635532,538.36615,529.5928
450857,2022/10/10,600111.SHA,19.3649,5152043520.0,0.865,0.6932,14.926353,92861166960.0,0.001845502,0.8896623,0.13147734,0.9880203,933160189,529.5928,509.65326
450858,2022/10/11,600111.SHA,19.3649,5152043520.0,0.865,0.6932,15.048987,93624110820.0,0.001845502,0.9170819,0.16389115,0.9859984,797039769,511.2484,513.8406
450859,2022/10/12,600111.SHA,19.3649,5152043520.0,0.865,0.6932,15.159943,94314393360.0,0.001845502,0.9173144,0.12459416,0.9868181,1493227199,512.44476,517.629
450860,2022/10/13,600111.SHA,19.3649,5152043520.0,0.865,0.6932,15.679679,97547822100.0,0.001845502,0.9940763,0.3764706,0.9900669,2188730968,512.44476,535.3752
450861,2022/10/14,600111.SHA,19.3649,5152043520.0,0.865,0.6932,15.819832,98419757940.0,0.001845502,1.0044495,0.216616,0.9910895,1469565203,538.36615,540.1607
450862,2022/10/17,600111.SHA,19.3649,5152043520.0,0.865,0.6932,15.884069,98819395200.0,0.001845502,1.0240963,0.20810537,0.99048007,890098168,538.36615,542.354
450863,2022/10/18,600111.SHA,19.3649,5152043520.0,0.865,0.6932,15.808152,98347096620.0,0.001845502,1.0590767,0.3459591,0.9898765,739049132,546.1425,539.7619
450864,2022/10/19,600111.SHA,19.3649,5152043520.0,0.865,0.6932,15.562884,96821208900.0,0.001845502,1.0341482,0.2948796,0.9888732,809820276,536.97034,531.3873
450865,2022/10/20,600111.SHA,19.3649,5152043520.0,0.865,0.6932,15.580403,96930200880.0,0.001845502,1.027735,0.46125835,0.98443186,852077544,528.39636,531.9855
450866,2022/10/21,600111.SHA,27.405,5543988224.0,1.2811,-4.1197,14.395281,95186329200.0,0.001750039,0.9757915,0.12047706,0.9779709,833850355,535.9734,522.41455
450867,2022/10/24,600111.SHA,27.405,5543988224.0,1.2811,-4.1197,14.0106735,92643183000.0,0.001750039,0.94130665,0.13419564,0.9747373,1185425897,528.39636,508.45688
450868,2022/10/25,600111.SHA,27.405,5543988224.0,1.2811,-4.1197,14.054629,92933828280.0,0.001750039,0.94044125,0.21896482,0.97656095,848383600,508.45688,510.05206
450869,2022/10/26,600111.SHA,27.405,5543988224.0,1.2811,-4.1197,14.159022,93624110820.0,0.001750039,0.95197636,0.18617344,0.97919613,1328615176,507.45993,513.8406
450870,2022/10/27,600111.SHA,27.405,5543988224.0,1.2811,-4.1197,14.367808,95004675900.0,0.001750039,0.9812382,0.3457189,0.9832391,1596102005,516.4327,521.41754
450871,2022/10/28,600111.SHA,27.405,5543988224.0,1.2811,-4.1197,13.609584,89991044820.0,0.001750039,0.9284108,0.22688736,0.984457,1305973070,516.4327,493.90106
450872,2022/10/31,600111.SHA,27.405,5543988224.0,1.2811,-4.1197,13.296404,87920197200.0,0.001750039,0.9236641,0.18608643,0.9848546,1130593890,486.32407,482.53555
450873,2022/11/1,600111.SHA,27.405,5543988224.0,1.2811,-4.1197,14.626045,96712216920.0,0.001750039,1.0439216,0.7447496,0.99071646,3269862570,484.3301,530.7891
450874,2022/11/2,600111.SHA,27.405,5543988224.0,1.2811,-4.1197,15.279876,101036000000.0,0.001750039,1.0871774,0.8381106,0.9941509,4486804717,532.3843,554.5171
450875,2022/11/3,600111.SHA,27.405,5543988224.0,1.2811,-4.1197,15.104056,99872984340.0,0.001750039,1.0667442,0.8659004,0.9951613,2313455944,546.9401,548.1365
450876,2022/11/4,600111.SHA,27.405,5543988224.0,1.2811,-4.1197,15.543607,102779000000.0,0.001750039,1.0818356,0.84764206,0.9955681,2457583236,548.1365,564.0881
450877,2022/11/7,600111.SHA,27.405,5543988224.0,1.2811,-4.1197,15.763382,104233000000.0,0.001750039,1.1582559,0.897281,0.99698126,3491472350,564.6862,572.06384
450878,2022/11/8,600111.SHA,27.405,5543988224.0,1.2811,-4.1197,15.615033,103252000000.0,0.001750039,1.1743802,0.94141334,0.9971831,1810387391,571.4657,566.6802
450879,2022/11/9,600111.SHA,27.405,5543988224.0,1.2811,-4.1197,15.389764,101762000000.0,0.001750039,1.0522164,0.6840411,0.9965788,1353884369,571.2663,558.505
450880,2022/11/10,600111.SHA,27.405,5543988224.0,1.2811,-4.1197,14.724943,97366168800.0,0.001750039,0.9636822,0.08829445,0.99637973,2855936871,543.351,534.37823
450881,2022/11/11,600111.SHA,27.405,5543988224.0,1.2811,-4.1197,14.752416,97547822100.0,0.001750039,0.9767188,0.17092298,0.9955761,2855276031,545.345,535.3752
450882,2022/11/14,600111.SHA,27.405,5543988224.0,1.2811,-4.1197,14.466707,95658627780.0,0.001750039,0.9307175,0.09776705,0.9947718,1574897420,533.97943,525.00665
450883,2022/11/15,600111.SHA,27.405,5543988224.0,1.2811,-4.1197,14.972191,99001048500.0,0.001750039,0.94980836,0.07721697,0.9937676,1937385900,525.20605,543.351
450884,2022/11/16,600111.SHA,27.405,5543988224.0,1.2811,-4.1197,14.6919775,97148184840.0,0.001750039,0.9408868,0.06877136,0.99296623,1359971595,544.14856,533.1819
450885,2022/11/17,600111.SHA,27.405,5543988224.0,1.2811,-4.1197,14.521651,96021934380.0,0.001750039,0.94359154,0.079195976,0.9921624,1409194504,528.99457,527.0006
450886,2022/11/18,600111.SHA,27.405,5543988224.0,1.2811,-4.1197,14.274405,94387054680.0,0.001750039,0.96940297,0.14713567,0.98794454,1230046157,527.0006,518.02783
450887,2022/11/21,600111.SHA,27.405,5543988224.0,1.2811,-4.1197,14.131551,93442457520.0,0.001750039,0.95791435,0.0910004,0.98594093,1032494713,514.04,512.84357
450888,2022/11/22,600111.SHA,27.405,5543988224.0,1.2811,-4.1197,14.054629,92933828280.0,0.001750039,0.9715154,0.19253162,0.9853443,1227334350,513.2424,510.05206
450889,2022/11/23,600111.SHA,27.405,5543988224.0,1.2811,-4.1197,14.120562,93369796200.0,0.001750039,0.94311917,0.18807708,0.9839551,930196583,509.45386,512.44476
450890,2022/11/24,600111.SHA,27.405,5543988224.0,1.2811,-4.1197,14.071113,93042820260.0,0.001750039,0.95774114,0.24739374,0.9833634,947574859,513.8406,510.65024
450891,2022/11/25,600111.SHA,27.405,5543988224.0,1.2811,-4.1197,13.961225,92316207060.0,0.001750039,0.96140754,0.41330928,0.97897476,714944334,508.85568,506.66235
450892,2022/11/28,600111.SHA,27.405,5543988224.0,1.2811,-4.1197,13.873315,91734916500.0,0.001750039,0.9719015,0.4944945,0.97898316,861052956,502.07626,503.47202
450893,2022/11/29,600111.SHA,27.405,5543988224.0,1.2811,-4.1197,14.252427,94241732040.0,0.001750039,1.0085537,0.67206883,0.9796,1258483893,503.47202,517.2303
450894,2022/11/30,600111.SHA,27.405,5543988224.0,1.2811,-4.1197,14.378798,95077337220.0,0.001750039,1.0230649,0.73414683,0.98079616,1437205015,517.2303,521.81635
450895,2022/12/1,600111.SHA,27.405,5543988224.0,1.2811,-4.1197,14.450225,95549635800.0,0.001750039,1.0233464,0.6603321,0.982,1553791789,525.60486,524.4085
450896,2022/12/2,600111.SHA,27.405,5543988224.0,1.2811,-4.1197,14.23045,94096409400.0,0.001750039,1.0113237,0.47929585,0.9824035,1081081810,524.2091,516.4327
450897,2022/12/5,600111.SHA,27.405,5543988224.0,1.2811,-4.1197,14.713955,97293507480.0,0.001750039,1.0539157,0.7537015,0.98719746,2192794222,518.42664,533.97943
450898,2022/12/6,600111.SHA,27.405,5543988224.0,1.2811,-4.1197,14.642528,96821208900.0,0.001750039,1.0554456,0.7409482,0.9868,1157620576,529.3934,531.3873
450899,2022/12/7,600111.SHA,27.405,5543988224.0,1.2811,-4.1197,14.626045,96712216920.0,0.001750039,1.0262144,0.66,0.9856058,1127229033,529.5928,530.7891
450900,2022/12/8,600111.SHA,27.405,5543988224.0,1.2811,-4.1197,14.505168,95912942400.0,0.001750039,1.0087887,0.51919234,0.9838129,968696473,529.9915,526.4024
450901,2022/12/9,600111.SHA,27.405,5543988224.0,1.2811,-4.1197,14.735932,97438830120.0,0.001750039,1.0197718,0.7045182,0.9838129,1306626662,523.8103,534.77704
450902,2022/12/12,600111.SHA,27.405,5543988224.0,1.2811,-4.1197,14.296382,94532377320.0,0.001750039,1.0046333,0.67225885,0.98522365,1314379570,534.37823,518.82544
450903,2022/12/13,600111.SHA,27.405,5543988224.0,1.2811,-4.1197,14.994168,99146371140.0,0.001750039,1.019044,0.8009185,0.9892194,3615778902,518.82544,544.14856
450904,2022/12/14,600111.SHA,27.405,5543988224.0,1.2811,-4.1197,14.840325,98129112660.0,0.001750039,1.0135083,0.77915335,0.99181634,1487168270,544.14856,538.5655
450905,2022/12/15,600111.SHA,27.405,5543988224.0,1.2811,-4.1197,14.735932,97438830120.0,0.001750039,1.0075132,0.7806387,0.9924212,1220260882,538.7649,534.77704
450906,2022/12/16,600111.SHA,27.405,5543988224.0,1.2811,-4.1197,14.433742,95440643820.0,0.001750039,0.9950758,0.7144566,0.9936242,1071677405,529.3934,523.8103
450907,2022/12/19,600111.SHA,27.405,5543988224.0,1.2811,-4.1197,14.060123,92970158940.0,0.001750039,0.95413864,0.49810567,0.99362296,1211368711,520.8194,510.25143
450908,2022/12/20,600111.SHA,27.405,5543988224.0,1.2811,-4.1197,14.120562,93369796200.0,0.001750039,0.9877017,0.83937824,0.99382347,637380420,509.45386,512.44476
450909,2022/12/21,600111.SHA,27.405,5543988224.0,1.2811,-4.1197,13.9062805,91952900460.0,0.001750039,0.927446,0.18488233,0.9852472,660392791,510.65024,504.6684
450910,2022/12/22,600111.SHA,27.405,5543988224.0,1.2811,-4.1197,13.653539,90281690100.0,0.001750039,0.92002964,0.22715509,0.9820967,734592776,508.65628,495.49622
450911,2022/12/23,600111.SHA,27.405,5543988224.0,1.2811,-4.1197,13.763427,91008303300.0,0.001750039,0.9340044,0.47056484,0.9781399,571341422,491.70773,499.48413
463357,2022/1/10,600196.SHA,9.389,-5284866048.0,1.39,-33.8082,26.419321,125454000000.0,0.00335718,1.0014321,0.46692356,0.9612586,1529971839,677.9904,689.68475
463358,2022/1/11,600196.SHA,9.389,-5284866048.0,1.39,-33.8082,26.419321,125454000000.0,0.00335718,1.0002043,0.52354455,0.9640411,1138382449,692.92535,689.68475
463359,2022/1/12,600196.SHA,9.389,-5284866048.0,1.39,-33.8082,26.435513,125531000000.0,0.00335718,1.0155505,0.7099743,0.96447676,998107268,687.4304,690.1074
463360,2022/1/13,600196.SHA,9.389,-5284866048.0,1.39,-33.8082,25.739273,122225000000.0,0.00335718,1.0059059,0.5696555,0.96705884,1004567289,688.2758,671.9319
463361,2022/1/14,600196.SHA,9.389,-5284866048.0,1.39,-33.8082,27.07778,128581000000.0,0.00335718,1.0539916,0.893881,0.97668946,2491588273,669.2549,706.874
463362,2022/1/17,600196.SHA,9.389,-5284866048.0,1.39,-33.8082,26.818714,127350000000.0,0.00335718,1.045445,0.7477535,0.9796748,1437806214,706.874,700.111
463363,2022/1/18,600196.SHA,9.389,-5284866048.0,1.39,-33.8082,26.4625,125659000000.0,0.00335718,1.0016342,0.63729686,0.9805514,1521050036,697.1522,690.8119
463364,2022/1/19,600196.SHA,9.389,-5284866048.0,1.39,-33.8082,25.917381,123070000000.0,0.00335718,0.98100096,0.38670373,0.9773504,729972811,682.4991,676.5814
463365,2022/1/20,600196.SHA,9.389,-5284866048.0,1.39,-33.8082,26.187243,124352000000.0,0.00335718,0.9906084,0.72307694,0.9762871,869243316,676.5814,683.6262
463366,2022/1/21,600196.SHA,9.389,-5284866048.0,1.39,-33.8082,27.752432,131784000000.0,0.00335718,1.0782135,0.94766074,0.9920974,6276284985,751.9607,724.486
463367,2022/1/24,600196.SHA,9.389,-5284866048.0,1.39,-33.8082,25.733877,122199000000.0,0.00335718,0.9503687,0.40324646,0.9935966,2947212033,692.2209,671.79095
463368,2022/1/25,600196.SHA,9.389,-5284866048.0,1.39,-33.8082,24.287426,115330000000.0,0.00335718,0.90561485,0.48046124,0.99423814,1987970467,662.91455,634.03094
463369,2022/1/26,600196.SHA,9.389,-5284866048.0,1.39,-33.8082,23.720718,112639000000.0,0.00335718,0.89639,0.22561365,0.9944504,1078248245,633.89,619.2369
463370,2022/1/27,600196.SHA,9.389,-5284866048.0,1.39,-33.8082,23.42927,111255000000.0,0.00335718,0.9039983,0.5411689,0.99488163,947562724,619.2369,611.6285
463371,2022/1/28,600196.SHA,9.389,-5284866048.0,1.39,-33.8082,22.954315,109000000000.0,0.00335718,0.8765458,0.13600512,0.99531114,840422489,613.3192,599.2297
463372,2022/2/7,600196.SHA,9.389,-5284866048.0,1.39,-33.8082,23.245764,110384000000.0,0.00335718,0.83761173,0.044757035,0.9870047,553289893,607.26074,606.838
463373,2022/2/8,600196.SHA,9.389,-5284866048.0,1.39,-33.8082,23.483242,111512000000.0,0.00335718,0.91254205,0.15896015,0.9769968,643830270,607.1198,613.0375
463374,2022/2/9,600196.SHA,9.389,-5284866048.0,1.39,-33.8082,23.607378,112101000000.0,0.00335718,0.972,0.16311754,0.9589187,661064713,610.0786,616.2781
463375,2022/2/10,600196.SHA,9.389,-5284866048.0,1.39,-33.8082,23.375298,110999000000.0,0.00335718,0.985438,0.25468084,0.94960666,607719659,614.30554,610.21954
463376,2022/2/11,600196.SHA,9.389,-5284866048.0,1.39,-33.8082,22.441582,106565000000.0,0.00335718,0.9578438,0.14969169,0.9511262,1126897807,608.6697,585.84454
463377,2022/2/14,600196.SHA,9.389,-5284866048.0,1.39,-33.8082,22.441582,106565000000.0,0.00335718,0.97766274,0.23730613,0.94710004,666987091,586.40814,585.84454
463378,2022/2/15,600196.SHA,9.389,-5284866048.0,1.39,-33.8082,22.813988,108334000000.0,0.00335718,0.9814257,0.26720476,0.950085,798659492,585.84454,595.5664
463379,2022/2/16,600196.SHA,9.389,-5284866048.0,1.39,-33.8082,22.689852,107744000000.0,0.00335718,0.9662146,0.14637774,0.95114696,652325224,595.84814,592.32574
463380,2022/2/17,600196.SHA,9.389,-5284866048.0,1.39,-33.8082,22.614292,107385000000.0,0.00335718,0.9579332,0.21325403,0.9496815,527511249,591.4804,590.3532
463381,2022/2/18,600196.SHA,9.389,-5284866048.0,1.39,-33.8082,23.288942,110589000000.0,0.00335718,0.9963057,0.5272766,0.9634897,1561504250,589.64874,607.9652
463382,2022/2/21,600196.SHA,9.389,-5284866048.0,1.39,-33.8082,23.164806,110000000000.0,0.00335718,1.032227,0.5511677,0.9624204,792390687,607.9652,604.7246
463383,2022/2/22,600196.SHA,9.389,-5284866048.0,1.39,-33.8082,22.533333,107001000000.0,0.00335718,1.0040885,0.3784243,0.9643312,789109677,598.807,588.2398
463384,2022/2/23,600196.SHA,9.389,-5284866048.0,1.39,-33.8082,22.776207,108154000000.0,0.00335718,0.9983439,0.2225053,0.9607469,736405488,589.5079,594.5801
463385,2022/2/24,600196.SHA,9.389,-5284866048.0,1.39,-33.8082,22.187912,105361000000.0,0.00335718,0.9778783,0.38056853,0.9626644,1191908952,591.7622,579.2225
463386,2022/2/25,600196.SHA,9.389,-5284866048.0,1.39,-33.8082,22.722235,107898000000.0,0.00335718,1.0047733,0.5065762,0.96755725,1136923444,580.20874,593.17114
463387,2022/2/28,600196.SHA,9.389,-5284866048.0,1.39,-33.8082,22.884151,108667000000.0,0.00335718,0.98261875,0.38494167,0.95610684,741681360,591.6213,597.398
463388,2022/3/1,600196.SHA,9.389,-5284866048.0,1.39,-33.8082,22.86796,108590000000.0,0.00335718,0.9871855,0.46618614,0.951049,533381794,598.807,596.97534
463389,2022/3/2,600196.SHA,9.389,-5284866048.0,1.39,-33.8082,23.067657,109538000000.0,0.00335718,1.0237125,0.6610852,0.95084745,808992900,596.97534,602.1885
463390,2022/3/3,600196.SHA,9.389,-5284866048.0,1.39,-33.8082,23.305134,110666000000.0,0.00335718,1.0232228,0.76461864,0.95805085,1277336213,603.0339,608.3879
463391,2022/3/4,600196.SHA,9.389,-5284866048.0,1.39,-33.8082,24.1417,114638000000.0,0.00335718,1.0880564,0.92310953,0.97225165,2315755055,604.4428,630.22675
463392,2022/3/7,600196.SHA,9.389,-5284866048.0,1.39,-33.8082,23.137821,109871000000.0,0.00335718,1.0182898,0.77902544,0.97395724,1407429120,630.3676,604.02014
463393,2022/3/8,600196.SHA,9.389,-5284866048.0,1.39,-33.8082,21.69137,103003000000.0,0.00335718,0.9478774,0.4851695,0.97775424,1494270263,597.398,566.2601
463394,2022/3/9,600196.SHA,9.389,-5284866048.0,1.39,-33.8082,20.752256,98543449055.0,0.00335718,0.90748173,0.3482408,0.97859263,1176561600,564.992,541.7442
463395,2022/3/10,600196.SHA,9.389,-5284866048.0,1.39,-33.8082,21.729149,103182000000.0,0.00335718,0.94197476,0.5615597,0.9777495,1047904205,552.7341,567.24634
463396,2022/3/11,600196.SHA,9.389,-5284866048.0,1.39,-33.8082,23.094643,109666000000.0,0.00335718,0.99096805,0.8224576,0.9803008,1909095946,558.08813,602.89294
463397,2022/3/14,600196.SHA,9.389,-5284866048.0,1.39,-33.8082,25.20495,119687000000.0,0.00335718,1.044042,0.9491956,0.98793906,5135287231,621.2094,657.9832
463398,2022/3/15,600196.SHA,9.389,-5284866048.0,1.39,-33.8082,23.25656,110435000000.0,0.00335718,1.0051317,0.924688,0.9909052,3046863299,639.10315,607.1198
463399,2022/3/16,600196.SHA,9.389,-5284866048.0,1.39,-33.8082,24.719202,117381000000.0,0.00335718,1.1395869,0.9678511,0.99217594,3095181429,625.57715,645.30255
463400,2022/3/17,600196.SHA,9.389,-5284866048.0,1.39,-33.8082,26.565046,126146000000.0,0.00335718,1.280104,0.99196446,0.9961945,6384909677,645.30255,693.48895
463401,2022/3/18,600196.SHA,9.389,-5284866048.0,1.39,-33.8082,27.239697,129349000000.0,0.00335718,1.2536016,0.99217594,0.99746406,5779744274,690.3892,711.1009
463402,2022/3/21,600196.SHA,9.389,-5284866048.0,1.39,-33.8082,29.965286,142292000000.0,0.00335718,1.2974994,0.9934502,0.9985216,6073444884,714.0597,782.25323
463403,2022/3/22,600196.SHA,9.389,-5284866048.0,1.39,-33.8082,29.258251,138935000000.0,0.00335718,1.1608137,0.9704392,0.99873394,8843707378,782.67596,763.7959
463404,2022/3/23,600196.SHA,12.4306,3814537216.0,1.85,8.1466,27.354069,129529000000.0,0.003046923,1.172894,0.9257384,0.99936724,6010170094,746.8884,712.08716
463405,2022/3/24,600196.SHA,12.4306,3814537216.0,1.85,8.1466,28.788343,136321000000.0,0.003046923,1.1613538,0.95399874,0.99936724,5884527230,704.4788,749.42456
463406,2022/3/25,600196.SHA,12.4306,3814537216.0,1.85,8.1466,27.386543,129683000000.0,0.003046923,1.0280373,0.6912851,0.9997891,3604542283,739.70276,712.93256
463407,2022/3/28,600196.SHA,12.4306,3814537216.0,1.85,8.1466,27.137575,128504000000.0,0.003046923,0.9934615,0.5513388,0.9993676,2623746412,711.52356,706.45135
463408,2022/3/29,600196.SHA,12.4306,3814537216.0,1.85,8.1466,29.242983,138473000000.0,0.003046923,0.97316283,0.55016863,0.9993683,5634070410,710.8191,761.25977
463409,2022/3/30,600196.SHA,12.4306,3814537216.0,1.85,8.1466,29.859991,141395000000.0,0.003046923,1.0177089,0.7837439,0.9991581,5981041601,760.8371,777.3219
463410,2022/3/31,600196.SHA,12.4306,3814537216.0,1.85,8.1466,28.864117,136679000000.0,0.003046923,1.0552038,0.905394,0.99915737,6341990569,766.19116,751.3971
463411,2022/4/1,600196.SHA,12.4306,3814537216.0,1.85,8.1466,29.859991,141395000000.0,0.003046923,1.037225,0.8076275,0.9989469,5390868279,730.5445,777.3219
463412,2022/4/6,600196.SHA,12.4306,3814537216.0,1.85,8.1466,29.800455,141113000000.0,0.003046923,1.0881423,0.905394,0.9989467,4928702010,793.2431,775.77203
463413,2022/4/7,600196.SHA,12.4306,3814537216.0,1.85,8.1466,28.063087,132886000000.0,0.003046923,1.0341045,0.82321954,0.99894714,3947522895,767.8819,730.5445
463414,2022/4/8,600196.SHA,12.4306,3814537216.0,1.85,8.1466,27.597626,130682000000.0,0.003046923,0.943735,0.21751948,0.99873686,2231962599,728.4311,718.4275
463415,2022/4/11,600196.SHA,12.4306,3814537216.0,1.85,8.1466,26.02804,123250000000.0,0.003046923,0.87166935,0.13644978,0.99852633,3334779309,707.4376,677.5677
463416,2022/4/12,600196.SHA,12.4306,3814537216.0,1.85,8.1466,26.136288,123762000000.0,0.003046923,0.9054941,0.17950337,0.99747527,2004270984,677.7086,680.3856
463417,2022/4/13,600196.SHA,12.4306,3814537216.0,1.85,8.1466,24.436806,115715000000.0,0.003046923,0.8183796,0.026708728,0.9972666,2566006406,678.6949,636.14435
463418,2022/4/14,600196.SHA,12.4306,3814537216.0,1.85,8.1466,25.113352,118918000000.0,0.003046923,0.8427171,0.043935254,0.99600756,2446635994,648.1205,653.75635
463419,2022/4/15,600196.SHA,12.4306,3814537216.0,1.85,8.1466,25.59505,121199000000.0,0.003046923,0.912054,0.25762355,0.99558455,2208931625,653.8972,666.296
463420,2022/4/18,600196.SHA,12.4306,3814537216.0,1.85,8.1466,24.956392,118175000000.0,0.003046923,0.90429497,0.13002314,0.9949516,1514770109,655.86975,649.67035
463421,2022/4/19,600196.SHA,12.4306,3814537216.0,1.85,8.1466,24.279848,114972000000.0,0.003046923,0.93283427,0.10872766,0.9941152,1559507325,647.416,632.05835
463422,2022/4/20,600196.SHA,12.4306,3814537216.0,1.85,8.1466,23.630365,111896000000.0,0.003046923,0.9041209,0.110340476,0.9934874,1269112392,635.299,615.1509
463423,2022/4/21,600196.SHA,12.4306,3814537216.0,1.85,8.1466,22.67779,107385000000.0,0.003046923,0.9280177,0.30827382,0.99202013,1604614663,612.89655,590.3532
463424,2022/4/22,600196.SHA,12.4306,3814537216.0,1.85,8.1466,22.033718,104336000000.0,0.003046923,0.8773706,0.14870825,0.99139196,1124863832,590.0715,573.5866
463425,2022/4/25,600196.SHA,12.4306,3814537216.0,1.85,8.1466,22.109491,104694000000.0,0.003046923,0.86381906,0.41276506,0.9909721,2232833037,585.281,575.5592
463426,2022/4/26,600196.SHA,12.4306,3814537216.0,1.85,8.1466,24.323147,115177000000.0,0.003046923,0.9746259,0.94285715,0.9937041,3877933997,575.7001,633.18555
463427,2022/4/27,600196.SHA,1.1933,-493490624.0,0.18,-60.4872,24.959799,108590000000.0,0.003090197,0.944494,0.8741861,0.9947523,2931030892,582.3222,596.97534
463428,2022/4/28,600196.SHA,1.1933,-493490624.0,0.18,-60.4872,25.048162,108974000000.0,0.003090197,0.9738891,0.901367,0.99516606,1856730019,593.73474,599.08875
463429,2022/4/29,600196.SHA,1.1933,-493490624.0,0.18,-60.4872,25.319145,110153000000.0,0.003090197,1.0257757,0.88094234,0.9947457,1829728779,598.5252,605.56995
463430,2022/5/5,600196.SHA,1.1933,-493490624.0,0.18,-60.4872,25.649036,111589000000.0,0.003090197,1.0695162,0.9032944,0.9957501,2260283996,587.3944,613.46014
463431,2022/5/6,600196.SHA,1.1933,-493490624.0,0.18,-60.4872,25.22489,109743000000.0,0.003090197,1.0482252,0.6415612,0.9951487,1431147704,588.9443,603.3157
463432,2022/5/9,600196.SHA,1.1933,-493490624.0,0.18,-60.4872,25.448746,110717000000.0,0.003090197,0.9612817,0.062447257,0.99240506,1301956785,591.7622,608.6697
463433,2022/5/10,600196.SHA,1.1933,-493490624.0,0.18,-60.4872,24.677036,107360000000.0,0.003090197,0.98867124,0.10731605,0.9911486,1635104017,598.6661,590.21234
463434,2022/5/11,600196.SHA,1.1933,-493490624.0,0.18,-60.4872,26.980383,117381000000.0,0.003090197,1.0771402,0.4491043,0.99389344,4661440138,609.65594,645.30255
463435,2022/5/12,600196.SHA,1.1933,-493490624.0,0.18,-60.4872,26.532673,115433000000.0,0.003090197,1.0479293,0.5098989,0.9951559,2965734774,628.3951,634.5945
463436,2022/5/13,600196.SHA,1.1933,-493490624.0,0.18,-60.4872,26.662273,115997000000.0,0.003090197,1.0395039,0.5513684,0.9947379,1741841034,648.1205,637.6942
463437,2022/5/16,600196.SHA,1.1933,-493490624.0,0.18,-60.4872,26.079073,113460000000.0,0.003090197,1.0338627,0.37452632,0.9943158,1159051968,636.8488,623.74554
463438,2022/5/17,600196.SHA,1.1933,-493490624.0,0.18,-60.4872,25.6078,111409000000.0,0.003090197,1.00625,0.2875184,0.993896,1149189047,620.22314,612.4739
463439,2022/5/18,600196.SHA,1.1933,-493490624.0,0.18,-60.4872,26.137981,113716000000.0,0.003090197,1.0592027,0.7887976,0.99389344,1038409671,615.1509,625.1545
463440,2022/5/19,600196.SHA,1.1933,-493490624.0,0.18,-60.4872,25.74329,111999000000.0,0.003090197,0.95414853,0.0596166,0.9879975,889871085,614.30554,615.7145
463441,2022/5/20,600196.SHA,1.1933,-493490624.0,0.18,-60.4872,26.161545,113818000000.0,0.003090197,0.98601246,0.14249632,0.9802188,1140198838,625.4363,625.7181
463442,2022/5/23,600196.SHA,1.1933,-493490624.0,0.18,-60.4872,26.520891,115382000000.0,0.003090197,0.9946973,0.16312355,0.97621554,1148456163,627.127,634.3127
463443,2022/5/24,600196.SHA,1.1933,-493490624.0,0.18,-60.4872,25.436964,110666000000.0,0.003090197,0.97537833,0.3705263,0.9751631,1144684700,634.4536,608.3879
463444,2022/5/25,600196.SHA,1.1933,-493490624.0,0.18,-60.4872,25.330927,110205000000.0,0.003090197,0.9891879,0.31068572,0.9756098,1056390609,607.26074,605.85175
463445,2022/5/26,600196.SHA,1.1933,-493490624.0,0.18,-60.4872,25.277908,109974000000.0,0.003090197,0.96709484,0.16071428,0.97310925,777792913,608.3879,604.5837
463446,2022/5/27,600196.SHA,1.1933,-493490624.0,0.18,-60.4872,25.165981,109487000000.0,0.003090197,0.97757435,0.2711223,0.973745,848696747,604.5837,601.9067
463447,2022/5/30,600196.SHA,1.1933,-493490624.0,0.18,-60.4872,26.049618,113331000000.0,0.003090197,0.9957217,0.4647355,0.97670025,1385798936,605.85175,623.0411
463448,2022/5/31,600196.SHA,1.1933,-493490624.0,0.18,-60.4872,25.8022,112255000000.0,0.003090197,0.9729009,0.25408804,0.9756966,1001398560,617.54614,617.1234
463449,2022/6/1,600196.SHA,1.1933,-493490624.0,0.18,-60.4872,25.395727,110487000000.0,0.003090197,0.9983789,0.1300796,0.97486913,800667444,617.1234,607.4016
463450,2022/6/2,600196.SHA,1.1933,-493490624.0,0.18,-60.4872,25.08351,109128000000.0,0.003090197,0.9902326,0.16209424,0.97215825,765380766,609.93774,599.93414
463451,2022/6/6,600196.SHA,1.1933,-493490624.0,0.18,-60.4872,25.165981,109487000000.0,0.003090197,0.99557215,0.15064773,0.9722222,1173759765,598.807,601.9067
463452,2022/6/7,600196.SHA,1.1933,-493490624.0,0.18,-60.4872,25.619581,111460000000.0,0.003090197,1.0180244,0.30375782,0.97265136,1282560480,602.61115,612.7557
463453,2022/6/8,600196.SHA,1.1933,-493490624.0,0.18,-60.4872,25.566563,111230000000.0,0.003090197,0.98145634,0.12755741,0.9703549,1326495045,614.02374,611.4876
463454,2022/6/9,600196.SHA,1.1933,-493490624.0,0.18,-60.4872,24.889109,108282000000.0,0.003090197,0.96461195,0.17352265,0.96888703,1096015345,611.4876,595.2846
463455,2022/6/10,600196.SHA,1.1933,-493490624.0,0.18,-60.4872,25.183655,109564000000.0,0.003090197,0.9916492,0.3279099,0.96684045,827786634,588.6625,602.32935
463456,2022/6/13,600196.SHA,1.1933,-493490624.0,0.18,-60.4872,25.213108,109692000000.0,0.003090197,1.0051668,0.5526151,0.9641965,764950227,598.9479,603.0339
463457,2022/6/14,600196.SHA,1.1933,-493490624.0,0.18,-60.4872,25.171873,109513000000.0,0.003090197,1.0002341,0.6329931,0.9625078,916771495,598.807,602.0476
463458,2022/6/15,600196.SHA,1.1933,-493490624.0,0.18,-60.4872,25.325035,110179000000.0,0.003090197,0.9885031,0.48552987,0.95943415,1150521249,600.9204,605.7109
463459,2022/6/16,600196.SHA,1.1933,-493490624.0,0.18,-60.4872,25.03049,108898000000.0,0.003090197,0.9919537,0.40328962,0.9527477,890833155,607.42395,606.5674
463460,2022/6/17,600196.SHA,1.1933,-493490624.0,0.18,-60.4872,25.578346,111281000000.0,0.003090197,1.041256,0.66013753,0.955625,1490335780,599.5724,619.8436
463461,2022/6/20,600196.SHA,1.1933,-493490624.0,0.18,-60.4872,25.590128,111332000000.0,0.003090197,1.0295516,0.5989171,0.96209913,1435688260,613.8479,620.12915
463462,2022/6/21,600196.SHA,1.1933,-493490624.0,0.18,-60.4872,25.943583,112870000000.0,0.003090197,1.0425525,0.7489592,0.96858096,1480849591,619.1299,628.69446
463463,2022/6/22,600196.SHA,1.1933,-493490624.0,0.18,-60.4872,26.273474,114305000000.0,0.003090197,1.057539,0.85056275,0.9762401,2288031225,632.4061,636.6888
463464,2022/6/23,600196.SHA,1.1933,-493490624.0,0.18,-60.4872,25.707945,111845000000.0,0.003090197,1.0285175,0.6138779,0.9802042,1511206337,630.9786,622.98425
463465,2022/6/24,600196.SHA,1.1933,-493490624.0,0.18,-60.4872,25.448746,110717000000.0,0.003090197,1.0167098,0.5038582,0.98186743,1367576934,620.7002,616.703
463466,2022/6/27,600196.SHA,1.1933,-493490624.0,0.18,-60.4872,25.519436,111025000000.0,0.003090197,0.99769694,0.27600583,0.9824927,1815966848,613.8479,618.4161
463467,2022/6/28,600196.SHA,1.1933,-493490624.0,0.18,-60.4872,25.148308,109410000000.0,0.003090197,0.9827348,0.13323604,0.98373646,1588644652,618.84436,609.4225
463468,2022/6/29,600196.SHA,1.1933,-493490624.0,0.18,-60.4872,24.918564,108411000000.0,0.003090197,0.96049047,0.0915919,0.9820721,1284481258,605.9964,603.85504
463469,2022/6/30,600196.SHA,1.1933,-493490624.0,0.18,-60.4872,25.973036,112998000000.0,0.003090197,0.988565,0.15450375,0.98290956,2997563922,604.2833,629.40826
463470,2022/7/1,600196.SHA,1.1933,-493490624.0,0.18,-60.4872,27.098202,117893000000.0,0.003090197,1.0540788,0.79254323,0.9870941,3490940315,629.40826,656.6745
463471,2022/7/4,600196.SHA,1.1933,-493490624.0,0.18,-60.4872,28.417765,123634000000.0,0.003090197,1.1166668,0.9401834,0.98999584,3112371568,671.23553,688.65173
463472,2022/7/5,600196.SHA,1.1933,-493490624.0,0.18,-60.4872,28.117329,122327000000.0,0.003090197,1.1018006,0.944375,0.99041665,2086573358,686.93866,681.3712
463473,2022/7/6,600196.SHA,1.1933,-493490624.0,0.18,-60.4872,28.44133,123737000000.0,0.003090197,1.130944,0.97646815,0.99146545,2061384092,686.5104,689.2227
463474,2022/7/7,600196.SHA,1.1933,-493490624.0,0.18,-60.4872,28.170347,122558000000.0,0.003090197,1.1304965,0.9500312,0.99146724,1702181122,694.9329,682.656
463475,2022/7/8,600196.SHA,1.1933,-493490624.0,0.18,-60.4872,29.813911,129708000000.0,0.003090197,1.1478794,0.96836627,0.99188685,3385370396,691.3641,722.48474
463476,2022/7/11,600196.SHA,1.1933,-493490624.0,0.18,-60.4872,29.495802,128324000000.0,0.003090197,1.0884783,0.9354839,0.991051,2271422078,728.0522,714.77594
463477,2022/7/12,600196.SHA,1.1933,-493490624.0,0.18,-60.4872,27.581255,119995000000.0,0.003090197,0.97056377,0.5833854,0.99126095,2358652534,713.7767,668.38043
463478,2022/7/13,600196.SHA,1.1933,-493490624.0,0.18,-60.4872,27.687292,120456000000.0,0.003090197,0.9847056,0.5331946,0.99105656,1437870341,671.09283,670.9501
463479,2022/7/14,600196.SHA,1.1933,-493490624.0,0.18,-60.4872,29.183584,126966000000.0,0.003090197,1.0260978,0.7468828,0.99189866,2654673141,673.0914,707.2099
463480,2022/7/15,600196.SHA,1.1933,-493490624.0,0.18,-60.4872,27.687292,120456000000.0,0.003090197,0.9828524,0.61349946,0.9931507,2632993861,705.0686,670.9501
463481,2022/7/18,600196.SHA,1.1933,-493490624.0,0.18,-60.4872,29.454567,128145000000.0,0.003090197,0.98794705,0.4678423,0.9929475,2849149008,683.227,713.7767
463482,2022/7/19,600196.SHA,1.1933,-493490624.0,0.18,-60.4872,28.794785,125274000000.0,0.003090197,0.97623324,0.21141079,0.99336374,1946041818,699.5011,697.788
463483,2022/7/20,600196.SHA,1.1933,-493490624.0,0.18,-60.4872,28.788893,125249000000.0,0.003090197,1.0437847,0.5489423,0.9925373,1192018378,697.6453,697.6453
463484,2022/7/21,600196.SHA,1.1933,-493490624.0,0.18,-60.4872,28.659292,124685000000.0,0.003090197,1.0351064,0.6046849,0.9921227,1144366016,698.2163,694.5047
463485,2022/7/22,600196.SHA,1.1933,-493490624.0,0.18,-60.4872,28.31762,123199000000.0,0.003090197,0.970327,0.1579602,0.9904703,1180879771,690.65027,686.22485
463486,2022/7/25,600196.SHA,1.1933,-493490624.0,0.18,-60.4872,28.83013,125428000000.0,0.003090197,1.0412766,0.6251815,0.9873496,1120430973,683.79803,698.6446
463487,2022/7/26,600196.SHA,1.1933,-493490624.0,0.18,-60.4872,27.934711,121533000000.0,0.003090197,0.9484,0.078134716,0.9923316,4599614387,754.8902,676.9458
463488,2022/7/27,600196.SHA,1.1933,-493490624.0,0.18,-60.4872,27.905256,121405000000.0,0.003090197,0.96910805,0.1411399,0.9921244,2109651679,676.9458,676.232
463489,2022/7/28,600196.SHA,1.1933,-493490624.0,0.18,-60.4872,27.210129,118380000000.0,0.003090197,0.94516057,0.0665285,0.9921244,1598605665,673.8052,659.38684
463490,2022/7/29,600196.SHA,1.1933,-493490624.0,0.18,-60.4872,26.938345,117198000000.0,0.003090197,0.90236384,0.016791046,0.9941993,2265271914,659.38684,626.6959
463491,2022/8/1,600196.SHA,1.1933,-493490624.0,0.18,-60.4872,27.018116,117545000000.0,0.003090197,0.9159559,0.01780907,0.9933775,902762370,624.4118,628.5517
463492,2022/8/2,600196.SHA,1.1933,-493490624.0,0.18,-60.4872,25.772448,112126000000.0,0.003090197,0.8581937,0.009722797,0.9942089,1559657783,620.84296,599.5724
463493,2022/8/3,600196.SHA,1.1933,-493490624.0,0.18,-60.4872,25.864492,112526000000.0,0.003090197,0.8888655,0.05521092,0.9869754,1179196208,601.71375,601.71375
463494,2022/8/4,600196.SHA,1.1933,-493490624.0,0.18,-60.4872,26.294033,114395000000.0,0.003090197,0.904581,0.05747364,0.9828442,889054754,606.71014,611.7066
463495,2022/8/5,600196.SHA,1.1933,-493490624.0,0.18,-60.4872,26.60085,115730000000.0,0.003090197,0.9385149,0.18523878,0.97995865,784847807,615.98926,618.84436
463496,2022/8/8,600196.SHA,1.1933,-493490624.0,0.18,-60.4872,26.803347,116611000000.0,0.003090197,0.9949886,0.5379054,0.97501034,1519358992,635.6895,623.5553
463497,2022/8/9,600196.SHA,1.1933,-493490624.0,0.18,-60.4872,26.140627,113727000000.0,0.003090197,0.96752214,0.27839735,0.9758464,1114050055,616.703,608.1377
463498,2022/8/10,600196.SHA,1.1933,-493490624.0,0.18,-60.4872,26.06699,113407000000.0,0.003090197,1.0114285,0.31515902,0.97253203,863391700,613.8479,606.4246
463499,2022/8/11,600196.SHA,1.1933,-493490624.0,0.18,-60.4872,26.34926,114635000000.0,0.003090197,1.0187426,0.17933884,0.9714935,839530023,608.4232,612.9914
463500,2022/8/12,600196.SHA,1.1933,-493490624.0,0.18,-60.4872,26.94448,117225000000.0,0.003090197,1.0247375,0.37422553,0.97441715,1455205970,626.6959,626.8387
463501,2022/8/15,600196.SHA,1.1933,-493490624.0,0.18,-60.4872,26.613121,115783000000.0,0.003090197,1.0004613,0.2419488,0.9754538,898204790,628.1235,619.1299
463502,2022/8/16,600196.SHA,1.1933,-493490624.0,0.18,-60.4872,26.447441,115062000000.0,0.003090197,0.9867216,0.18281122,0.9674428,650509420,620.55743,615.27545
463503,2022/8/17,600196.SHA,1.1933,-493490624.0,0.18,-60.4872,26.49653,115276000000.0,0.003090197,1.0136151,0.4235367,0.961063,667038774,613.13416,616.41754
463504,2022/8/18,600196.SHA,1.1933,-493490624.0,0.18,-60.4872,26.25108,114208000000.0,0.003090197,1.0070621,0.4162719,0.95676345,625098355,612.5631,610.7073
463505,2022/8/19,600196.SHA,1.1933,-493490624.0,0.18,-60.4872,26.152899,113781000000.0,0.003090197,0.99254775,0.51780933,0.95204777,583559854,611.7066,608.4232
463506,2022/8/22,600196.SHA,1.1933,-493490624.0,0.18,-60.4872,26.042446,113300000000.0,0.003090197,0.9665224,0.18567312,0.93455446,654724088,606.4246,605.85364
463507,2022/8/23,600196.SHA,1.1933,-493490624.0,0.18,-60.4872,25.465633,110791000000.0,0.003090197,0.95688266,0.14735542,0.9382843,995281202,605.5681,592.43463
463508,2022/8/24,600196.SHA,1.1933,-493490624.0,0.18,-60.4872,24.980865,108682000000.0,0.003090197,0.94454753,0.32339025,0.93933785,745429469,593.57666,581.1569
463509,2022/8/25,600196.SHA,1.1933,-493490624.0,0.18,-60.4872,24.97473,108655000000.0,0.003090197,0.94256604,0.36019737,0.9425051,738833601,581.5852,581.0142
463510,2022/8/26,600196.SHA,1.1933,-493490624.0,0.18,-60.4872,25.115864,109269000000.0,0.003090197,0.9567555,0.47905543,0.9450031,530397887,581.0142,584.29755
463511,2022/8/29,600196.SHA,1.1933,-493490624.0,0.18,-60.4872,24.919502,108415000000.0,0.003090197,0.952839,0.33415386,0.9458684,469357929,572.3061,579.7294
463512,2022/8/30,600196.SHA,3.9988,4360017408.0,0.6,134.5498,28.15613,107000000000.0,0.003265381,0.9443921,0.32561,0.9469045,608595996,580.87146,572.1634
463513,2022/8/31,600196.SHA,3.9988,4360017408.0,0.6,134.5498,28.352829,107747000000.0,0.003265381,0.9725301,0.6657102,0.9430211,727317046,572.1634,576.1605
463514,2022/9/1,600196.SHA,3.9988,4360017408.0,0.6,134.5498,28.732178,109189000000.0,0.003265381,1.0046673,0.7453352,0.9483607,742309837,572.1634,583.8693
463515,2022/9/2,600196.SHA,3.9988,4360017408.0,0.6,134.5498,28.247454,107347000000.0,0.003265381,0.98796064,0.54055715,0.9477887,634917391,582.4418,574.01917
463516,2022/9/5,600196.SHA,3.9988,4360017408.0,0.6,134.5498,25.42341,96614822086.0,0.003265381,0.8841925,0.03685504,0.9695047,2029088117,528.1947,516.63153
463517,2022/9/6,600196.SHA,3.9988,4360017408.0,0.6,134.5498,24.882486,94559187574.0,0.003265381,0.872199,0.014124872,0.9756397,1314904067,511.92062,505.63937
463518,2022/9/7,600196.SHA,3.9988,4360017408.0,0.6,134.5498,24.973812,94906242751.0,0.003265381,0.886976,0.008597748,0.97689164,738171057,504.35458,507.4952
463519,2022/9/8,600196.SHA,3.9988,4360017408.0,0.6,134.5498,23.85684,90661490966.0,0.003265381,0.84142715,0.001840115,0.98405886,1450484481,506.35315,484.7971
463520,2022/9/9,600196.SHA,3.9988,4360017408.0,0.6,134.5498,24.587439,93437932385.0,0.003265381,0.8557457,0.003474351,0.9848918,1147520085,485.7964,499.64365
463521,2022/9/13,600196.SHA,3.9988,4360017408.0,0.6,134.5498,24.194038,91942925467.0,0.003265381,0.85650337,0.003676471,0.9873392,976275813,493.93344,491.64935
463522,2022/9/14,600196.SHA,3.9988,4360017408.0,0.6,134.5498,23.716341,90127559923.0,0.003265381,0.93285435,0.045538083,0.9830508,1126681876,471.0926,481.942
463523,2022/9/15,600196.SHA,3.9988,4360017408.0,0.6,134.5498,23.21054,88205408171.0,0.003265381,0.9328063,0.26072744,0.9807928,992514415,479.80066,471.6636
463524,2022/9/16,600196.SHA,3.9988,4360017408.0,0.6,134.5498,22.599367,85882808138.0,0.003265381,0.9049226,0.25617978,0.981421,672472355,473.9477,459.2439
463525,2022/9/19,600196.SHA,3.9988,4360017408.0,0.6,134.5498,22.613419,85936201242.0,0.003265381,0.9478799,0.6578195,0.9745054,491016057,462.52728,459.52942
463526,2022/9/20,600196.SHA,3.9988,4360017408.0,0.6,134.5498,22.669619,86149773659.0,0.003265381,0.922,0.24123165,0.9688137,456337449,459.2439,460.67145
463527,2022/9/21,600196.SHA,3.9988,4360017408.0,0.6,134.5498,22.269194,84628070189.0,0.003265381,0.9204413,0.20884271,0.96333265,522130255,459.8149,452.5344
463528,2022/9/22,600196.SHA,3.9988,4360017408.0,0.6,134.5498,21.77042,82732614989.0,0.003265381,0.9179503,0.16140208,0.9621027,886825089,446.53867,442.39877
463529,2022/9/23,600196.SHA,3.9988,4360017408.0,0.6,134.5498,21.412146,81371090831.0,0.003265381,0.9225182,0.18354043,0.96088815,594010340,441.54224,435.11826
463530,2022/9/26,600196.SHA,3.9988,4360017408.0,0.6,134.5498,21.138172,80329925299.0,0.003265381,0.93534344,0.26787534,0.96113145,526567646,429.97906,429.55078
463531,2022/9/27,600196.SHA,3.9988,4360017408.0,0.6,134.5498,21.391071,81291001175.0,0.003265381,0.9459459,0.08526658,0.9668362,1009301240,432.54865,434.68997
463532,2022/9/28,600196.SHA,3.9988,4360017408.0,0.6,134.5498,20.765848,78915008037.0,0.003265381,0.91602105,0.14401953,0.971748,995106283,435.40375,421.98474
463533,2022/9/29,600196.SHA,3.9988,4360017408.0,0.6,134.5498,20.800972,79048490798.0,0.003265381,0.93406945,0.4127694,0.9762147,946290085,426.12466,422.69855
463534,2022/9/30,600196.SHA,3.9988,4360017408.0,0.6,134.5498,20.765848,78915008037.0,0.003265381,0.95385605,0.66178566,0.97702783,928348746,426.55292,421.98474
463535,2022/10/10,600196.SHA,3.9988,4360017408.0,0.6,134.5498,19.803425,75257580398.0,0.003265381,0.92486876,0.3710628,0.9805076,867988934,421.41373,402.42728
463536,2022/10/11,600196.SHA,3.9988,4360017408.0,0.6,134.5498,19.648876,74670256252.0,0.003265381,0.9295447,0.21364744,0.9827516,629155117,407.56647,399.28665
463537,2022/10/12,600196.SHA,3.9988,4360017408.0,0.6,134.5498,20.175749,76672497660.0,0.003265381,0.94318557,0.24959415,0.97850335,637628114,399.1439,409.99332
463538,2022/10/13,600196.SHA,3.9988,4360017408.0,0.6,134.5498,20.646423,78461166651.0,0.003265381,0.99424905,0.37829614,0.9779039,855321343,409.7078,419.55792
463539,2022/10/14,600196.SHA,3.9988,4360017408.0,0.6,134.5498,21.88282,83159759823.0,0.003265381,1.0520095,0.6976697,0.98096395,1567800991,420.5572,444.68286
463540,2022/10/17,600196.SHA,3.9988,4360017408.0,0.6,134.5498,22.02332,83693690865.0,0.003265381,1.0605549,0.5118541,0.9797448,1111184539,442.54153,447.53796
463541,2022/10/18,600196.SHA,3.9988,4360017408.0,0.6,134.5498,22.262169,84601373637.0,0.003265381,1.1241574,0.7615961,0.98056287,1137676035,448.82275,452.39163
463542,2022/10/19,600196.SHA,3.9988,4360017408.0,0.6,134.5498,21.847694,83026277062.0,0.003265381,1.1119057,0.77150375,0.9809832,819299428,452.5344,443.9691
463543,2022/10/20,600196.SHA,3.9988,4360017408.0,0.6,134.5498,21.931995,83346635687.0,0.003265381,1.0870473,0.817722,0.98200566,921029211,439.6864,445.68213
463544,2022/10/21,600196.SHA,3.9988,4360017408.0,0.6,134.5498,22.725819,86363346076.0,0.003265381,1.1007146,0.88902366,0.9856508,1626935852,447.68073,461.8135
463545,2022/10/24,600196.SHA,3.9988,4360017408.0,0.6,134.5498,21.629921,82198683947.0,0.003265381,0.988443,0.49818107,0.9868634,1447662564,465.3824,439.54367
463546,2022/10/25,600196.SHA,3.9988,4360017408.0,0.6,134.5498,21.85472,83052973614.0,0.003265381,0.99234444,0.6983421,0.98686606,884084980,447.10968,444.11182
463547,2022/10/26,600196.SHA,3.9988,4360017408.0,0.6,134.5498,22.515068,85562449513.0,0.003265381,1.01136,0.7018395,0.9858614,1175825069,444.11182,457.53082
463548,2022/10/27,600196.SHA,3.9988,4360017408.0,0.6,134.5498,22.409693,85162001231.0,0.003265381,1.0257235,0.76090467,0.9848546,920474309,457.81635,455.3895
463549,2022/10/28,600196.SHA,3.9988,4360017408.0,0.6,134.5498,21.71422,82519042572.0,0.003265381,0.99007046,0.7234558,0.983044,708727799,448.9655,441.2567
463550,2022/10/31,600196.SHA,5.9343,-3043559936.0,0.95,-16.3887,24.32581,88178711619.0,0.003180065,1.02102,0.8041195,0.98283523,2004894822,446.68143,471.52084
463551,2022/11/1,600196.SHA,5.9343,-3043559936.0,0.95,-16.3887,25.327417,91809442706.0,0.003180065,1.1169211,0.937601,0.9864783,2353336437,473.23392,490.93558
463552,2022/11/2,600196.SHA,5.9343,-3043559936.0,0.95,-16.3887,26.49105,96027497940.0,0.003180065,1.1562198,0.95357287,0.99314237,4647764300,492.07764,513.4909
463553,2022/11/3,600196.SHA,5.9343,-3043559936.0,0.95,-16.3887,25.688292,93117573760.0,0.003180065,1.0882996,0.91167575,0.99375,2151019690,497.9306,497.9306
463554,2022/11/4,600196.SHA,5.9343,-3043559936.0,0.95,-16.3887,27.036043,98003042796.0,0.003180065,1.1507837,0.9530431,0.99496377,2702977192,497.50232,524.0548
463555,2022/11/7,600196.SHA,5.9343,-3043559936.0,0.95,-16.3887,26.439497,95840622075.0,0.003180065,1.1614364,0.9031218,0.995975,2544565628,533.9049,512.49164
463556,2022/11/8,600196.SHA,5.9343,-3043559936.0,0.95,-16.3887,25.754574,93357842729.0,0.003180065,1.0587345,0.50110734,0.99537224,1273016781,512.3489,499.2154
463557,2022/11/9,600196.SHA,5.9343,-3043559936.0,0.95,-16.3887,25.968153,94132042740.0,0.003180065,1.025298,0.41457033,0.99517006,1011280254,499.64365,503.3553
463558,2022/11/10,600196.SHA,5.9343,-3043559936.0,0.95,-16.3887,25.57782,92717125478.0,0.003180065,0.9655269,0.09352373,0.9917538,847440184,496.50305,495.78928
463559,2022/11/11,600196.SHA,5.9343,-3043559936.0,0.95,-16.3887,25.563091,92663732374.0,0.003180065,0.9951261,0.27488437,0.9911522,2409957242,509.351,495.50375
463560,2022/11/14,600196.SHA,5.9343,-3043559936.0,0.95,-16.3887,25.960787,94105346188.0,0.003180065,0.9602288,0.19694227,0.9897446,1651377810,495.361,503.21252
463561,2022/11/15,600196.SHA,5.9343,-3043559936.0,0.95,-16.3887,26.085989,94559187574.0,0.003180065,0.9866295,0.2306455,0.9871331,1600262413,503.6408,505.63937
463562,2022/11/16,600196.SHA,5.9343,-3043559936.0,0.95,-16.3887,26.233284,95093118616.0,0.003180065,1.0185874,0.57249147,0.9883441,1989422249,508.3517,508.49448
463563,2022/11/17,600196.SHA,5.9343,-3043559936.0,0.95,-16.3887,26.122812,94692670334.0,0.003180065,1.0059558,0.38050252,0.9873392,951101571,499.64365,506.35315
463564,2022/11/18,600196.SHA,5.9343,-3043559936.0,0.95,-16.3887,28.310146,102622000000.0,0.003180065,1.106824,0.9354774,0.99296767,4351034073,511.0641,548.75146
463565,2022/11/21,600196.SHA,5.9343,-3043559936.0,0.95,-16.3887,28.383795,102889000000.0,0.003180065,1.1103427,0.9379269,0.9945772,2971234281,541.0427,550.179
463566,2022/11/22,600196.SHA,5.9343,-3043559936.0,0.95,-16.3887,26.96976,97762773827.0,0.003180065,1.0388653,0.82834774,0.995784,2214705560,542.4703,522.77
463567,2022/11/23,600196.SHA,5.9343,-3043559936.0,0.95,-16.3887,26.034435,94372311709.0,0.003180065,0.99802375,0.72199917,0.99659044,1610195263,517.6308,504.6401
463568,2022/11/24,600196.SHA,5.9343,-3043559936.0,0.95,-16.3887,26.557333,96267766909.0,0.003180065,1.0123526,0.7939054,0.996793,1009094211,505.63937,514.7757
463569,2022/11/25,600196.SHA,5.9343,-3043559936.0,0.95,-16.3887,25.806128,93544718593.0,0.003180065,0.98787713,0.6560433,0.99679613,918361014,509.7793,500.2147
463570,2022/11/28,600196.SHA,5.9343,-3043559936.0,0.95,-16.3887,26.130177,94719366886.0,0.003180065,0.92299694,0.14034034,0.99379504,868423612,501.0712,506.4959
463571,2022/11/29,600196.SHA,5.9343,-3043559936.0,0.95,-16.3887,27.360092,99177691089.0,0.003180065,0.96393365,0.32012805,0.99,1743843586,507.4952,530.33606
463572,2022/11/30,600196.SHA,5.9343,-3043559936.0,0.95,-16.3887,27.323269,99044208328.0,0.003180065,1.0131075,0.64112824,0.9859972,1318735691,523.6265,529.62225
463573,2022/12/1,600196.SHA,5.9343,-3043559936.0,0.95,-16.3887,26.682535,96721608295.0,0.003180065,1.0248939,0.6769354,0.9856,1751700543,543.8978,517.2026
463574,2022/12/2,600196.SHA,5.9343,-3043559936.0,0.95,-16.3887,26.881382,97442415202.0,0.003180065,1.0122019,0.4904981,0.98520297,861847311,515.34674,521.05695
463575,2022/12/5,600196.SHA,5.9343,-3043559936.0,0.95,-16.3887,26.82983,97255539337.0,0.003180065,1.0396689,0.6246499,0.9843969,1177458164,522.4845,520.0577
463576,2022/12/6,600196.SHA,5.9343,-3043559936.0,0.95,-16.3887,25.636738,92930697895.0,0.003180065,0.9811161,0.113822766,0.9864,1649659497,513.9192,496.9313
463577,2022/12/7,600196.SHA,5.9343,-3043559936.0,0.95,-16.3887,25.725115,93251056520.0,0.003180065,0.9402423,0.0444,0.98260695,999329663,493.93344,498.64438
463578,2022/12/8,600196.SHA,5.9343,-3043559936.0,0.95,-16.3887,27.198067,98590366942.0,0.003180065,0.99541783,0.36685327,0.9896083,3039717657,502.21326,527.19543
463579,2022/12/9,600196.SHA,5.9343,-3043559936.0,0.95,-16.3887,27.24962,98777242807.0,0.003180065,1.021253,0.7145142,0.98920864,1797993872,527.90924,528.1947
463580,2022/12/12,600196.SHA,5.9343,-3043559936.0,0.95,-16.3887,27.610495,100085000000.0,0.003180065,1.0271233,0.8032754,0.99161345,2065783562,529.62225,535.18976
463581,2022/12/13,600196.SHA,5.9343,-3043559936.0,0.95,-16.3887,27.522118,99765015235.0,0.003180065,1.025803,0.8260783,0.9942104,1799778758,543.3268,533.4767
463582,2022/12/14,600196.SHA,5.9343,-3043559936.0,0.95,-16.3887,28.435349,103075000000.0,0.003180065,1.1091641,0.96944886,0.9962076,4513698144,580.7287,551.17834
463583,2022/12/15,600196.SHA,5.9343,-3043559936.0,0.95,-16.3887,27.503675,99698163156.0,0.003180065,1.0681362,0.9483034,0.99740726,2093863606,545.3254,532.6201
463584,2022/12/16,600196.SHA,5.9343,-3043559936.0,0.95,-16.3887,29.516138,106993000000.0,0.003180065,1.0842134,0.96071786,0.9982068,4209862619,529.0513,571.59235
463585,2022/12/19,600196.SHA,5.9343,-3043559936.0,0.95,-16.3887,27.422586,99404225929.0,0.003180065,1.0054054,0.88953143,0.998605,2878929018,563.88354,531.0498
463586,2022/12/20,600196.SHA,5.9343,-3043559936.0,0.95,-16.3887,27.112976,98281920153.0,0.003180065,0.9810615,0.789159,0.99840605,1314229666,536.47455,525.0541
463587,2022/12/21,600196.SHA,5.9343,-3043559936.0,0.95,-16.3887,27.312012,99003402438.0,0.003180065,0.99143696,0.87834066,0.9982057,1087876846,528.1947,528.9085
463588,2022/12/22,600196.SHA,5.9343,-3043559936.0,0.95,-16.3887,26.316837,95395991013.0,0.003180065,0.92463094,0.2699582,0.9964193,1254984258,530.33606,509.63654
463589,2022/12/23,600196.SHA,5.9343,-3043559936.0,0.95,-16.3887,27.326756,99056845570.0,0.003180065,0.99356747,0.91607,0.9964229,1595360917,500.35742,529.19403
474852,2022/1/10,600276.SHA,12.9969,61218620.0,0.66,31.4726,52.089302,326964000000.0,0.001390345,1.0221956,0.6394776,0.98994005,2007381521,3266.6577,3280.7769
474853,2022/1/11,600276.SHA,12.9969,61218620.0,0.66,31.4726,51.131477,320952000000.0,0.001390345,0.9895484,0.44285104,0.98951197,1864009275,3248.0461,3220.4495
474854,2022/1/12,600276.SHA,12.9969,61218620.0,0.66,31.4726,50.53029,317178000000.0,0.001390345,0.98412377,0.39811644,0.9903702,2571709571,3223.6584,3182.5845
474855,2022/1/13,600276.SHA,12.9969,61218620.0,0.66,31.4726,48.380283,303683000000.0,0.001390345,0.932443,0.10742564,0.9935829,4386484345,3176.1667,3047.169
474856,2022/1/14,600276.SHA,12.9969,61218620.0,0.66,31.4726,47.534542,298374000000.0,0.001390345,0.9309519,0.13457423,0.99422586,2312333395,3016.3638,2993.9014
474857,2022/1/17,600276.SHA,12.9969,61218620.0,0.66,31.4726,47.289993,296839000000.0,0.001390345,0.9121463,0.032948226,0.99400944,1823738251,2994.5432,2978.4988
474858,2022/1/18,600276.SHA,12.9969,61218620.0,0.66,31.4726,47.0862,295560000000.0,0.001390345,0.90395147,0.032934133,0.99422956,1635215750,2978.4988,2965.663
474859,2022/1/19,600276.SHA,12.9969,61218620.0,0.66,31.4726,46.5971,292490000000.0,0.001390345,0.91131926,0.043394614,0.99423075,1896409295,2958.6035,2934.8577
474860,2022/1/20,600276.SHA,12.9969,61218620.0,0.66,31.4726,46.55634,292234000000.0,0.001390345,0.9213551,0.22243589,0.99252295,1602248251,2929.7234,2932.2905
474861,2022/1/21,600276.SHA,12.9969,61218620.0,0.66,31.4726,45.792118,287437000000.0,0.001390345,0.9465038,0.40867335,0.98718494,2006159059,2932.9324,2884.157
474862,2022/1/24,600276.SHA,12.9969,61218620.0,0.66,31.4726,44.110832,276883000000.0,0.001390345,0.9279743,0.23152499,0.989968,2842696793,2855.9187,2778.2634
474863,2022/1/25,600276.SHA,12.9969,61218620.0,0.66,31.4726,43.631924,273877000000.0,0.001390345,0.9226459,0.6107196,0.9906103,1745560670,2766.0696,2748.0999
474864,2022/1/26,600276.SHA,12.9969,61218620.0,0.66,31.4726,42.88808,269208000000.0,0.001390345,0.9108418,0.33361793,0.99124867,1612771176,2768.6367,2701.25
474865,2022/1/27,600276.SHA,12.9969,61218620.0,0.66,31.4726,41.869118,262812000000.0,0.001390345,0.8985349,0.5012799,0.99168265,1935136844,2701.25,2637.072
474866,2022/1/28,600276.SHA,12.9969,61218620.0,0.66,31.4726,41.726463,261917000000.0,0.001390345,0.8962574,0.21743764,0.99211425,1440188010,2637.072,2628.0872
474867,2022/2/7,600276.SHA,12.9969,61218620.0,0.66,31.4726,41.920067,263132000000.0,0.001390345,0.9154428,0.21184996,0.9912654,1296168803,2660.8179,2640.2808
474868,2022/2/8,600276.SHA,12.9969,61218620.0,0.66,31.4726,42.511066,266842000000.0,0.001390345,0.963733,0.40017048,0.9884984,1283466066,2640.2808,2677.5042
474869,2022/2/9,600276.SHA,12.9969,61218620.0,0.66,31.4726,42.806564,268696000000.0,0.001390345,0.98108363,0.18718058,0.9870157,1342822006,2676.2205,2696.1157
474870,2022/2/10,600276.SHA,12.9969,61218620.0,0.66,31.4726,42.35822,265882000000.0,0.001390345,0.9876455,0.26404256,0.9842654,1067112309,2702.5334,2667.8774
474871,2022/2/11,600276.SHA,12.9969,61218620.0,0.66,31.4726,42.042343,263899000000.0,0.001390345,1.0041373,0.30278546,0.98215044,1526796361,2653.7583,2647.9822
474872,2022/2/14,600276.SHA,12.9969,61218620.0,0.66,31.4726,40.50371,254241000000.0,0.001390345,0.9706959,0.20522626,0.98427874,2162387200,2631.296,2551.0735
474873,2022/2/15,600276.SHA,12.9969,61218620.0,0.66,31.4726,41.981205,263516000000.0,0.001390345,1.0014585,0.47366184,0.98768055,2630811777,2551.0735,2644.1316
474874,2022/2/16,600276.SHA,12.9969,61218620.0,0.66,31.4726,41.33926,259486000000.0,0.001390345,0.9724353,0.1861058,0.9904418,1962479501,2631.296,2603.6995
474875,2022/2/17,600276.SHA,12.9969,61218620.0,0.66,31.4726,41.26997,259051000000.0,0.001390345,0.9666746,0.28674597,0.99065816,1104067990,2604.3413,2606.2666
474876,2022/2/18,600276.SHA,12.9969,61218620.0,0.66,31.4726,41.62566,261284000000.0,0.001390345,0.98532593,0.3744428,0.99087244,1307024473,2580.5955,2628.7288
474877,2022/2/21,600276.SHA,12.9969,61218620.0,0.66,31.4726,41.595173,261093000000.0,0.001390345,0.99200195,0.16857749,0.9912951,1035019827,2618.4604,2626.8035
474878,2022/2/22,600276.SHA,12.9969,61218620.0,0.66,31.4726,40.761845,255862000000.0,0.001390345,1.0090566,0.44085792,0.9893843,1291738284,2626.8035,2574.1775
474879,2022/2/23,600276.SHA,12.9969,61218620.0,0.66,31.4726,41.564686,260901000000.0,0.001390345,0.99271846,0.17282377,0.98238915,1365148882,2583.1626,2624.8782
474880,2022/2/24,600276.SHA,12.9969,61218620.0,0.66,31.4726,40.324856,253119000000.0,0.001390345,0.97806257,0.38268986,0.9806958,2238371833,2610.1172,2546.581
474881,2022/2/25,600276.SHA,12.9969,61218620.0,0.66,31.4726,40.761845,255862000000.0,0.001390345,0.9876877,0.32074672,0.9840967,2166885497,2560.0583,2574.1775
474882,2022/2/28,600276.SHA,12.9969,61218620.0,0.66,31.4726,40.731358,255670000000.0,0.001390345,0.9785156,0.3478261,0.9836726,1279675446,2574.8193,2572.2522
474883,2022/3/1,600276.SHA,12.9969,61218620.0,0.66,31.4726,41.727283,261922000000.0,0.001390345,1.0031762,0.6181895,0.9851664,2225294402,2572.2522,2635.1467
474884,2022/3/2,600276.SHA,12.9969,61218620.0,0.66,31.4726,41.26997,259051000000.0,0.001390345,1.0124657,0.56167865,0.98495764,1125487359,2620.3857,2606.2666
474885,2022/3/3,600276.SHA,12.9969,61218620.0,0.66,31.4726,40.802494,256117000000.0,0.001390345,0.9816626,0.42309323,0.98474574,1148449836,2616.535,2576.7446
474886,2022/3/4,600276.SHA,12.9969,61218620.0,0.66,31.4726,40.426483,253757000000.0,0.001390345,1.0025201,0.48294854,0.98390174,1285642437,2554.2825,2552.9988
474887,2022/3/7,600276.SHA,12.9969,61218620.0,0.66,31.4726,38.16024,239532000000.0,0.001390345,0.9361756,0.1963983,0.9860258,2630507639,2528.6113,2409.882
474888,2022/3/8,600276.SHA,12.9969,61218620.0,0.66,31.4726,37.276104,233982000000.0,0.001390345,0.91516966,0.24661016,0.9862288,1766240378,2415.0164,2354.047
474889,2022/3/9,600276.SHA,12.9969,61218620.0,0.66,31.4726,36.6257,229899000000.0,0.001390345,0.8777399,0.16193302,0.98452735,2008901471,2361.7485,2312.9734
474890,2022/3/10,600276.SHA,12.9969,61218620.0,0.66,31.4726,36.757816,230729000000.0,0.001390345,0.89066726,0.14303878,0.98537827,1677358432,2361.7485,2321.3164
474891,2022/3/11,600276.SHA,12.9969,61218620.0,0.66,31.4726,38.23138,239978000000.0,0.001390345,0.9369863,0.41885594,0.9883499,2612620905,2273.8247,2414.3745
474892,2022/3/14,600276.SHA,12.9969,61218620.0,0.66,31.4726,38.007805,238575000000.0,0.001390345,0.940171,0.5933531,0.9909014,2583986084,2424.643,2400.2554
474893,2022/3/15,600276.SHA,12.9969,61218620.0,0.66,31.4726,36.717163,230473000000.0,0.001390345,0.9621837,0.8627036,0.9894247,2140443284,2372.017,2318.7493
474894,2022/3/16,600276.SHA,12.9969,61218620.0,0.66,31.4726,37.33708,234365000000.0,0.001390345,1.0016358,0.81450933,0.98984987,2444375845,2352.1218,2357.898
474895,2022/3/17,600276.SHA,12.9969,61218620.0,0.66,31.4726,38.02813,238702000000.0,0.001390345,1.0382907,0.81877774,0.989852,2899634548,2381.002,2401.5388
474896,2022/3/18,600276.SHA,12.9969,61218620.0,0.66,31.4726,38.10943,239213000000.0,0.001390345,1.0367708,0.839078,0.9907016,2089064225,2376.5095,2406.673
474897,2022/3/21,600276.SHA,12.9969,61218620.0,0.66,31.4726,37.906178,237937000000.0,0.001390345,0.99149394,0.5611663,0.9900739,1889540505,2416.2998,2393.8376
474898,2022/3/22,600276.SHA,12.9969,61218620.0,0.66,31.4726,37.54033,235640000000.0,0.001390345,0.98770046,0.26372465,0.98776114,1060452476,2393.8376,2370.7334
474899,2022/3/23,600276.SHA,12.9969,61218620.0,0.66,31.4726,37.967155,238320000000.0,0.001390345,1.0340438,0.18860759,0.98776627,1856684783,2381.002,2397.6882
474900,2022/3/24,600276.SHA,12.9969,61218620.0,0.66,31.4726,38.251705,240106000000.0,0.001390345,1.0244964,0.5003165,0.98903185,2151785491,2373.9424,2415.658
474901,2022/3/25,600276.SHA,12.9969,61218620.0,0.66,31.4726,36.961063,232004000000.0,0.001390345,0.9719402,0.23696983,0.9888233,1962057129,2402.1807,2334.152
474902,2022/3/28,600276.SHA,12.9969,61218620.0,0.66,31.4726,36.483425,229006000000.0,0.001390345,0.9573334,0.23951086,0.98946035,1155486443,2303.9885,2303.9885
474903,2022/3/29,600276.SHA,12.9969,61218620.0,0.66,31.4726,36.503754,229134000000.0,0.001390345,0.9630026,0.45678753,0.9875763,987709144,2303.9885,2305.272
474904,2022/3/30,600276.SHA,12.9969,61218620.0,0.66,31.4726,38.02813,238702000000.0,0.001390345,1.012994,0.7618446,0.9894759,2152907566,2321.3164,2401.5388
474905,2022/3/31,600276.SHA,12.9969,61218620.0,0.66,31.4726,37.418377,234875000000.0,0.001390345,0.98554605,0.54867256,0.9886244,1487363641,2383.569,2363.0322
474906,2022/4/1,600276.SHA,12.9969,61218620.0,0.66,31.4726,37.377728,234620000000.0,0.001390345,0.97715205,0.40033713,0.9856782,1370014577,2348.913,2360.465
474907,2022/4/6,600276.SHA,12.9969,61218620.0,0.66,31.4726,36.839115,231239000000.0,0.001390345,0.9967005,0.44711336,0.9848325,1578928614,2360.465,2326.4507
474908,2022/4/7,600276.SHA,12.9969,61218620.0,0.66,31.4726,35.894,225306000000.0,0.001390345,0.9838439,0.4778761,0.98589176,1415977367,2328.376,2266.7651
474909,2022/4/8,600276.SHA,12.9969,61218620.0,0.66,31.4726,34.48141,216440000000.0,0.001390345,0.9445991,0.22320488,0.98778945,2472620995,2252.0042,2177.5579
474910,2022/4/11,600276.SHA,12.9969,61218620.0,0.66,31.4726,33.333046,209231000000.0,0.001390345,0.87653667,0.15729627,0.9873684,1890034295,2157.021,2105.0369
474911,2022/4/12,600276.SHA,12.9969,61218620.0,0.66,31.4726,34.217186,214781000000.0,0.001390345,0.9144486,0.22516835,0.99011153,1953807801,2104.395,2160.8716
474912,2022/4/13,600276.SHA,12.9969,61218620.0,0.66,31.4726,34.1867,214590000000.0,0.001390345,0.9146275,0.32092535,0.9899075,1240858462,2141.6182,2158.9463
474913,2022/4/14,600276.SHA,12.9969,61218620.0,0.66,31.4726,34.369625,215738000000.0,0.001390345,0.9329655,0.44208536,0.98823285,1049640273,2157.021,2170.4983
474914,2022/4/15,600276.SHA,12.9969,61218620.0,0.66,31.4726,34.644012,217460000000.0,0.001390345,0.9651756,0.6151419,0.9886459,1136145008,2169.2146,2187.8264
474915,2022/4/18,600276.SHA,12.9969,61218620.0,0.66,31.4726,34.511898,216631000000.0,0.001390345,1.0008842,0.77109194,0.9829617,752971126,2175.6326,2179.4832
474916,2022/4/19,600276.SHA,12.9969,61218620.0,0.66,31.4726,33.648087,211209000000.0,0.001390345,1.0094512,0.60651946,0.98129463,1352366932,2170.4983,2124.932
474917,2022/4/20,600276.SHA,12.9969,61218620.0,0.66,31.4726,34.87775,218927000000.0,0.001390345,1.019305,0.8152585,0.98466384,2593993618,2137.1257,2202.5872
474918,2022/4/21,600276.SHA,12.9969,61218620.0,0.66,31.4726,33.70906,211592000000.0,0.001390345,0.98602855,0.7459051,0.98614025,1595108819,2194.886,2128.7827
474919,2022/4/22,600276.SHA,12.9969,61218620.0,0.66,31.4726,33.536297,210507000000.0,0.001390345,0.97575396,0.76244485,0.98971236,1476474295,2115.3052,2117.8723
474920,2022/4/25,600276.SHA,3.4723,-1680880384.0,0.19,282.9368,44.36274,189456000000.0,0.001242086,0.87122315,0.46924207,0.99328154,3110633028,1934.9652,1906.0851
474921,2022/4/26,600276.SHA,3.4723,-1680880384.0,0.19,282.9368,41.435097,176954000000.0,0.001242086,0.8168434,0.35630253,0.9955929,3058649159,1861.1605,1780.2964
474922,2022/4/27,600276.SHA,3.4723,-1680880384.0,0.19,282.9368,41.913082,178995000000.0,0.001242086,0.8474781,0.40768746,0.99601173,1962999084,1733.4464,1800.8333
474923,2022/4/28,600276.SHA,3.4723,-1680880384.0,0.19,282.9368,42.49562,181483000000.0,0.001242086,0.82896274,0.3497371,0.9947457,1622101987,1794.4155,1825.8627
474924,2022/4/29,600276.SHA,3.4723,-1680880384.0,0.19,282.9368,44.034126,188053000000.0,0.001242086,0.88875484,0.24694994,0.9932745,1663750490,1825.221,1891.966
474925,2022/5/5,600276.SHA,3.4723,-1680880384.0,0.19,282.9368,44.332867,189329000000.0,0.001242086,0.8993939,0.17640808,0.9919252,1371251001,1891.3242,1904.8015
474926,2022/5/6,600276.SHA,3.4723,-1680880384.0,0.19,282.9368,43.825012,187160000000.0,0.001242086,0.9878788,0.29810128,0.9896646,903735077,1867.5784,1882.9811
474927,2022/5/9,600276.SHA,3.4723,-1680880384.0,0.19,282.9368,43.765263,186905000000.0,0.001242086,1.0562365,0.37341774,0.9850211,592745761,1888.1152,1880.414
474928,2022/5/10,600276.SHA,3.4723,-1680880384.0,0.19,282.9368,43.899696,187479000000.0,0.001242086,1.0473984,0.39995784,0.9822972,1116464433,1829.7134,1886.19
474929,2022/5/11,600276.SHA,3.4723,-1680880384.0,0.19,282.9368,44.736164,191051000000.0,0.001242086,1.0527241,0.2866175,0.9823121,1736999002,1886.8318,1922.1296
474930,2022/5/12,600276.SHA,3.4723,-1680880384.0,0.19,282.9368,44.85566,191561000000.0,0.001242086,1.0186567,0.27759057,0.97809607,773784089,1909.9358,1927.2638
474931,2022/5/13,600276.SHA,3.4723,-1680880384.0,0.19,282.9368,44.780975,191242000000.0,0.001242086,1.0101079,0.2648421,0.9772679,1025971943,1977.9645,1924.0549
474932,2022/5/16,600276.SHA,3.4723,-1680880384.0,0.19,282.9368,43.959442,187734000000.0,0.001242086,1.0030675,0.11410526,0.9774737,1012740478,1943.3083,1888.7571
474933,2022/5/17,600276.SHA,3.4723,-1680880384.0,0.19,282.9368,44.004253,187925000000.0,0.001242086,1.0054607,0.2797306,0.9772679,731592076,1899.6674,1890.6824
474934,2022/5/18,600276.SHA,3.4723,-1680880384.0,0.19,282.9368,43.884758,187415000000.0,0.001242086,0.9996598,0.2855338,0.9749421,706870578,1897.1002,1885.5482
474935,2022/5/19,600276.SHA,3.4723,-1680880384.0,0.19,282.9368,43.69058,186586000000.0,0.001242086,0.9766277,0.12070782,0.9684144,691461477,1863.7277,1877.2051
474936,2022/5/20,600276.SHA,3.4723,-1680880384.0,0.19,282.9368,45.169334,192901000000.0,0.001242086,1.006993,0.28404546,0.9732744,1559577735,1896.4584,1940.7412
474937,2022/5/23,600276.SHA,3.4723,-1680880384.0,0.19,282.9368,44.96022,192008000000.0,0.001242086,1.0040027,0.227952,0.97095346,885797220,1956.1439,1931.7563
474938,2022/5/24,600276.SHA,3.4723,-1680880384.0,0.19,282.9368,42.73461,182503000000.0,0.001242086,0.9721373,0.33978948,0.9734793,1713745147,1930.4728,1836.1311
474939,2022/5/25,600276.SHA,3.4723,-1680880384.0,0.19,282.9368,43.212597,184545000000.0,0.001242086,0.98200953,0.25010517,0.9764508,926139634,1841.9071,1856.6681
474940,2022/5/26,600276.SHA,3.4723,-1680880384.0,0.19,282.9368,43.376904,185246000000.0,0.001242086,0.98842746,0.3039916,0.97815126,1097434046,1859.877,1863.7277
474941,2022/5/27,600276.SHA,3.4723,-1680880384.0,0.19,282.9368,44.482235,189967000000.0,0.001242086,1.0181197,0.6683481,0.98592734,2285393466,1893.2495,1911.2194
474942,2022/5/30,600276.SHA,3.4723,-1680880384.0,0.19,282.9368,44.377678,189520000000.0,0.001242086,0.98247355,0.33690175,0.98593616,1152252024,1914.4282,1906.7269
474943,2022/5/31,600276.SHA,3.4723,-1680880384.0,0.19,282.9368,45.28883,193411000000.0,0.001242086,1.007309,0.6100629,0.9884769,1693806564,1893.2495,1945.8755
474944,2022/6/1,600276.SHA,3.4723,-1680880384.0,0.19,282.9368,44.780975,191242000000.0,0.001242086,1.0478854,0.48282364,0.98638743,1097750079,1946.5172,1924.0549
474945,2022/6/2,600276.SHA,3.4723,-1680880384.0,0.19,282.9368,44.571857,190349000000.0,0.001242086,1.0314553,0.44104713,0.9861838,1035131182,1920.2042,1915.0701
474946,2022/6/6,600276.SHA,3.4723,-1680880384.0,0.19,282.9368,45.60251,194751000000.0,0.001242086,1.0513085,0.5317593,0.9860067,1670869625,1909.9358,1959.3528
474947,2022/6/7,600276.SHA,3.4723,-1680880384.0,0.19,282.9368,46.588345,198961000000.0,0.001242086,1.0473472,0.54759914,0.9853862,2369006964,1970.9048,2001.7102
474948,2022/6/8,600276.SHA,3.4723,-1680880384.0,0.19,282.9368,47.93267,204702000000.0,0.001242086,1.0801077,0.78768265,0.9901879,3791645367,2006.2028,2059.4705
474949,2022/6/9,600276.SHA,3.4723,-1680880384.0,0.19,282.9368,46.22986,197430000000.0,0.001242086,1.0207783,0.67133015,0.9908123,2033859243,2047.2766,1986.3075
474950,2022/6/10,600276.SHA,3.4723,-1680880384.0,0.19,282.9368,47.141014,201321000000.0,0.001242086,1.0527018,0.7920317,0.9904067,1755262468,1969.6213,2025.456
474951,2022/6/13,600276.SHA,3.4723,-1680880384.0,0.19,282.9368,46.75265,199663000000.0,0.001242086,1.0489275,0.80120856,0.9902165,1394654472,2004.9192,2008.7698
474952,2022/6/14,600276.SHA,3.4723,-1680880384.0,0.19,282.9368,47.230637,201704000000.0,0.001242086,1.0357026,0.809623,0.9895855,1532096109,1992.7253,2029.3068
474953,2022/6/15,600276.SHA,3.4723,-1680880384.0,0.19,282.9368,48.694454,207955000000.0,0.001242086,1.0452068,0.8523839,0.98980653,2957312702,2037.6499,2092.2012
474954,2022/6/16,600276.SHA,3.4723,-1680880384.0,0.19,282.9368,48.709393,208019000000.0,0.001242086,1.0162045,0.6729128,0.9864696,2187749412,2099.2607,2092.843
474955,2022/6/17,600276.SHA,3.4723,-1680880384.0,0.19,282.9368,49.8446,212867000000.0,0.001242086,1.0781907,0.8343405,0.9875,2447536003,2076.7986,2141.6182
474956,2022/6/20,600276.SHA,3.4723,-1680880384.0,0.19,282.9368,49.979034,213441000000.0,0.001242086,1.0602028,0.790504,0.9879217,2189656709,2151.2449,2147.3943
474957,2022/6/21,600276.SHA,3.4723,-1680880384.0,0.19,282.9368,49.30687,210571000000.0,0.001242086,1.0546327,0.8087011,0.9881398,1755215717,2143.5435,2118.5142
474958,2022/6/22,600276.SHA,3.4723,-1680880384.0,0.19,282.9368,48.754204,208211000000.0,0.001242086,1.032258,0.7554189,0.9893706,1394757029,2124.29,2094.7683
474959,2022/6/23,600276.SHA,3.4723,-1680880384.0,0.19,282.9368,49.187374,210061000000.0,0.001242086,1.0101227,0.4542613,0.9864555,1137979593,2101.828,2113.38
474960,2022/6/24,600276.SHA,3.4723,-1680880384.0,0.19,282.9368,50.068657,213824000000.0,0.001242086,1.0279055,0.59728885,0.9860358,1880178762,2113.38,2151.2449
474961,2022/6/27,600276.SHA,3.4723,-1680880384.0,0.19,282.9368,53.11579,226837000000.0,0.001242086,1.0656278,0.78674173,0.9881201,3917627812,2166.0059,2282.168
474962,2022/6/28,600276.SHA,3.4723,-1680880384.0,0.19,282.9368,53.265163,227475000000.0,0.001242086,1.0657501,0.77522933,0.9879066,2074696753,2281.5261,2288.5857
474963,2022/6/29,600276.SHA,3.4723,-1680880384.0,0.19,282.9368,53.056046,226582000000.0,0.001242086,1.0760375,0.8812852,0.98978525,2982831284,2287.9438,2279.6008
474964,2022/6/30,600276.SHA,3.4723,-1680880384.0,0.19,282.9368,55.401146,236597000000.0,0.001242086,1.1363357,0.92431194,0.9910379,3175985619,2297.5706,2380.36
474965,2022/7/1,600276.SHA,3.4723,-1680880384.0,0.19,282.9368,58.164482,248398000000.0,0.001242086,1.1825083,0.9747969,0.9933389,3827228102,2380.36,2499.0894
474966,2022/7/4,600276.SHA,3.4723,-1680880384.0,0.19,282.9368,61.495422,262624000000.0,0.001242086,1.228222,0.9893706,0.9956232,5671015849,2502.94,2642.2063
474967,2022/7/5,600276.SHA,3.4723,-1680880384.0,0.19,282.9368,60.509583,258413000000.0,0.001242086,1.1436459,0.970625,0.995625,3539004354,2615.1462,2609.992
474968,2022/7/6,600276.SHA,3.4723,-1680880384.0,0.19,282.9368,58.881454,251460000000.0,0.001242086,1.1097531,0.96584755,0.9958368,3808844859,2616.4348,2539.7651
474969,2022/7/7,600276.SHA,3.4723,-1680880384.0,0.19,282.9368,57.73131,246548000000.0,0.001242086,1.0923647,0.9144285,0.99604577,2757359948,2514.6382,2490.1553
474970,2022/7/8,600276.SHA,3.4723,-1680880384.0,0.19,282.9368,57.43257,245273000000.0,0.001242086,1.0407121,0.83995837,0.9954233,1815851563,2512.061,2477.2695
474971,2022/7/11,600276.SHA,3.4723,-1680880384.0,0.19,282.9368,56.864967,242849000000.0,0.001242086,0.98147225,0.5144641,0.994589,2234277973,2477.9138,2452.7869
474972,2022/7/12,600276.SHA,3.4723,-1680880384.0,0.19,282.9368,55.072533,235194000000.0,0.001242086,0.899049,0.07099729,0.9931336,2064586720,2452.1426,2375.473
474973,2022/7/13,600276.SHA,3.4723,-1680880384.0,0.19,282.9368,55.23684,235896000000.0,0.001242086,0.91286105,0.07117586,0.9916805,1396193589,2375.473,2382.56
474974,2022/7/14,600276.SHA,3.4723,-1680880384.0,0.19,282.9368,57.552067,245783000000.0,0.001242086,0.9774226,0.33645055,0.99086,2894945195,2396.7341,2482.4238
474975,2022/7/15,600276.SHA,3.4723,-1680880384.0,0.19,282.9368,55.625202,237554000000.0,0.001242086,0.96351874,0.4317757,0.98920715,1851315693,2467.6055,2399.3113
474976,2022/7/18,600276.SHA,3.4723,-1680880384.0,0.19,282.9368,56.65585,241956000000.0,0.001242086,0.98647594,0.45082986,0.988799,1444454140,2396.7341,2443.7668
474977,2022/7/19,600276.SHA,3.4723,-1680880384.0,0.19,282.9368,56.22268,240106000000.0,0.001242086,0.98870504,0.30497926,0.9877644,1280131201,2439.9011,2425.0828
474978,2022/7/20,600276.SHA,3.4723,-1680880384.0,0.19,282.9368,56.790283,242530000000.0,0.001242086,1.0311906,0.46329322,0.986733,1361588940,2441.834,2449.5654
474979,2022/7/21,600276.SHA,3.4723,-1680880384.0,0.19,282.9368,57.805996,246867000000.0,0.001242086,1.0465115,0.67412937,0.98714757,1690511410,2445.0554,2493.3767
474980,2022/7/22,600276.SHA,3.4723,-1680880384.0,0.19,282.9368,58.254105,248781000000.0,0.001242086,1.0121983,0.4800995,0.98549825,2035446487,2493.3767,2512.7053
474981,2022/7/25,600276.SHA,3.4723,-1680880384.0,0.19,282.9368,57.477383,245464000000.0,0.001242086,1.0332975,0.5610869,0.9840315,1018720183,2512.7053,2479.2024
474982,2022/7/26,600276.SHA,3.4723,-1680880384.0,0.19,282.9368,54.026947,230729000000.0,0.001242086,0.95359874,0.091606215,0.9921244,3651388347,2481.1353,2330.373
474983,2022/7/27,600276.SHA,3.4723,-1680880384.0,0.19,282.9368,54.11657,231111000000.0,0.001242086,0.96253985,0.110466324,0.9917098,1359549314,2319.4202,2334.2388
474984,2022/7/28,600276.SHA,3.4723,-1680880384.0,0.19,282.9368,53.92239,230282000000.0,0.001242086,0.94950026,0.07834197,0.9915026,1572673134,2327.1516,2325.863
474985,2022/7/29,600276.SHA,3.4723,-1680880384.0,0.19,282.9368,52.712494,225115000000.0,0.001242086,0.9118863,0.023839138,0.9915061,1344080545,2327.1516,2273.676
474986,2022/8/1,600276.SHA,3.4723,-1680880384.0,0.19,282.9368,52.548187,224413000000.0,0.001242086,0.9020512,0.010768275,0.98965234,925327275,2273.0317,2266.5889
474987,2022/8/2,600276.SHA,3.4723,-1680880384.0,0.19,282.9368,51.08437,218162000000.0,0.001242086,0.88877344,0.028961523,0.98986554,1564950103,2254.992,2203.4492
474988,2022/8/3,600276.SHA,3.4723,-1680880384.0,0.19,282.9368,51.831215,221351000000.0,0.001242086,0.9593586,0.49338296,0.9813934,1277925186,2206.0264,2235.6633
474989,2022/8/4,600276.SHA,3.4723,-1680880384.0,0.19,282.9368,54.83354,234173000000.0,0.001242086,1.0132487,0.7978086,0.9857379,2330624975,2254.3477,2365.1643
474990,2022/8/5,600276.SHA,3.4723,-1680880384.0,0.19,282.9368,56.805218,242593000000.0,0.001242086,1.0534626,0.8945627,0.986157,2269357410,2379.983,2450.2097
474991,2022/8/8,600276.SHA,3.4723,-1680880384.0,0.19,282.9368,56.89484,242976000000.0,0.001242086,1.0793426,0.9064243,0.98698884,1320758199,2459.874,2454.0754
474992,2022/8/9,600276.SHA,3.4723,-1680880384.0,0.19,282.9368,55.759632,238128000000.0,0.001242086,1.0611143,0.8750516,0.9867878,1048184781,2448.2769,2405.1099
474993,2022/8/10,600276.SHA,3.4723,-1680880384.0,0.19,282.9368,55.04266,235066000000.0,0.001242086,1.0774854,0.7614622,0.98533666,1213273947,2403.177,2374.1843
474994,2022/8/11,600276.SHA,3.4723,-1680880384.0,0.19,282.9368,55.909004,238766000000.0,0.001242086,1.0786743,0.6979339,0.9853336,1224963358,2383.8486,2411.5527
474995,2022/8/12,600276.SHA,3.4723,-1680880384.0,0.19,282.9368,55.92394,238830000000.0,0.001242086,1.0198857,0.31866997,0.9812255,849341902,2410.2642,2412.197
474996,2022/8/15,600276.SHA,3.4723,-1680880384.0,0.19,282.9368,55.117344,235385000000.0,0.001242086,0.97028667,0.08298927,0.974835,959893241,2407.687,2377.4058
474997,2022/8/16,600276.SHA,3.4723,-1680880384.0,0.19,282.9368,54.445183,232515000000.0,0.001242086,0.95694405,0.058944765,0.97177005,976069807,2377.4058,2348.4128
474998,2022/8/17,600276.SHA,3.4723,-1680880384.0,0.19,282.9368,54.714046,233663000000.0,0.001242086,0.9812483,0.17044517,0.96847963,942589784,2338.7488,2360.01
474999,2022/8/18,600276.SHA,3.4723,-1680880384.0,0.19,282.9368,53.832767,229899000000.0,0.001242086,0.978019,0.16024716,0.9660284,989327210,2346.4802,2321.9973
475000,2022/8/19,600276.SHA,3.4723,-1680880384.0,0.19,282.9368,53.62365,229006000000.0,0.001242086,0.9591237,0.22256537,0.9604857,836152766,2312.333,2312.9773
475001,2022/8/22,600276.SHA,5.964,196985232.0,0.33,-28.6646,56.133305,223520000000.0,0.001227572,0.93589747,0.064018115,0.9734513,2096241563,2223.4219,2257.569
475002,2022/8/23,600276.SHA,5.964,196985232.0,0.33,-28.6646,55.460472,220841000000.0,0.001227572,0.9382113,0.076147355,0.9742851,1138095496,2256.9248,2230.509
475003,2022/8/24,600276.SHA,5.964,196985232.0,0.33,-28.6646,55.236195,219948000000.0,0.001227572,0.94595337,0.3336762,0.97203374,973119540,2230.509,2221.489
475004,2022/8/25,600276.SHA,5.964,196985232.0,0.33,-28.6646,56.053204,223201000000.0,0.001227572,0.95522803,0.44921875,0.9724846,909505289,2225.3547,2254.3477
475005,2022/8/26,600276.SHA,5.964,196985232.0,0.33,-28.6646,55.700768,221798000000.0,0.001227572,0.9647614,0.5252567,0.9722963,740108568,2260.7905,2240.1733
475006,2022/8/29,600276.SHA,5.964,196985232.0,0.33,-28.6646,54.8357,218353000000.0,0.001227572,0.9534819,0.3374359,0.97334427,604223502,2200.2278,2205.382
475007,2022/8/30,600276.SHA,5.964,196985232.0,0.33,-28.6646,53.938595,214781000000.0,0.001227572,0.9609018,0.43469346,0.96514964,1043745825,2207.315,2169.3022
475008,2022/8/31,600276.SHA,5.964,196985232.0,0.33,-28.6646,55.52455,221096000000.0,0.001227572,1.0011554,0.825579,0.9661816,1222592393,2153.195,2233.0862
475009,2022/9/1,600276.SHA,5.964,196985232.0,0.33,-28.6646,55.011917,219055000000.0,0.001227572,0.9959398,0.6901784,0.9672131,838039092,2232.442,2212.4692
475010,2022/9/2,600276.SHA,5.964,196985232.0,0.33,-28.6646,54.30705,216248000000.0,0.001227572,0.96884817,0.38631707,0.968878,912248135,2222.1333,2184.1206
475011,2022/9/5,600276.SHA,5.964,196985232.0,0.33,-28.6646,54.034714,215164000000.0,0.001227572,0.9700892,0.33579034,0.97155136,746249973,2177.678,2173.168
475012,2022/9/6,600276.SHA,5.964,196985232.0,0.33,-28.6646,54.27501,216121000000.0,0.001227572,0.989775,0.44257933,0.97134084,610337253,2186.0535,2182.832
475013,2022/9/7,600276.SHA,5.964,196985232.0,0.33,-28.6646,53.55412,213250000000.0,0.001227572,0.99287194,0.44380757,0.96809816,828041581,2164.7922,2153.8394
475014,2022/9/8,600276.SHA,5.964,196985232.0,0.33,-28.6646,54.034714,215164000000.0,0.001227572,0.97316796,0.15640973,0.96648276,933286783,2164.7922,2173.168
475015,2022/9/9,600276.SHA,5.964,196985232.0,0.33,-28.6646,55.71679,221862000000.0,0.001227572,1.012813,0.44696504,0.97182524,1429733375,2168.658,2240.8176
475016,2022/9/13,600276.SHA,5.964,196985232.0,0.33,-28.6646,56.902252,226582000000.0,0.001227572,1.0477877,0.8196487,0.9746784,1281773076,2242.1062,2288.4946
475017,2022/9/14,600276.SHA,5.964,196985232.0,0.33,-28.6646,57.15857,227603000000.0,0.001227572,1.057812,0.8801307,0.9783541,1030476158,2260.7905,2298.8032
475018,2022/9/15,600276.SHA,5.964,196985232.0,0.33,-28.6646,56.854195,226391000000.0,0.001227572,1.0475208,0.9272579,0.98099715,980584351,2312.333,2286.5618
475019,2022/9/16,600276.SHA,5.964,196985232.0,0.33,-28.6646,55.796886,222181000000.0,0.001227572,1.0418786,0.94463736,0.9830543,1112700148,2287.206,2244.039
475020,2022/9/19,600276.SHA,5.964,196985232.0,0.33,-28.6646,55.57261,221288000000.0,0.001227572,1.0284612,0.93099225,0.9824597,697982775,2249.8376,2235.019
475021,2022/9/20,600276.SHA,5.964,196985232.0,0.33,-28.6646,54.675503,217715000000.0,0.001227572,0.9813111,0.8103589,0.9802283,693165029,2236.3076,2198.9392
475022,2022/9/21,600276.SHA,5.964,196985232.0,0.33,-28.6646,53.55412,213250000000.0,0.001227572,0.9411599,0.4337816,0.97738844,976866242,2198.9392,2153.8394
475023,2022/9/22,600276.SHA,5.964,196985232.0,0.33,-28.6646,52.288555,208211000000.0,0.001227572,0.91479814,0.13980028,0.97779137,1024440987,2132.5781,2102.941
475024,2022/9/23,600276.SHA,5.964,196985232.0,0.33,-28.6646,52.753128,210061000000.0,0.001227572,0.927867,0.22835608,0.9800367,1132384228,2093.921,2121.6252
475025,2022/9/26,600276.SHA,5.964,196985232.0,0.33,-28.6646,51.103092,203490000000.0,0.001227572,0.91587704,0.12772459,0.9818885,1121133168,2121.6252,2055.264
475026,2022/9/27,600276.SHA,5.964,196985232.0,0.33,-28.6646,53.906555,214653000000.0,0.001227572,0.97002023,0.21448922,0.98677516,1528691628,2062.9954,2168.0137
475027,2022/9/28,600276.SHA,5.964,196985232.0,0.33,-28.6646,53.6182,213505000000.0,0.001227572,0.98066217,0.7607811,0.9882114,999888265,2166.725,2156.4165
475028,2022/9/29,600276.SHA,5.964,196985232.0,0.33,-28.6646,56.021164,223074000000.0,0.001227572,1.0460664,0.9387963,0.99186826,2046418485,2183.4763,2253.059
475029,2022/9/30,600276.SHA,5.964,196985232.0,0.33,-28.6646,56.22942,223903000000.0,0.001227572,1.0753677,0.9721375,0.9932913,1206056702,2252.4148,2261.4348
475030,2022/10/10,600276.SHA,5.964,196985232.0,0.33,-28.6646,54.88376,218545000000.0,0.001227572,1.0403887,0.93639505,0.99350256,1078462403,2254.992,2207.315
475031,2022/10/11,600276.SHA,5.964,196985232.0,0.33,-28.6646,54.627445,217524000000.0,0.001227572,1.0689656,0.94780666,0.9926948,681601746,2225.999,2197.0063
475032,2022/10/12,600276.SHA,5.964,196985232.0,0.33,-28.6646,53.265762,212102000000.0,0.001227572,0.98811287,0.6826299,0.99229366,1378197494,2190.5635,2142.2422
475033,2022/10/13,600276.SHA,5.964,196985232.0,0.33,-28.6646,55.332314,220331000000.0,0.001227572,1.0319688,0.736714,0.9918913,1366707323,2132.5781,2225.3547
475034,2022/10/14,600276.SHA,5.964,196985232.0,0.33,-28.6646,60.85914,242338000000.0,0.001227572,1.0863597,0.86767983,0.99412715,3531437663,2254.992,2447.6326
475035,2022/10/17,600276.SHA,5.964,196985232.0,0.33,-28.6646,63.358223,252290000000.0,0.001227572,1.1267806,0.87031406,0.99736685,5591331348,2463.0955,2548.1409
475036,2022/10/18,600276.SHA,5.964,196985232.0,0.33,-28.6646,63.214046,251715000000.0,0.001227572,1.1517805,0.860239,0.99736786,3263104973,2548.1409,2542.3423
475037,2022/10/19,600276.SHA,5.964,196985232.0,0.33,-28.6646,62.477135,248781000000.0,0.001227572,1.1436951,0.8714835,0.99797696,2151997768,2541.698,2512.7053
475038,2022/10/20,600276.SHA,5.964,196985232.0,0.33,-28.6646,62.76549,249929000000.0,0.001227572,1.1783459,0.95731336,0.9985847,3424168327,2484.3567,2524.3022
475039,2022/10/21,600276.SHA,5.964,196985232.0,0.33,-28.6646,64.03105,254969000000.0,0.001227572,1.157209,0.9492622,0.99898946,2773911827,2493.3767,2575.2007
475040,2022/10/24,600276.SHA,5.964,196985232.0,0.33,-28.6646,62.445095,248654000000.0,0.001227572,1.0260595,0.7778901,0.99898946,2666736980,2577.1335,2511.4167
475041,2022/10/25,600276.SHA,5.964,196985232.0,0.33,-28.6646,61.067394,243168000000.0,0.001227572,0.9638432,0.43287504,0.9983835,1931271723,2490.7996,2456.0083
475042,2022/10/26,600276.SHA,5.964,196985232.0,0.33,-28.6646,63.630558,253374000000.0,0.001227572,1.0065889,0.66343236,0.9979802,2912454130,2455.364,2559.0935
475043,2022/10/27,600276.SHA,5.964,196985232.0,0.33,-28.6646,63.630558,253374000000.0,0.001227572,1.0184615,0.70678514,0.99777865,2018515314,2559.0935,2559.0935
475044,2022/10/28,600276.SHA,5.964,196985232.0,0.33,-28.6646,62.397038,248462000000.0,0.001227572,0.9941297,0.74767864,0.997174,2216507437,2551.3623,2509.484
475045,2022/10/31,600276.SHA,8.8449,3583528704.0,0.5,19.4559,73.342705,256436000000.0,0.001373296,1.0057544,0.7330372,0.996769,2943740835,2458.5854,2590.0193
475046,2022/11/1,600276.SHA,8.8449,3583528704.0,0.5,19.4559,75.696236,264665000000.0,0.001373296,1.064392,0.83501613,0.99697274,3386698861,2582.2878,2673.1318
475047,2022/11/2,600276.SHA,8.8449,3583528704.0,0.5,19.4559,76.59022,267791000000.0,0.001373296,1.1012591,0.8752523,0.997378,3990735923,2654.4475,2704.7017
475048,2022/11/3,600276.SHA,8.8449,3583528704.0,0.5,19.4559,76.7909,268492000000.0,0.001373296,1.0596677,0.84432346,0.99657255,2126220579,2676.9976,2711.7888
475049,2022/11/4,600276.SHA,8.8449,3583528704.0,0.5,19.4559,76.26182,266642000000.0,0.001373296,1.0523666,0.72632,0.9969782,2237835762,2693.1045,2693.1045
475050,2022/11/7,600276.SHA,8.8449,3583528704.0,0.5,19.4559,76.60846,267854000000.0,0.001373296,1.0780487,0.5438067,0.9965788,2004142720,2689.883,2705.346
475051,2022/11/8,600276.SHA,8.8449,3583528704.0,0.5,19.4559,74.25492,259625000000.0,0.001373296,1.0124378,0.12703845,0.99557346,2398733014,2703.413,2622.2334
475052,2022/11/9,600276.SHA,8.8449,3583528704.0,0.5,19.4559,74.346146,259944000000.0,0.001373296,0.9821644,0.0804991,0.99476755,1357326740,2622.2334,2625.4548
475053,2022/11/10,600276.SHA,8.8449,3583528704.0,0.5,19.4559,73.324455,256372000000.0,0.001373296,0.9573607,0.07280772,0.9923572,1294465502,2609.3477,2589.375
475054,2022/11/11,600276.SHA,8.8449,3583528704.0,0.5,19.4559,71.55475,250184000000.0,0.001373296,0.93181276,0.047054093,0.992962,2733982968,2644.139,2526.8794
475055,2022/11/14,600276.SHA,8.8449,3583528704.0,0.5,19.4559,74.36439,260008000000.0,0.001373296,0.97511965,0.2820358,0.99376637,2296583744,2534.6108,2626.099
475056,2022/11/15,600276.SHA,8.8449,3583528704.0,0.5,19.4559,73.41568,256691000000.0,0.001373296,0.9583234,0.09772773,0.9935666,1930623270,2626.7434,2592.5964
475057,2022/11/16,600276.SHA,8.8449,3583528704.0,0.5,19.4559,73.89004,258350000000.0,0.001373296,0.99508595,0.3030364,0.9921624,1936993184,2592.5964,2609.3477
475058,2022/11/17,600276.SHA,8.8449,3583528704.0,0.5,19.4559,73.70759,257712000000.0,0.001373296,0.991411,0.26472363,0.9913585,1120911720,2596.4622,2602.9048
475059,2022/11/18,600276.SHA,8.8449,3583528704.0,0.5,19.4559,73.47041,256882000000.0,0.001373296,1.0019906,0.3758794,0.99075747,1417054520,2608.7034,2594.5293
475060,2022/11/21,600276.SHA,8.8449,3583528704.0,0.5,19.4559,74.41912,260200000000.0,0.001373296,1.0400306,0.7581358,0.9899578,1684539001,2564.2478,2628.032
475061,2022/11/22,600276.SHA,8.8449,3583528704.0,0.5,19.4559,72.831856,254650000000.0,0.001373296,0.9793915,0.26219633,0.9907649,1653432493,2630.6091,2571.9792
475062,2022/11/23,600276.SHA,8.8449,3583528704.0,0.5,19.4559,72.06559,251971000000.0,0.001373296,0.9816103,0.55580086,0.9889691,1104218482,2557.161,2544.9194
475063,2022/11/24,600276.SHA,8.8449,3583528704.0,0.5,19.4559,71.828415,251141000000.0,0.001373296,0.97209877,0.393344,0.9879736,1116046415,2552.651,2536.5437
475064,2022/11/25,600276.SHA,8.8449,3583528704.0,0.5,19.4559,72.302765,252800000000.0,0.001373296,0.9809407,0.59811586,0.9889868,981440210,2524.3022,2553.2952
475065,2022/11/28,600276.SHA,8.8449,3583528704.0,0.5,19.4559,71.481766,249929000000.0,0.001373296,0.97293264,0.5047047,0.9889912,1014566782,2506.2625,2524.3022
475066,2022/11/29,600276.SHA,8.8449,3583528704.0,0.5,19.4559,73.06904,255479000000.0,0.001373296,0.9818583,0.46778712,0.9844,1099869108,2539.7651,2580.355
475067,2022/11/30,600276.SHA,8.8449,3583528704.0,0.5,19.4559,72.667656,254076000000.0,0.001373296,0.99774545,0.49569914,0.9837968,1170428278,2580.355,2566.1807
475068,2022/12/1,600276.SHA,8.8449,3583528704.0,0.5,19.4559,73.835304,258158000000.0,0.001373296,1.0245569,0.67393476,0.9828,1530958402,2591.3079,2607.4148
475069,2022/12/2,600276.SHA,8.8449,3583528704.0,0.5,19.4559,73.89004,258350000000.0,0.001373296,1.028702,0.6861372,0.9814037,1017634127,2604.8376,2609.3477
475070,2022/12/5,600276.SHA,8.8449,3583528704.0,0.5,19.4559,72.75888,254395000000.0,0.001373296,1.0063083,0.23089236,0.9839968,1820773517,2609.3477,2569.402
475071,2022/12/6,600276.SHA,8.8449,3583528704.0,0.5,19.4559,72.75888,254395000000.0,0.001373296,1.0178663,0.34166834,0.9822,1098865540,2557.8052,2569.402
475072,2022/12/7,600276.SHA,8.8449,3583528704.0,0.5,19.4559,74.03599,258860000000.0,0.001373296,1.0132334,0.5232,0.98440623,1594275196,2564.2478,2614.502
475073,2022/12/8,600276.SHA,8.8449,3583528704.0,0.5,19.4559,70.91619,247952000000.0,0.001373296,0.9758976,0.17952819,0.9894085,2415374745,2613.8577,2504.3296
475074,2022/12/9,600276.SHA,8.8449,3583528704.0,0.5,19.4559,70.82497,247633000000.0,0.001373296,0.9592291,0.13934426,0.9894085,1597863492,2508.8396,2501.1082
475075,2022/12/12,600276.SHA,8.8449,3583528704.0,0.5,19.4559,70.93443,248016000000.0,0.001373296,0.96000004,0.20131816,0.99021566,1469815693,2506.2625,2504.9739
475076,2022/12/13,600276.SHA,8.8449,3583528704.0,0.5,19.4559,70.02221,244826000000.0,0.001373296,0.9623872,0.36242014,0.98961866,1470661682,2505.6182,2472.7598
475077,2022/12/14,600276.SHA,8.8449,3583528704.0,0.5,19.4559,70.131676,245209000000.0,0.001373296,0.9638917,0.34394968,0.99101794,1005170476,2472.7598,2476.6252
475078,2022/12/15,600276.SHA,8.8449,3583528704.0,0.5,19.4559,69.25594,242147000000.0,0.001373296,0.9354362,0.058083832,0.9906263,810989449,2459.874,2445.6997
475079,2022/12/16,600276.SHA,8.8449,3583528704.0,0.5,19.4559,69.32892,242402000000.0,0.001373296,0.9776177,0.5264207,0.9854553,943216013,2436.0354,2448.2769
475080,2022/12/19,600276.SHA,8.8449,3583528704.0,0.5,19.4559,67.85112,237235000000.0,0.001373296,0.95801127,0.5565304,0.98585093,1089921474,2453.4312,2396.0898
475081,2022/12/20,600276.SHA,8.8449,3583528704.0,0.5,19.4559,66.6105,232897000000.0,0.001373296,0.93904316,0.25767237,0.9846583,1023223014,2394.8013,2352.2786
475082,2022/12/21,600276.SHA,8.8449,3583528704.0,0.5,19.4559,65.935455,230537000000.0,0.001373296,0.9416362,0.31890705,0.9826555,910631428,2352.2786,2328.4402
475083,2022/12/22,600276.SHA,8.8449,3583528704.0,0.5,19.4559,66.82943,233663000000.0,0.001373296,0.95291364,0.6593669,0.9862741,1309943892,2348.4128,2360.01
475084,2022/12/23,600276.SHA,8.8449,3583528704.0,0.5,19.4559,67.04836,234428000000.0,0.001373296,0.96812433,0.8066826,0.98708266,793292486,2339.393,2367.7415
480043,2022/1/10,600309.SHA,34.6553,-24038367232.0,6.22,-12.9926,13.04664,316172000000.0,0.005296049,0.9998014,0.4517234,0.97003424,1284514554,3959.0977,3870.6907
480044,2022/1/11,600309.SHA,34.6553,-24038367232.0,6.22,-12.9926,12.722742,308323000000.0,0.005296049,0.9722773,0.34225172,0.97217464,1177831807,3850.7031,3774.5962
480045,2022/1/12,600309.SHA,34.6553,-24038367232.0,6.22,-12.9926,12.851006,311431000000.0,0.005296049,0.99140435,0.4625428,0.9693987,899426014,3773.8274,3812.6497
480046,2022/1/13,600309.SHA,34.6553,-24038367232.0,6.22,-12.9926,12.57634,304775000000.0,0.005296049,0.9653904,0.24416862,0.96791446,888842731,3793.815,3731.1614
480047,2022/1/14,600309.SHA,34.6553,-24038367232.0,6.22,-12.9926,12.450666,301730000000.0,0.005296049,0.95195645,0.25331622,0.9670659,870538010,3729.6238,3693.8767
480048,2022/1/17,600309.SHA,34.6553,-24038367232.0,6.22,-12.9926,12.376818,299940000000.0,0.005296049,0.9288284,0.054557126,0.961917,882592855,3701.5642,3671.967
480049,2022/1/18,600309.SHA,34.6553,-24038367232.0,6.22,-12.9926,12.800477,310207000000.0,0.005296049,0.98113203,0.43124464,0.96452236,1758255774,3701.1797,3797.6587
480050,2022/1/19,600309.SHA,34.6553,-24038367232.0,6.22,-12.9926,12.498604,302891000000.0,0.005296049,0.9823829,0.4020949,0.9638889,1266282776,3789.9712,3708.0986
480051,2022/1/20,600309.SHA,34.6553,-24038367232.0,6.22,-12.9926,12.34961,299281000000.0,0.005296049,0.96098393,0.5241453,0.9675283,1078281564,3709.2517,3663.895
480052,2022/1/21,600309.SHA,34.6553,-24038367232.0,6.22,-12.9926,12.135838,294100000000.0,0.005296049,0.9649737,0.57167274,0.97009826,1248622030,3659.2825,3600.4727
480053,2022/1/24,600309.SHA,34.6553,-24038367232.0,6.22,-12.9926,12.104743,293347000000.0,0.005296049,0.9722164,0.5931226,0.9711846,805439072,3586.2507,3591.2476
480054,2022/1/25,600309.SHA,34.6553,-24038367232.0,6.22,-12.9926,11.73809,284461000000.0,0.005296049,0.94839317,0.7582746,0.973965,1075534996,3573.5662,3482.4685
480055,2022/1/26,600309.SHA,34.6553,-24038367232.0,6.22,-12.9926,11.841737,286973000000.0,0.005296049,0.9251012,0.4646745,0.9677695,664029857,3484.7747,3513.2188
480056,2022/1/27,600309.SHA,34.6553,-24038367232.0,6.22,-12.9926,11.92336,288951000000.0,0.005296049,0.9539753,0.8451365,0.96737045,1043710567,3537.4346,3537.4346
480057,2022/1/28,600309.SHA,34.6553,-24038367232.0,6.22,-12.9926,11.7057,283676000000.0,0.005296049,0.9478599,0.63056916,0.971867,1039922371,3542.4316,3472.8591
480058,2022/2/7,600309.SHA,34.6553,-24038367232.0,6.22,-12.9926,12.001096,290835000000.0,0.005296049,0.9888972,0.75319695,0.971879,919957855,3495.9216,3560.4973
480059,2022/2/8,600309.SHA,34.6553,-24038367232.0,6.22,-12.9926,12.178592,295136000000.0,0.005296049,1.0061009,0.7293842,0.97273695,962535687,3543.969,3613.1572
480060,2022/2/9,600309.SHA,34.6553,-24038367232.0,6.22,-12.9926,12.2939,297931000000.0,0.005296049,1.047351,0.6511925,0.97232866,1040682445,3615.848,3647.367
480061,2022/2/10,600309.SHA,34.6553,-24038367232.0,6.22,-12.9926,12.515447,303300000000.0,0.005296049,1.0568928,0.78021276,0.97724855,1587332610,3660.82,3713.0955
480062,2022/2/11,600309.SHA,34.6553,-24038367232.0,6.22,-12.9926,12.714968,308135000000.0,0.005296049,1.0663913,0.7497342,0.980663,1962800591,3733.4675,3772.2898
480063,2022/2/14,600309.SHA,34.6553,-24038367232.0,6.22,-12.9926,12.841936,311212000000.0,0.005296049,1.097067,0.89866155,0.981092,1425114256,3728.4707,3809.959
480064,2022/2/15,600309.SHA,34.6553,-24038367232.0,6.22,-12.9926,12.590591,305121000000.0,0.005296049,1.0491202,0.83751065,0.9808836,907907313,3816.8777,3735.3894
480065,2022/2/16,600309.SHA,34.6553,-24038367232.0,6.22,-12.9926,12.6320505,306125000000.0,0.005296049,1.0372341,0.81761205,0.9806712,833381103,3763.0647,3747.6897
480066,2022/2/17,600309.SHA,34.6553,-24038367232.0,6.22,-12.9926,12.669622,307036000000.0,0.005296049,1.0305617,0.8472812,0.9785563,671236667,3761.9116,3758.8367
480067,2022/2/18,600309.SHA,34.6553,-24038367232.0,6.22,-12.9926,12.751245,309014000000.0,0.005296049,1.0188407,0.739758,0.9745277,703800098,3741.5396,3783.0525
480068,2022/2/21,600309.SHA,34.6553,-24038367232.0,6.22,-12.9926,12.705899,307915000000.0,0.005296049,0.9992867,0.22080679,0.96539277,664321395,3759.6052,3769.599
480069,2022/2/22,600309.SHA,34.6553,-24038367232.0,6.22,-12.9926,12.463623,302044000000.0,0.005296049,0.97054076,0.11424931,0.96093416,999409520,3734.2363,3697.7205
480070,2022/2/23,600309.SHA,34.6553,-24038367232.0,6.22,-12.9926,12.347019,299218000000.0,0.005296049,0.9806544,0.11401274,0.9603225,1097414610,3726.933,3663.1262
480071,2022/2/24,600309.SHA,34.6553,-24038367232.0,6.22,-12.9926,12.128063,293912000000.0,0.005296049,0.96010256,0.21722528,0.95927024,1183662727,3661.2043,3598.1665
480072,2022/2/25,600309.SHA,34.6553,-24038367232.0,6.22,-12.9926,12.243372,296706000000.0,0.005296049,0.96635646,0.15549427,0.9594996,953944520,3619.6917,3632.376
480073,2022/2/28,600309.SHA,34.6553,-24038367232.0,6.22,-12.9926,12.28224,297648000000.0,0.005296049,0.96321887,0.21908802,0.9594996,787423528,3651.595,3643.9075
480074,2022/3/1,600309.SHA,34.6553,-24038367232.0,6.22,-12.9926,12.188956,295387000000.0,0.005296049,0.95931476,0.20139919,0.9616444,995120570,3645.8293,3616.2322
480075,2022/3/2,600309.SHA,34.6553,-24038367232.0,6.22,-12.9926,12.060693,292279000000.0,0.005296049,0.9676715,0.14434083,0.9588983,662639514,3613.1572,3578.1787
480076,2022/3/3,600309.SHA,34.6553,-24038367232.0,6.22,-12.9926,12.144906,294320000000.0,0.005296049,0.98363066,0.44067797,0.9555085,873784338,3579.7163,3603.1633
480077,2022/3/4,600309.SHA,34.6553,-24038367232.0,6.22,-12.9926,11.850806,287193000000.0,0.005296049,0.9771392,0.26879898,0.96017796,1279538892,3596.629,3515.9094
480078,2022/3/7,600309.SHA,34.6553,-24038367232.0,6.22,-12.9926,11.278153,273315000000.0,0.005296049,0.92116404,0.12838984,0.9695109,1831700242,3488.2341,3346.0142
480079,2022/3/8,600309.SHA,34.6553,-24038367232.0,6.22,-12.9926,11.068267,268229000000.0,0.005296049,0.90116036,0.16927966,0.97245765,1416733846,3344.0923,3283.7449
480080,2022/3/9,600309.SHA,34.6553,-24038367232.0,6.22,-12.9926,10.648931,262483000000.0,0.005296049,0.8886054,0.2208563,0.97583723,1687613703,3338.711,3213.4036
480081,2022/3/10,600309.SHA,34.6553,-24038367232.0,6.22,-12.9926,10.702431,263802000000.0,0.005296049,0.9025674,0.21529984,0.97838527,1841884438,3268.7542,3229.5474
480082,2022/3/11,600309.SHA,34.6553,-24038367232.0,6.22,-12.9926,10.548301,260002000000.0,0.005296049,0.88340086,0.079025425,0.9817835,1553884764,3190.3408,3183.0376
480083,2022/3/14,600309.SHA,34.6553,-24038367232.0,6.22,-12.9926,10.233674,252247000000.0,0.005296049,0.87832075,0.11790855,0.9815912,1354026726,3124.9966,3088.0962
480084,2022/3/15,600309.SHA,42.0344,7792530944.0,7.85,-15.0444,9.623526,237208000000.0,0.005665562,0.867892,0.26274592,0.981599,2086406053,3059.6523,2903.979
480085,2022/3/16,600309.SHA,42.0344,7792530944.0,7.85,-15.0444,9.976367,245905000000.0,0.005665562,0.916774,0.2142555,0.983506,2146713537,2955.87,3010.452
480086,2022/3/17,600309.SHA,42.0344,7792530944.0,7.85,-15.0444,10.25915,252875000000.0,0.005665562,0.9633971,0.3078875,0.9839324,2045119109,3055.8083,3095.7837
480087,2022/3/18,600309.SHA,42.0344,7792530944.0,7.85,-15.0444,10.33303,254696000000.0,0.005665562,0.96548444,0.337915,0.9820372,1252171217,3112.6965,3118.0776
480088,2022/3/21,600309.SHA,42.0344,7792530944.0,7.85,-15.0444,10.15852,250395000000.0,0.005665562,0.963048,0.2750898,0.98225975,1364555297,3118.4622,3065.418
480089,2022/3/22,600309.SHA,42.0344,7792530944.0,7.85,-15.0444,10.06808,248166000000.0,0.005665562,0.98381877,0.23416385,0.98100865,1014713518,3066.1868,3038.127
480090,2022/3/23,600309.SHA,42.0344,7792530944.0,7.85,-15.0444,10.203102,251494000000.0,0.005665562,1.060225,0.4050633,0.97869647,981657600,3032.7458,3078.871
480091,2022/3/24,600309.SHA,42.0344,7792530944.0,7.85,-15.0444,10.201829,251462000000.0,0.005665562,1.0225996,0.48216924,0.974267,763792948,3074.2585,3078.4868
480092,2022/3/25,600309.SHA,42.0344,7792530944.0,7.85,-15.0444,9.916498,244429000000.0,0.005665562,0.9666005,0.21164803,0.9698439,952428494,3036.9739,2992.386
480093,2022/3/28,600309.SHA,42.0344,7792530944.0,7.85,-15.0444,9.954713,245371000000.0,0.005665562,0.96338755,0.28146744,0.9652192,719129614,2971.245,3003.9172
480094,2022/3/29,600309.SHA,42.0344,7792530944.0,7.85,-15.0444,9.955986,245403000000.0,0.005665562,0.98006266,0.60897976,0.9570436,663519729,2998.1516,3004.3018
480095,2022/3/30,600309.SHA,42.0344,7792530944.0,7.85,-15.0444,10.432385,257145000000.0,0.005665562,1.0361843,0.86418194,0.9602189,1333166769,3033.899,3148.0593
480096,2022/3/31,600309.SHA,42.0344,7792530944.0,7.85,-15.0444,10.303733,253974000000.0,0.005665562,1.0098627,0.7355668,0.9574468,623029777,3128.8403,3109.237
480097,2022/4/1,600309.SHA,42.0344,7792530944.0,7.85,-15.0444,10.958464,270112000000.0,0.005665562,1.0741665,0.91192585,0.97535807,2654763746,3100.3962,3306.8076
480098,2022/4/6,600309.SHA,42.0344,7792530944.0,7.85,-15.0444,11.04126,272153000000.0,0.005665562,1.1134232,0.93952805,0.97956604,1518006099,3281.823,3331.7922
480099,2022/4/7,600309.SHA,42.0344,7792530944.0,7.85,-15.0444,11.158449,275042000000.0,0.005665562,1.1209214,0.9705015,0.9842072,1667539556,3290.2793,3367.155
480100,2022/4/8,600309.SHA,42.0344,7792530944.0,7.85,-15.0444,11.275639,277930000000.0,0.005665562,1.1325486,0.96020216,0.9863158,1484911227,3340.2485,3402.5178
480101,2022/4/11,600309.SHA,42.0344,7792530944.0,7.85,-15.0444,11.237425,276988000000.0,0.005665562,1.0771673,0.94567275,0.98610526,1325241493,3402.5178,3390.9863
480102,2022/4/12,600309.SHA,42.0344,7792530944.0,7.85,-15.0444,11.082022,273158000000.0,0.005665562,1.0755347,0.9316077,0.98821795,1094274034,3362.9268,3344.0923
480103,2022/4/13,600309.SHA,42.0344,7792530944.0,7.85,-15.0444,11.03107,271902000000.0,0.005665562,1.0066255,0.8233439,0.98170733,725566116,3342.9392,3328.717
480104,2022/4/14,600309.SHA,42.0344,7792530944.0,7.85,-15.0444,11.03107,271902000000.0,0.005665562,0.999077,0.8137482,0.9781467,860160163,3339.4797,3328.717
480105,2022/4/15,600309.SHA,42.0344,7792530944.0,7.85,-15.0444,10.78268,265780000000.0,0.005665562,0.9663242,0.6214511,0.9726661,972974694,3355.6235,3253.7634
480106,2022/4/18,600309.SHA,42.0344,7792530944.0,7.85,-15.0444,10.673133,263079000000.0,0.005665562,0.94656575,0.36881968,0.9661338,609949817,3228.7788,3220.7068
480107,2022/4/19,600309.SHA,42.0344,7792530944.0,7.85,-15.0444,10.513908,259155000000.0,0.005665562,0.93561554,0.11650894,0.9638504,986425101,3205.716,3172.6594
480108,2022/4/20,600309.SHA,42.0344,7792530944.0,7.85,-15.0444,10.2324,252216000000.0,0.005665562,0.92333335,0.17381252,0.96344537,893680138,3178.425,3087.712
480109,2022/4/21,600309.SHA,42.0344,7792530944.0,7.85,-15.0444,10.190365,251180000000.0,0.005665562,0.92378753,0.27950442,0.9674507,852150333,3075.0273,3075.0273
480110,2022/4/22,600309.SHA,42.0344,7792530944.0,7.85,-15.0444,10.1661625,250583000000.0,0.005665562,0.92159355,0.39403486,0.9720764,989744581,3063.8804,3067.724
480111,2022/4/25,600309.SHA,42.0344,7792530944.0,7.85,-15.0444,9.619704,237114000000.0,0.005665562,0.89214414,0.6149486,0.9754357,1190376999,3048.1208,2902.826
480112,2022/4/26,600309.SHA,7.5543,-8125438976.0,1.71,5.2283,10.371289,242702000000.0,0.005185942,0.9225444,0.86638653,0.98237145,1524199537,2883.607,2971.245
480113,2022/4/27,600309.SHA,7.5543,-8125438976.0,1.71,5.2283,10.56986,247349000000.0,0.005185942,0.9544464,0.8941399,0.98278755,1408029822,2948.567,3028.1333
480114,2022/4/28,600309.SHA,7.5543,-8125438976.0,1.71,5.2283,10.729522,251086000000.0,0.005185942,0.9955185,0.9318612,0.981715,1059221002,3025.058,3073.8743
480115,2022/4/29,600309.SHA,7.5543,-8125438976.0,1.71,5.2283,10.445083,244429000000.0,0.005185942,1.0045283,0.83971393,0.98045397,1018552893,3094.9038,3088.952
480116,2022/5/5,600309.SHA,7.5543,-8125438976.0,1.71,5.2283,10.960293,256486000000.0,0.005185942,1.0565866,0.8837407,0.98193794,1634436999,3152.4373,3241.3164
480117,2022/5/6,600309.SHA,7.5543,-8125438976.0,1.71,5.2283,10.666462,249610000000.0,0.005185942,1.0866725,0.792827,0.98080575,860714641,3205.2092,3154.4211
480118,2022/5/9,600309.SHA,7.5543,-8125438976.0,1.71,5.2283,10.572543,247412000000.0,0.005185942,1.0523016,0.35400844,0.97805905,581047711,3130.6143,3126.6462
480119,2022/5/10,600309.SHA,7.5543,-8125438976.0,1.71,5.2283,10.459841,244775000000.0,0.005185942,1.0215259,0.23445077,0.975764,912858800,3106.8071,3093.3167
480120,2022/5/11,600309.SHA,7.5543,-8125438976.0,1.71,5.2283,11.016644,257805000000.0,0.005185942,1.0598942,0.3285564,0.9793641,1818666683,3094.5068,3257.9814
480121,2022/5/12,600309.SHA,7.5543,-8125438976.0,1.71,5.2283,11.048844,258558000000.0,0.005185942,1.0578035,0.58319294,0.9802022,904885677,3253.22,3267.5042
480122,2022/5/13,600309.SHA,7.5543,-8125438976.0,1.71,5.2283,11.000544,257428000000.0,0.005185942,1.0036725,0.21010527,0.9730583,543561889,3320.2761,3253.22
480123,2022/5/16,600309.SHA,7.5543,-8125438976.0,1.71,5.2283,10.975052,256831000000.0,0.005185942,1.0289308,0.32294738,0.9711579,683970709,3279.0107,3245.6812
480124,2022/5/17,600309.SHA,7.5543,-8125438976.0,1.71,5.2283,11.059578,258809000000.0,0.005185942,1.046066,0.660703,0.9699011,541004003,3273.4558,3270.6785
480125,2022/5/18,600309.SHA,7.5543,-8125438976.0,1.71,5.2283,11.187039,261792000000.0,0.005185942,1.0695229,0.82585806,0.96883553,677244366,3277.4236,3308.3728
480126,2022/5/19,600309.SHA,7.5543,-8125438976.0,1.71,5.2283,10.921384,255575000000.0,0.005185942,0.99135303,0.19886243,0.95788586,759623446,3257.1877,3229.8098
480127,2022/5/20,600309.SHA,7.5543,-8125438976.0,1.71,5.2283,11.294374,264304000000.0,0.005185942,1.0222222,0.46085036,0.96233165,1258763945,3252.8232,3340.1152
480128,2022/5/23,600309.SHA,7.5543,-8125438976.0,1.71,5.2283,11.15618,261070000000.0,0.005185942,1.0141481,0.31067145,0.9606399,605507665,3340.1152,3299.2468
480129,2022/5/24,600309.SHA,7.5543,-8125438976.0,1.71,5.2283,11.00591,257553000000.0,0.005185942,1.0028117,0.6425263,0.9597979,685714202,3294.882,3254.8071
480130,2022/5/25,600309.SHA,7.5543,-8125438976.0,1.71,5.2283,11.043478,258433000000.0,0.005185942,0.9985442,0.40260834,0.9611018,502538842,3295.2788,3265.917
480131,2022/5/26,600309.SHA,7.5543,-8125438976.0,1.71,5.2283,11.149471,260913000000.0,0.005185942,0.9966419,0.38508403,0.9579832,621218326,3273.4558,3297.263
480132,2022/5/27,600309.SHA,7.5543,-8125438976.0,1.71,5.2283,11.204481,262200000000.0,0.005185942,1.0259213,0.73160994,0.9600924,956952720,3332.5764,3313.531
480133,2022/5/30,600309.SHA,7.5543,-8125438976.0,1.71,5.2283,11.450011,267946000000.0,0.005185942,1.01378,0.64945424,0.9580185,954927776,3336.9412,3386.142
480134,2022/5/31,600309.SHA,7.5543,-8125438976.0,1.71,5.2283,11.2863245,264115000000.0,0.005185942,1.0116656,0.648847,0.96543056,1247287160,3372.6516,3337.7346
480135,2022/6/1,600309.SHA,7.5543,-8125438976.0,1.71,5.2283,11.178988,261604000000.0,0.005185942,1.015726,0.21805614,0.96816754,767780212,3360.748,3305.992
480136,2022/6/2,600309.SHA,7.5543,-8125438976.0,1.71,5.2283,10.961635,256517000000.0,0.005185942,0.99258906,0.17298429,0.9719489,951593538,3284.169,3241.7134
480137,2022/6/6,600309.SHA,7.5543,-8125438976.0,1.71,5.2283,11.137396,260630000000.0,0.005185942,0.998917,0.16506477,0.97201335,1088615957,3241.7134,3293.692
480138,2022/6/7,600309.SHA,7.5543,-8125438976.0,1.71,5.2283,11.270224,263739000000.0,0.005185942,1.0058675,0.21524008,0.97244257,1382876760,3263.1396,3332.9731
480139,2022/6/8,600309.SHA,7.5543,-8125438976.0,1.71,5.2283,11.349384,265591000000.0,0.005185942,0.9912116,0.17807934,0.9730689,1264484359,3352.8125,3356.3833
480140,2022/6/9,600309.SHA,7.5543,-8125438976.0,1.71,5.2283,11.507704,269296000000.0,0.005185942,1.0196148,0.6646482,0.97515136,1824953609,3346.4639,3403.2039
480141,2022/6/10,600309.SHA,7.5543,-8125438976.0,1.71,5.2283,11.729083,274477000000.0,0.005185942,1.0492079,0.77909887,0.9787278,1801443586,3382.1743,3468.6729
480142,2022/6/13,600309.SHA,7.5543,-8125438976.0,1.71,5.2283,11.405735,266910000000.0,0.005185942,1.0405141,0.77078557,0.97855955,1320672013,3416.6943,3373.0483
480143,2022/6/14,600309.SHA,7.5543,-8125438976.0,1.71,5.2283,11.592231,271274000000.0,0.005185942,1.0408385,0.8267028,0.97854614,1124594460,3333.37,3428.2012
480144,2022/6/15,600309.SHA,7.5543,-8125438976.0,1.71,5.2283,12.369071,289453000000.0,0.005185942,1.0975001,0.9356652,0.9848138,3903095991,3452.4048,3657.9382
480145,2022/6/16,600309.SHA,7.5543,-8125438976.0,1.71,5.2283,12.108782,283362000000.0,0.005185942,1.066911,0.8967312,0.9860533,1695664187,3709.5198,3580.9624
480146,2022/6/17,600309.SHA,7.5543,-8125438976.0,1.71,5.2283,12.767553,298778000000.0,0.005185942,1.1094788,0.89747864,0.9870833,2222761286,3571.0427,3775.7825
480147,2022/6/20,600309.SHA,7.5543,-8125438976.0,1.71,5.2283,12.477748,291996000000.0,0.005185942,1.0638298,0.80341524,0.98542273,1728417998,3821.4126,3690.0776
480148,2022/6/21,600309.SHA,7.5543,-8125438976.0,1.71,5.2283,12.491165,292310000000.0,0.005185942,1.0951653,0.91486263,0.98605907,1096153534,3670.2383,3694.0454
480149,2022/6/22,600309.SHA,7.5543,-8125438976.0,1.71,5.2283,12.212092,285780000000.0,0.005185942,1.0534722,0.836807,0.98624426,1109643780,3694.0454,3611.5146
480150,2022/6/23,600309.SHA,7.5543,-8125438976.0,1.71,5.2283,12.326137,288449000000.0,0.005185942,0.9965289,0.33569494,0.9787456,845096358,3629.3699,3645.2412
480151,2022/6/24,600309.SHA,7.5543,-8125438976.0,1.71,5.2283,12.534099,293315000000.0,0.005185942,1.0351247,0.64462984,0.97686535,1292832953,3665.477,3706.7424
480152,2022/6/27,600309.SHA,7.5543,-8125438976.0,1.71,5.2283,12.833297,300317000000.0,0.005185942,1.0051492,0.3473004,0.9704043,1556562059,3721.82,3795.2249
480153,2022/6/28,600309.SHA,7.5543,-8125438976.0,1.71,5.2283,12.72462,297774000000.0,0.005185942,1.0197849,0.45381567,0.96893245,1137129580,3807.5251,3763.0854
480154,2022/6/29,600309.SHA,7.5543,-8125438976.0,1.71,5.2283,12.674977,296612000000.0,0.005185942,1.0147153,0.5666597,0.9683135,1350043891,3709.9167,3748.4045
480155,2022/6/30,600309.SHA,7.5543,-8125438976.0,1.71,5.2283,13.013083,304524000000.0,0.005185942,1.06559,0.74228525,0.971238,1655687621,3749.595,3848.3938
480156,2022/7/1,600309.SHA,7.5543,-8125438976.0,1.71,5.2283,12.959415,303268000000.0,0.005185942,1.0513769,0.7827536,0.9714821,953346680,3868.6296,3832.5225
480157,2022/7/4,600309.SHA,7.5543,-8125438976.0,1.71,5.2283,12.90709,302044000000.0,0.005185942,1.0297581,0.6925802,0.9701959,1025036614,3811.0962,3817.0479
480158,2022/7/5,600309.SHA,7.5543,-8125438976.0,1.71,5.2283,12.979541,303739000000.0,0.005185942,1.0113957,0.67395836,0.96666664,1081852657,3840.855,3838.474
480159,2022/7/6,600309.SHA,7.5543,-8125438976.0,1.71,5.2283,12.558249,293880000000.0,0.005185942,0.98692536,0.67242813,0.96960866,1575499263,3813.4768,3713.8845
480160,2022/7/7,600309.SHA,7.5543,-8125438976.0,1.71,5.2283,12.60655,295011000000.0,0.005185942,0.9946015,0.54299396,0.9685744,835799187,3690.0776,3728.1687
480161,2022/7/8,600309.SHA,7.5543,-8125438976.0,1.71,5.2283,12.652168,296078000000.0,0.005185942,0.9722651,0.3271592,0.9610984,637070866,3764.6726,3741.6592
480162,2022/7/11,600309.SHA,7.5543,-8125438976.0,1.71,5.2283,12.314061,288166000000.0,0.005185942,0.9502019,0.21623309,0.9617066,1034909667,3730.1526,3641.6702
480163,2022/7/12,600309.SHA,7.5543,-8125438976.0,1.71,5.2283,12.412005,290458000000.0,0.005185942,0.96164244,0.50530916,0.95963377,766166675,3619.4502,3670.6353
480164,2022/7/13,600309.SHA,7.5543,-8125438976.0,1.71,5.2283,12.410664,290427000000.0,0.005185942,0.95617115,0.27970862,0.95694673,609173053,3662.3027,3670.2383
480165,2022/7/14,600309.SHA,7.5543,-8125438976.0,1.71,5.2283,12.275152,287255000000.0,0.005185942,0.9774572,0.33665836,0.94453675,629002130,3669.4448,3630.1633
480166,2022/7/15,600309.SHA,7.5543,-8125438976.0,1.71,5.2283,12.049747,281981000000.0,0.005185942,0.95583224,0.35929388,0.95122457,1252901477,3606.7532,3563.504
480167,2022/7/18,600309.SHA,7.5543,-8125438976.0,1.71,5.2283,12.366387,289390000000.0,0.005185942,0.9774125,0.3686722,0.9535366,806814943,3567.075,3657.1445
480168,2022/7/19,600309.SHA,7.5543,-8125438976.0,1.71,5.2283,12.197334,285434000000.0,0.005185942,0.9905208,0.3207469,0.95333886,904676666,3664.2866,3607.15
480169,2022/7/20,600309.SHA,7.5543,-8125438976.0,1.71,5.2283,12.006814,280976000000.0,0.005185942,0.9673549,0.08129407,0.9608209,1335607519,3625.4019,3550.807
480170,2022/7/21,600309.SHA,7.5543,-8125438976.0,1.71,5.2283,11.726399,274414000000.0,0.005185942,0.9448649,0.060737975,0.9682836,1451445780,3550.807,3467.8794
480171,2022/7/22,600309.SHA,7.5543,-8125438976.0,1.71,5.2283,11.644556,272499000000.0,0.005185942,0.94862825,0.07462686,0.9734825,1113118212,3491.6863,3443.6755
480172,2022/7/25,600309.SHA,7.5543,-8125438976.0,1.71,5.2283,11.572105,270803000000.0,0.005185942,0.96036077,0.0970753,0.97117376,540035255,3439.311,3422.2493
480173,2022/7/26,600309.SHA,7.5543,-8125438976.0,1.71,5.2283,11.640532,272404000000.0,0.005185942,0.94130415,0.06196891,0.9701554,492918126,3448.0403,3442.4854
480174,2022/7/27,600309.SHA,7.5543,-8125438976.0,1.71,5.2283,11.437936,267663000000.0,0.005185942,0.9377406,0.038756475,0.97098446,871529998,3442.4854,3382.571
480175,2022/7/28,600309.SHA,7.5543,-8125438976.0,1.71,5.2283,11.424519,267349000000.0,0.005185942,0.951503,0.08290155,0.96476686,886336730,3383.7615,3378.6033
480176,2022/7/29,600309.SHA,14.9131,5359804928.0,3.31,-6.7914,12.222327,262797000000.0,0.006286264,0.9576659,0.11567164,0.9633313,1244753862,3408.3618,3321.0698
480177,2022/8/1,600309.SHA,14.9131,5359804928.0,3.31,-6.7914,11.984305,257679000000.0,0.006286264,0.9456159,0.053427212,0.9677152,1594145020,3321.0698,3256.3943
480178,2022/8/2,600309.SHA,14.9131,5359804928.0,3.31,-6.7914,11.828058,254319000000.0,0.006286264,0.9391304,0.21038477,0.9683557,1053055403,3249.649,3213.9385
480179,2022/8/3,600309.SHA,14.9131,5359804928.0,3.31,-6.7914,11.798853,253692000000.0,0.006286264,0.93130475,0.25909844,0.9712632,954401719,3213.5417,3206.003
480180,2022/8/4,600309.SHA,14.9131,5359804928.0,3.31,-6.7914,11.78279,253346000000.0,0.006286264,0.94651026,0.29687822,0.9716825,940960011,3213.9385,3201.6382
480181,2022/8/5,600309.SHA,14.9131,5359804928.0,3.31,-6.7914,12.020812,258464000000.0,0.006286264,0.9667645,0.4372545,0.97066116,707062007,3201.2415,3266.3137
480182,2022/8/8,600309.SHA,14.9131,5359804928.0,3.31,-6.7914,11.933196,256580000000.0,0.006286264,0.97634405,0.3724437,0.9684015,858499158,3273.4558,3242.5068
480183,2022/8/9,600309.SHA,14.9131,5359804928.0,3.31,-6.7914,11.918594,256266000000.0,0.006286264,0.99451685,0.54894674,0.95995045,655117963,3242.5068,3238.539
480184,2022/8/10,600309.SHA,14.9131,5359804928.0,3.31,-6.7914,11.946339,256863000000.0,0.006286264,1.01,0.30225113,0.9591078,780352133,3241.7134,3246.078
480185,2022/8/11,600309.SHA,14.9131,5359804928.0,3.31,-6.7914,12.169758,261666000000.0,0.006286264,1.0314356,0.28471074,0.9595125,1011066666,3246.078,3306.7856
480186,2022/8/12,600309.SHA,14.9131,5359804928.0,3.31,-6.7914,12.831253,275890000000.0,0.006286264,1.0889826,0.85894257,0.9737982,2526324757,3312.3406,3486.528
480187,2022/8/15,600309.SHA,14.9131,5359804928.0,3.31,-6.7914,12.857537,276455000000.0,0.006286264,1.0696064,0.8067713,0.9791667,1607588218,3479.386,3493.6702
480188,2022/8/16,600309.SHA,14.9131,5359804928.0,3.31,-6.7914,12.615135,271243000000.0,0.006286264,1.0571463,0.8017312,0.98124874,1200878047,3518.6675,3427.8042
480189,2022/8/17,600309.SHA,14.9131,5359804928.0,3.31,-6.7914,12.558186,270018000000.0,0.006286264,1.0536634,0.7800907,0.9816646,810351507,3420.2654,3412.3298
480190,2022/8/18,600309.SHA,14.9131,5359804928.0,3.31,-6.7914,12.4107,266847000000.0,0.006286264,1.0388706,0.70978373,0.98105824,767175773,3422.2493,3372.2546
480191,2022/8/19,600309.SHA,14.9131,5359804928.0,3.31,-6.7914,12.394637,266502000000.0,0.006286264,1.0184785,0.7331686,0.9785964,554120002,3345.6704,3367.8901
480192,2022/8/22,600309.SHA,14.9131,5359804928.0,3.31,-6.7914,13.048831,280568000000.0,0.006286264,1.0169569,0.66879374,0.9715991,1696775567,3356.7803,3545.6487
480193,2022/8/23,600309.SHA,14.9131,5359804928.0,3.31,-6.7914,13.270789,285340000000.0,0.006286264,1.0321409,0.75344723,0.9726394,1716739597,3567.4717,3605.9597
480194,2022/8/24,600309.SHA,14.9131,5359804928.0,3.31,-6.7914,12.996262,279437000000.0,0.006286264,1.0302118,0.86813414,0.9699774,1179939117,3600.4048,3531.3645
480195,2022/8/25,600309.SHA,14.9131,5359804928.0,3.31,-6.7914,13.067814,280976000000.0,0.006286264,1.0405813,0.8990543,0.97289526,1055025433,3551.6003,3550.807
480196,2022/8/26,600309.SHA,14.9131,5359804928.0,3.31,-6.7914,12.948073,278401000000.0,0.006286264,1.0432992,0.90328544,0.9753745,883773828,3563.504,3518.2708
480197,2022/8/29,600309.SHA,14.9131,5359804928.0,3.31,-6.7914,12.821031,275670000000.0,0.006286264,1.0344015,0.8510769,0.98113596,1444580583,3482.957,3483.7507
480198,2022/8/30,600309.SHA,14.9131,5359804928.0,3.31,-6.7914,12.915948,277711000000.0,0.006286264,0.9898165,0.6493746,0.9794998,1088151998,3471.4504,3509.5415
480199,2022/8/31,600309.SHA,14.9131,5359804928.0,3.31,-6.7914,12.933471,278087000000.0,0.006286264,0.9745819,0.6780078,0.9784792,1589016590,3452.4048,3514.303
480200,2022/9/1,600309.SHA,14.9131,5359804928.0,3.31,-6.7914,12.866299,276643000000.0,0.006286264,0.98999995,0.6516301,0.9780738,781522312,3515.4932,3496.0508
480201,2022/9/2,600309.SHA,14.9131,5359804928.0,3.31,-6.7914,12.696909,273001000000.0,0.006286264,0.971617,0.40516183,0.97768223,698714895,3502.0027,3450.0242
480202,2022/9/5,600309.SHA,14.9131,5359804928.0,3.31,-6.7914,12.945152,278339000000.0,0.006286264,0.9997744,0.57411957,0.9811707,1079626572,3478.1956,3517.477
480203,2022/9/6,600309.SHA,14.9131,5359804928.0,3.31,-6.7914,13.361325,287287000000.0,0.006286264,1.0421412,0.88065505,0.98341864,1773013205,3566.2815,3630.56
480204,2022/9/7,600309.SHA,14.9131,5359804928.0,3.31,-6.7914,13.21822,284210000000.0,0.006286264,1.023403,0.77359265,0.9824131,1150881747,3618.6567,3591.6755
480205,2022/9/8,600309.SHA,14.9131,5359804928.0,3.31,-6.7914,13.435798,288888000000.0,0.006286264,1.0388393,0.730321,0.98201513,1185617548,3610.721,3650.7961
480206,2022/9/9,600309.SHA,14.9131,5359804928.0,3.31,-6.7914,13.96149,300191000000.0,0.006286264,1.0851209,0.89924383,0.9889751,2111686329,3663.4932,3793.6377
480207,2022/9/13,600309.SHA,14.9131,5359804928.0,3.31,-6.7914,13.580363,291996000000.0,0.006286264,1.0695802,0.8878676,0.9916275,1657007306,3792.4475,3690.0776
480208,2022/9/14,600309.SHA,14.9131,5359804928.0,3.31,-6.7914,13.340881,286847000000.0,0.006286264,1.0305697,0.8008985,0.99224013,1164987814,3647.6218,3625.0051
480209,2022/9/15,600309.SHA,14.9131,5359804928.0,3.31,-6.7914,13.361325,287287000000.0,0.006286264,1.0,0.78739274,0.99019206,1135770388,3624.6084,3630.56
480210,2022/9/16,600309.SHA,14.9131,5359804928.0,3.31,-6.7914,13.197777,283770000000.0,0.006286264,0.9984534,0.8614913,0.9887709,987074637,3616.276,3586.1206
480211,2022/9/19,600309.SHA,14.9131,5359804928.0,3.31,-6.7914,13.340881,286847000000.0,0.006286264,0.99293554,0.8664761,0.9895982,957107027,3605.9597,3625.0051
480212,2022/9/20,600309.SHA,14.9131,5359804928.0,3.31,-6.7914,13.076575,281164000000.0,0.006286264,0.9366175,0.4149674,0.98512024,842371230,3622.6245,3553.1875
480213,2022/9/21,600309.SHA,14.9131,5359804928.0,3.31,-6.7914,12.841475,276109000000.0,0.006286264,0.9455914,0.4908313,0.9839071,1354408021,3531.3645,3489.3057
480214,2022/9/22,600309.SHA,14.9131,5359804928.0,3.31,-6.7914,12.857537,276455000000.0,0.006286264,0.96376973,0.6639495,0.9820701,797862243,3467.8794,3493.6702
480215,2022/9/23,600309.SHA,14.9131,5359804928.0,3.31,-6.7914,12.81519,275544000000.0,0.006286264,0.95912576,0.55734366,0.9802404,714058087,3493.2734,3482.1636
480216,2022/9/26,600309.SHA,14.9131,5359804928.0,3.31,-6.7914,12.745098,274037000000.0,0.006286264,0.9657003,0.5811774,0.978836,661704418,3451.6113,3463.118
480217,2022/9/27,600309.SHA,14.9131,5359804928.0,3.31,-6.7914,12.800588,275230000000.0,0.006286264,0.95950085,0.13817663,0.9770092,727065613,3463.9114,3478.1956
480218,2022/9/28,600309.SHA,14.9131,5359804928.0,3.31,-6.7914,12.715893,273409000000.0,0.006286264,0.9724177,0.6899919,0.9784553,935462391,3526.603,3455.1824
480219,2022/9/29,600309.SHA,14.9131,5359804928.0,3.31,-6.7914,13.067814,280976000000.0,0.006286264,1.0176257,0.89772266,0.97662127,1180901616,3499.225,3550.807
480220,2022/9/30,600309.SHA,14.9131,5359804928.0,3.31,-6.7914,13.44894,289171000000.0,0.006286264,1.0459967,0.9483425,0.98312664,1406135800,3592.0723,3654.3672
480221,2022/10/10,600309.SHA,14.9131,5359804928.0,3.31,-6.7914,13.132065,282357000000.0,0.006286264,1.0247265,0.9150579,0.98700505,1041592071,3652.3833,3568.2654
480222,2022/10/11,600309.SHA,14.9131,5359804928.0,3.31,-6.7914,13.546778,291274000000.0,0.006286264,1.062901,0.9406986,0.98965096,1187887660,3533.3484,3680.9514
480223,2022/10/12,600309.SHA,14.9131,5359804928.0,3.31,-6.7914,13.755593,295764000000.0,0.006286264,1.0746064,0.9571834,0.9910769,1445915841,3676.587,3737.6914
480224,2022/10/13,600309.SHA,14.9131,5359804928.0,3.31,-6.7914,13.578903,291965000000.0,0.006286264,1.0678686,0.89006084,0.99067503,1003640185,3689.6807,3689.6807
480225,2022/10/14,600309.SHA,14.9131,5359804928.0,3.31,-6.7914,13.494208,290144000000.0,0.006286264,1.0326294,0.5011145,0.98926693,866729820,3719.8362,3666.6675
480226,2022/10/17,600309.SHA,14.9131,5359804928.0,3.31,-6.7914,13.535095,291023000000.0,0.006286264,1.0064061,0.12624113,0.98258054,618087128,3664.2866,3677.7773
480227,2022/10/18,600309.SHA,14.9131,5359804928.0,3.31,-6.7914,13.273709,285403000000.0,0.006286264,1.0107862,0.0889204,0.98279005,1114808316,3657.1445,3606.7532
480228,2022/10/19,600309.SHA,14.9131,5359804928.0,3.31,-6.7914,12.486632,268480000000.0,0.006286264,0.92174196,0.008702692,0.9864455,2091522602,3606.3564,3392.8875
480229,2022/10/20,600309.SHA,14.9131,5359804928.0,3.31,-6.7914,12.654562,272090000000.0,0.006286264,0.9199575,0.020028323,0.9858472,1435878352,3372.6516,3438.5173
480230,2022/10/21,600309.SHA,14.9131,5359804928.0,3.31,-6.7914,12.619516,271337000000.0,0.006286264,0.9293473,0.032544978,0.9850445,804813591,3438.5173,3428.9946
480231,2022/10/24,600309.SHA,14.9131,5359804928.0,3.31,-6.7914,12.565487,270175000000.0,0.006286264,0.93117625,0.0982215,0.988076,1257651609,3411.9329,3414.3137
480232,2022/10/25,600309.SHA,19.096,-3259633408.0,4.33,-35.6117,14.00831,262169000000.0,0.006472659,0.90085226,0.060250707,0.9917155,1796945820,3243.6973,3313.134
480233,2022/10/26,600309.SHA,19.096,-3259633408.0,4.33,-35.6117,13.817059,258590000000.0,0.006472659,0.9060506,0.051748533,0.9919208,1344360272,3308.3728,3267.901
480234,2022/10/27,600309.SHA,19.096,-3259633408.0,4.33,-35.6117,13.946238,261007000000.0,0.006472659,0.97216696,0.27665588,0.98828757,1008993052,3256.791,3298.4531
480235,2022/10/28,600309.SHA,19.096,-3259633408.0,4.33,-35.6117,13.790216,258087000000.0,0.006472659,0.94853455,0.3720226,0.98587,972413455,3301.2307,3261.5525
480236,2022/10/31,600309.SHA,19.096,-3259633408.0,4.33,-35.6117,13.48153,252310000000.0,0.006472659,0.92987734,0.21526656,0.9864701,1149969188,3235.7615,3188.5444
480237,2022/11/1,600309.SHA,19.096,-3259633408.0,4.33,-35.6117,13.6811695,256046000000.0,0.006472659,0.9477048,0.12217286,0.9850656,1434841402,3174.2603,3235.7615
480238,2022/11/2,600309.SHA,19.096,-3259633408.0,4.33,-35.6117,13.721433,256800000000.0,0.006472659,0.97952104,0.18974566,0.97983056,1134365045,3207.59,3245.2844
480239,2022/11/3,600309.SHA,19.096,-3259633408.0,4.33,-35.6117,13.672782,255889000000.0,0.006472659,0.98955804,0.30389193,0.97600806,857772244,3269.0913,3233.7776
480240,2022/11/4,600309.SHA,19.096,-3259633408.0,4.33,-35.6117,13.825447,258747000000.0,0.006472659,0.99133885,0.17372027,0.97602737,1137325811,3213.9385,3269.8848
480241,2022/11/7,600309.SHA,19.096,-3259633408.0,4.33,-35.6117,13.899263,260128000000.0,0.006472659,1.0079075,0.089023165,0.9746428,938217030,3253.6167,3287.3433
480242,2022/11/8,600309.SHA,19.096,-3259633408.0,4.33,-35.6117,13.785184,257993000000.0,0.006472659,1.0225236,0.17737065,0.9720322,706409549,3295.6758,3260.362
480243,2022/11/9,600309.SHA,19.096,-3259633408.0,4.33,-35.6117,13.8103485,258464000000.0,0.006472659,1.0094421,0.2390823,0.96699536,560433451,3263.1396,3266.3137
480244,2022/11/10,600309.SHA,19.096,-3259633408.0,4.33,-35.6117,13.686203,256141000000.0,0.006472659,0.9974324,0.28097346,0.9607804,523332926,3250.4424,3236.952
480245,2022/11/11,600309.SHA,19.096,-3259633408.0,4.33,-35.6117,14.508247,271525000000.0,0.006472659,1.0611043,0.807963,0.9684295,1801229665,3299.6436,3431.3752
480246,2022/11/14,600309.SHA,19.096,-3259633408.0,4.33,-35.6117,14.872295,278339000000.0,0.006472659,1.075719,0.8959968,0.9746632,1711832206,3467.8794,3517.477
480247,2022/11/15,600309.SHA,19.096,-3259633408.0,4.33,-35.6117,14.962888,280034000000.0,0.006472659,1.0765238,0.88839734,0.9738641,1079307518,3515.4932,3538.9033
480248,2022/11/16,600309.SHA,19.096,-3259633408.0,4.33,-35.6117,14.821966,277397000000.0,0.006472659,1.07521,0.8950332,0.97427654,711602655,3530.9678,3505.5737
480249,2022/11/17,600309.SHA,19.096,-3259633408.0,4.33,-35.6117,14.877328,278433000000.0,0.006472659,1.0772595,0.8838191,0.97447747,609368859,3500.0188,3518.6675
480250,2022/11/18,600309.SHA,19.096,-3259633408.0,4.33,-35.6117,14.931013,279437000000.0,0.006472659,1.0909537,0.9157789,0.97428167,674030403,3526.2063,3531.3645
480251,2022/11/21,600309.SHA,19.096,-3259633408.0,4.33,-35.6117,14.503214,271431000000.0,0.006472659,0.99965316,0.4017678,0.9708777,886034749,3495.654,3430.185
480252,2022/11/22,600309.SHA,19.096,-3259633408.0,4.33,-35.6117,14.679367,274728000000.0,0.006472659,0.98702765,0.3392893,0.96065044,719951507,3450.0242,3471.8472
480253,2022/11/23,600309.SHA,19.096,-3259633408.0,4.33,-35.6117,14.509925,271557000000.0,0.006472659,0.9697276,0.42573264,0.9548736,534657354,3482.957,3431.7722
480254,2022/11/24,600309.SHA,19.096,-3259633408.0,4.33,-35.6117,14.514957,271651000000.0,0.006472659,0.9792869,0.46932638,0.95510125,580519787,3436.5334,3432.9624
480255,2022/11/25,600309.SHA,19.096,-3259633408.0,4.33,-35.6117,14.746472,275984000000.0,0.006472659,0.9912043,0.68029666,0.9637565,949366325,3432.169,3487.7185
480256,2022/11/28,600309.SHA,19.096,-3259633408.0,4.33,-35.6117,14.593807,273127000000.0,0.006472659,0.97741574,0.54394394,0.96877503,874649020,3413.52,3451.6113
480257,2022/11/29,600309.SHA,19.096,-3259633408.0,4.33,-35.6117,15.25312,285466000000.0,0.006472659,1.0517062,0.8859544,0.9742,1472235157,3491.6863,3607.5469
480258,2022/11/30,600309.SHA,19.096,-3259633408.0,4.33,-35.6117,15.014895,281007000000.0,0.006472659,1.0228571,0.7325465,0.97659534,1131337744,3561.9167,3551.2036
480259,2022/12/1,600309.SHA,19.096,-3259633408.0,4.33,-35.6117,15.174271,283990000000.0,0.006472659,1.0457855,0.8131626,0.9782,1141576277,3571.0427,3588.898
480260,2022/12/2,600309.SHA,19.096,-3259633408.0,4.33,-35.6117,15.088711,282389000000.0,0.006472659,1.0395285,0.76315266,0.97880423,608267485,3596.8337,3568.662
480261,2022/12/5,600309.SHA,19.096,-3259633408.0,4.33,-35.6117,15.300095,286345000000.0,0.006472659,1.0375427,0.5970388,0.97659534,926783428,3637.7021,3618.6567
480262,2022/12/6,600309.SHA,19.096,-3259633408.0,4.33,-35.6117,15.581938,291620000000.0,0.006472659,1.0677088,0.81196237,0.9772,1282345860,3590.8818,3685.3162
480263,2022/12/7,600309.SHA,19.096,-3259633408.0,4.33,-35.6117,15.539997,290835000000.0,0.006472659,1.0188076,0.5864,0.9720112,910403612,3682.1418,3675.3965
480264,2022/12/8,600309.SHA,19.096,-3259633408.0,4.33,-35.6117,15.5081215,290238000000.0,0.006472659,1.0328492,0.7223111,0.970024,810344150,3670.6353,3667.8577
480265,2022/12/9,600309.SHA,19.096,-3259633408.0,4.33,-35.6117,15.669175,293252000000.0,0.006472659,1.0326147,0.7856857,0.9746203,1638528878,3666.2705,3705.9487
480266,2022/12/12,600309.SHA,19.096,-3259633408.0,4.33,-35.6117,15.234666,285120000000.0,0.006472659,1.0096731,0.7096065,0.9776358,1200724655,3670.2383,3603.1821
480267,2022/12/13,600309.SHA,19.096,-3259633408.0,4.33,-35.6117,15.291706,286188000000.0,0.006472659,0.99945176,0.70746803,0.9782392,724347322,3603.1821,3616.6729
480268,2022/12/14,600309.SHA,19.096,-3259633408.0,4.33,-35.6117,15.400753,288229000000.0,0.006472659,0.9883721,0.6167133,0.9754491,542887626,3629.7666,3642.4636
480269,2022/12/15,600309.SHA,19.096,-3259633408.0,4.33,-35.6117,15.31016,286533000000.0,0.006472659,0.98521,0.5463074,0.9748704,655841375,3642.8604,3621.0374
480270,2022/12/16,600309.SHA,19.096,-3259633408.0,4.33,-35.6117,15.333647,286973000000.0,0.006472659,0.98874944,0.65184444,0.97429764,616269484,3612.308,3626.5923
480271,2022/12/19,600309.SHA,19.096,-3259633408.0,4.33,-35.6117,15.221245,284869000000.0,0.006472659,0.97141325,0.70289135,0.96731764,881210259,3643.654,3600.0078
480272,2022/12/20,600309.SHA,19.096,-3259633408.0,4.33,-35.6117,15.033349,281353000000.0,0.006472659,0.98678565,0.83280194,0.96254236,682533830,3571.4395,3555.5684
480273,2022/12/21,600309.SHA,19.096,-3259633408.0,4.33,-35.6117,15.073612,282106000000.0,0.006472659,0.9857378,0.85380936,0.9637161,528111626,3586.914,3565.091
480274,2022/12/22,600309.SHA,19.096,-3259633408.0,4.33,-35.6117,15.362166,287507000000.0,0.006472659,0.9974946,0.9231535,0.97135466,930728263,3598.024,3633.3376
480275,2022/12/23,600309.SHA,19.096,-3259633408.0,4.33,-35.6117,14.8991375,278841000000.0,0.006472659,0.97315365,0.8406921,0.97496027,875344562,3648.0186,3523.8257
485452,2022/6/13,600346.SHA,7.2317,-1017374656.0,0.6,49.7878,10.453337,163518000000.0,0.007872342,1.0398388,0.7684934,0.9448376,710401971,241.68628,248.2039
485453,2022/6/14,600346.SHA,7.2317,-1017374656.0,0.6,49.7878,10.705333,167460000000.0,0.007872342,1.0475562,0.84836495,0.9466778,944438358,245.74644,254.1873
485454,2022/6/15,600346.SHA,7.2317,-1017374656.0,0.6,49.7878,10.583835,165560000000.0,0.007872342,1.0411686,0.8411409,0.9438319,830583518,254.08046,251.30244
485455,2022/6/16,600346.SHA,7.2317,-1017374656.0,0.6,49.7878,10.2868395,160914000000.0,0.007872342,0.98195875,0.2856548,0.93900913,666670272,251.72984,244.2506
485456,2022/6/17,600346.SHA,7.2317,-1017374656.0,0.6,49.7878,10.336339,161688000000.0,0.007872342,0.98753226,0.17149407,0.93375,380523984,241.79314,245.4259
485457,2022/6/20,600346.SHA,7.2317,-1017374656.0,0.6,49.7878,10.223841,159928000000.0,0.007872342,0.98100173,0.17242816,0.92399,544095622,248.2039,242.75475
485458,2022/6/21,600346.SHA,7.2317,-1017374656.0,0.6,49.7878,10.070843,157535000000.0,0.007872342,0.9634094,0.12218984,0.9180191,447129843,241.4726,239.12198
485459,2022/6/22,600346.SHA,7.2317,-1017374656.0,0.6,49.7878,10.021344,156761000000.0,0.007872342,0.93610764,0.088787,0.89933306,258828104,239.12198,237.94667
485460,2022/6/23,600346.SHA,7.2317,-1017374656.0,0.6,49.7878,9.895346,154790000000.0,0.007872342,0.934949,0.044592623,0.89351946,611463880,237.19875,234.95497
485461,2022/6/24,600346.SHA,7.2317,-1017374656.0,0.6,49.7878,9.881846,154579000000.0,0.007872342,0.96062994,0.09530761,0.8778658,352527932,234.95497,234.63443
485462,2022/6/27,600346.SHA,7.2317,-1017374656.0,0.6,49.7878,9.994344,156338000000.0,0.007872342,0.96691334,0.09443402,0.88099205,479849913,233.77966,237.30559
485463,2022/6/28,600346.SHA,7.2317,-1017374656.0,0.6,49.7878,9.953845,155705000000.0,0.007872342,0.97359157,0.09633028,0.8711426,420066256,237.73297,236.34398
485464,2022/6/29,600346.SHA,7.2317,-1017374656.0,0.6,49.7878,9.922345,155212000000.0,0.007872342,0.9852547,0.2363864,0.8657494,419724342,236.13028,235.59605
485465,2022/6/30,600346.SHA,7.2317,-1017374656.0,0.6,49.7878,10.007844,156550000000.0,0.007872342,0.9986529,0.21934946,0.8684869,332785665,235.7029,237.62613
485466,2022/7/1,600346.SHA,7.2317,-1017374656.0,0.6,49.7878,9.917846,155142000000.0,0.007872342,1.0022737,0.4182462,0.8451291,254802510,237.62613,235.4892
485467,2022/7/4,600346.SHA,7.2317,-1017374656.0,0.6,49.7878,9.9043455,154931000000.0,0.007872342,1.0022769,0.44581077,0.85514796,455214493,233.99335,235.16866
485468,2022/7/5,600346.SHA,7.2317,-1017374656.0,0.6,49.7878,9.877346,154508000000.0,0.007872342,0.9882936,0.46104166,0.85854167,474340027,234.63443,234.52759
485469,2022/7/6,600346.SHA,7.2317,-1017374656.0,0.6,49.7878,9.773848,152889000000.0,0.007872342,0.9819168,0.635985,0.85865945,395093200,235.06181,232.07011
485470,2022/7/7,600346.SHA,7.2317,-1017374656.0,0.6,49.7878,9.566851,149651000000.0,0.007872342,0.9641723,0.22881532,0.8705515,566819040,232.49751,227.1552
485471,2022/7/8,600346.SHA,7.2317,-1017374656.0,0.6,49.7878,9.566851,149651000000.0,0.007872342,0.95593524,0.19458897,0.8685251,239267044,227.47572,227.1552
485472,2022/7/11,600346.SHA,7.2317,-1017374656.0,0.6,49.7878,9.715348,151974000000.0,0.007872342,0.9795826,0.49386057,0.887409,587020664,226.62096,230.68112
485473,2022/7/12,600346.SHA,7.2317,-1017374656.0,0.6,49.7878,9.553351,149440000000.0,0.007872342,0.9645616,0.5325838,0.88431126,350713005,229.7195,226.83466
485474,2022/7/13,600346.SHA,7.2317,-1017374656.0,0.6,49.7878,9.503852,148666000000.0,0.007872342,0.9621868,0.32757545,0.87770385,249849780,226.83466,225.65935
485475,2022/7/14,600346.SHA,7.2317,-1017374656.0,0.6,49.7878,9.440853,147680000000.0,0.007872342,0.96593004,0.23919368,0.87453264,278965305,225.1251,224.1635
485476,2022/7/15,600346.SHA,7.2317,-1017374656.0,0.6,49.7878,9.251856,144724000000.0,0.007872342,0.9670743,0.46458983,0.8555417,331798214,223.73611,219.67595
485477,2022/7/18,600346.SHA,7.2317,-1017374656.0,0.6,49.7878,9.427353,147469000000.0,0.007872342,0.9854186,0.4392116,0.8693217,405250946,219.03488,223.84296
485478,2022/7/19,600346.SHA,7.2317,-1017374656.0,0.6,49.7878,9.350854,146272000000.0,0.007872342,0.9624826,0.143361,0.8486105,374905789,223.62926,222.02657
485479,2022/7/20,600346.SHA,7.2317,-1017374656.0,0.6,49.7878,9.368854,146554000000.0,0.007872342,0.9806877,0.12629615,0.8360282,241995561,221.70602,222.45395
485480,2022/7/21,600346.SHA,7.2317,-1017374656.0,0.6,49.7878,9.265355,144935000000.0,0.007872342,0.9749053,0.16521558,0.83188224,262314264,222.5608,219.99649
485481,2022/7/22,600346.SHA,7.2317,-1017374656.0,0.6,49.7878,9.112358,142542000000.0,0.007872342,0.96520495,0.13640133,0.8429666,376180377,220.95811,216.36372
485482,2022/7/25,600346.SHA,7.2317,-1017374656.0,0.6,49.7878,8.99986,140782000000.0,0.007872342,0.9727627,0.14001244,0.85109913,323884465,216.89795,213.69257
485483,2022/7/26,600346.SHA,7.2317,-1017374656.0,0.6,49.7878,9.112358,142542000000.0,0.007872342,0.9665871,0.13367875,0.8449741,283762985,213.90625,216.36372
485484,2022/7/27,600346.SHA,7.2317,-1017374656.0,0.6,49.7878,9.026859,141204000000.0,0.007872342,0.9653513,0.12290155,0.8337824,244414412,216.36372,214.33363
485485,2022/7/28,600346.SHA,7.2317,-1017374656.0,0.6,49.7878,9.1933565,143809000000.0,0.007872342,0.98126805,0.23336788,0.865285,594853715,214.76102,218.28696
485486,2022/7/29,600346.SHA,7.2317,-1017374656.0,0.6,49.7878,9.080858,142049000000.0,0.007872342,0.98008746,0.2508292,0.8794282,455168431,218.71434,215.6158
485487,2022/8/1,600346.SHA,7.2317,-1017374656.0,0.6,49.7878,8.95036,140008000000.0,0.007872342,0.9822222,0.23597018,0.88286424,465556667,215.6158,212.51726
485488,2022/8/2,600346.SHA,7.2317,-1017374656.0,0.6,49.7878,8.752363,136910000000.0,0.007872342,0.97249997,0.49855193,0.88252324,448359080,211.02141,207.81601
485489,2022/8/3,600346.SHA,7.2317,-1017374656.0,0.6,49.7878,8.684865,135855000000.0,0.007872342,0.9530864,0.44272125,0.873682,288064418,209.31186,206.21332
485490,2022/8/4,600346.SHA,7.2317,-1017374656.0,0.6,49.7878,8.675865,135714000000.0,0.007872342,0.9611167,0.45069256,0.8701943,236227426,207.60233,205.99963
485491,2022/8/5,600346.SHA,7.2317,-1017374656.0,0.6,49.7878,8.914361,139445000000.0,0.007872342,0.9696524,0.46309695,0.8561984,353937677,207.38863,211.66248
485492,2022/8/8,600346.SHA,7.2317,-1017374656.0,0.6,49.7878,9.152858,143175000000.0,0.007872342,1.0079286,0.6360256,0.86513835,507550871,211.87617,217.32533
485493,2022/8/9,600346.SHA,7.2317,-1017374656.0,0.6,49.7878,9.098858,142331000000.0,0.007872342,1.0165912,0.7189178,0.8538398,325074858,217.75272,216.04318
485494,2022/8/10,600346.SHA,7.2317,-1017374656.0,0.6,49.7878,9.368854,146554000000.0,0.007872342,1.0704371,0.7308963,0.8674102,577173235,216.04318,222.45395
485495,2022/8/11,600346.SHA,7.2317,-1017374656.0,0.6,49.7878,9.391354,146906000000.0,0.007872342,1.0813472,0.71487606,0.87337327,343713642,222.45395,222.98819
485496,2022/8/12,600346.SHA,7.2317,-1017374656.0,0.6,49.7878,9.557851,149510000000.0,0.007872342,1.1016597,0.89178026,0.88962245,548605322,224.59088,226.9415
485497,2022/8/15,600346.SHA,7.2317,-1017374656.0,0.6,49.7878,9.310355,145639000000.0,0.007872342,1.044422,0.69013214,0.9121287,799765985,226.83466,221.06496
485498,2022/8/16,600346.SHA,13.8079,3139237376.0,1.14,-9.9278,9.618276,143457000000.0,0.009365049,1.0019666,0.31162408,0.92107975,740510938,222.3471,217.75272
485499,2022/8/17,600346.SHA,13.8079,3139237376.0,1.14,-9.9278,9.486131,141486000000.0,0.009365049,0.9940652,0.24525969,0.9225381,448366822,217.64587,214.76102
485500,2022/8/18,600346.SHA,13.8079,3139237376.0,1.14,-9.9278,9.448375,140923000000.0,0.009365049,0.96157545,0.08609681,0.91023266,334807234,214.33363,213.90625
485501,2022/8/19,600346.SHA,13.8079,3139237376.0,1.14,-9.9278,9.4342165,140712000000.0,0.009365049,0.9578342,0.21474162,0.9082116,301667301,212.83778,213.58571
485502,2022/8/22,600346.SHA,13.8079,3139237376.0,1.14,-9.9278,9.424778,140571000000.0,0.009365049,0.9402072,0.07451626,0.9040955,397257179,212.94464,213.37202
485503,2022/8/23,600346.SHA,13.8079,3139237376.0,1.14,-9.9278,9.349266,139445000000.0,0.009365049,0.9574673,0.15044248,0.8827402,395871919,213.15833,211.66248
485504,2022/8/24,600346.SHA,13.8079,3139237376.0,1.14,-9.9278,9.103854,135784000000.0,0.009365049,0.9465162,0.33943632,0.8642813,491443459,211.76933,206.10648
485505,2022/8/25,600346.SHA,13.8079,3139237376.0,1.14,-9.9278,9.250157,137966000000.0,0.009365049,0.97512436,0.60608554,0.85934293,374686911,205.57224,209.4187
485506,2022/8/26,600346.SHA,13.8079,3139237376.0,1.14,-9.9278,9.122732,136066000000.0,0.009365049,0.96553445,0.53100616,0.8651755,345518300,209.4187,206.53386
485507,2022/8/29,600346.SHA,13.8079,3139237376.0,1.14,-9.9278,9.103854,135784000000.0,0.009365049,0.9649825,0.41292307,0.8675415,223531446,205.35855,206.10648
485508,2022/8/30,600346.SHA,13.8079,3139237376.0,1.14,-9.9278,9.033062,134728000000.0,0.009365049,0.9584377,0.41993028,0.8642886,266102875,207.28178,204.50378
485509,2022/8/31,600346.SHA,13.8079,3139237376.0,1.14,-9.9278,9.0613785,135151000000.0,0.009365049,0.96920747,0.646239,0.8569379,293111929,203.96954,205.14485
485510,2022/9/1,600346.SHA,13.8079,3139237376.0,1.14,-9.9278,9.066098,135221000000.0,0.009365049,0.99585277,0.6895633,0.8413935,213398622,205.14485,205.25171
485511,2022/9/2,600346.SHA,13.8079,3139237376.0,1.14,-9.9278,9.037782,134799000000.0,0.009365049,0.9770408,0.44858664,0.8284193,208829623,205.6791,204.61063
485512,2022/9/5,600346.SHA,13.8079,3139237376.0,1.14,-9.9278,9.0236225,134588000000.0,0.009365049,0.98913604,0.47870597,0.81948423,231537451,203.8627,204.29008
485513,2022/9/6,600346.SHA,13.8079,3139237376.0,1.14,-9.9278,9.240719,137826000000.0,0.009365049,1.0150337,0.7199591,0.85281473,479434160,204.39693,209.20502
485514,2022/9/7,600346.SHA,13.8079,3139237376.0,1.14,-9.9278,9.325669,139093000000.0,0.009365049,1.0323929,0.82374614,0.86584866,398302649,209.20502,211.12825
485515,2022/9/8,600346.SHA,13.8079,3139237376.0,1.14,-9.9278,9.297352,138670000000.0,0.009365049,1.0260416,0.6379064,0.86266094,213380363,212.73094,210.48717
485516,2022/9/9,600346.SHA,13.8079,3139237376.0,1.14,-9.9278,9.467253,141204000000.0,0.009365049,1.0442477,0.75873697,0.8850551,466316584,210.16663,214.33363
485517,2022/9/13,600346.SHA,13.8079,3139237376.0,1.14,-9.9278,9.4530945,140993000000.0,0.009365049,1.0459529,0.8125,0.8878905,267810084,214.97472,214.01309
485518,2022/9/14,600346.SHA,13.8079,3139237376.0,1.14,-9.9278,9.363424,139656000000.0,0.009365049,1.0376569,0.8282622,0.8887074,251646627,211.44879,211.98302
485519,2022/9/15,600346.SHA,13.8079,3139237376.0,1.14,-9.9278,9.184085,136981000000.0,0.009365049,0.99387133,0.75071514,0.8786269,331257047,212.51726,207.92287
485520,2022/9/16,600346.SHA,13.8079,3139237376.0,1.14,-9.9278,8.981148,133954000000.0,0.009365049,0.9630567,0.7088866,0.873826,305026786,208.13655,203.32848
485521,2022/9/19,600346.SHA,13.8079,3139237376.0,1.14,-9.9278,8.882039,132476000000.0,0.009365049,0.95532995,0.7158024,0.8827249,274931276,203.22162,201.0847
485522,2022/9/20,600346.SHA,13.8079,3139237376.0,1.14,-9.9278,8.9669895,133743000000.0,0.009365049,0.9471586,0.5446574,0.86241335,176738613,201.93947,203.00793
485523,2022/9/21,600346.SHA,13.8079,3139237376.0,1.14,-9.9278,8.69798,129731000000.0,0.009365049,0.9201198,0.20680521,0.8806274,440636793,203.11478,196.9177
485524,2022/9/22,600346.SHA,13.8079,3139237376.0,1.14,-9.9278,8.660224,129167000000.0,0.009365049,0.9248992,0.20664357,0.89405054,360354809,195.52869,196.06293
485525,2022/9/23,600346.SHA,13.8079,3139237376.0,1.14,-9.9278,8.617748,128534000000.0,0.009365049,0.938335,0.3220615,0.9038501,356997365,195.52869,195.1013
485526,2022/9/26,600346.SHA,13.8079,3139237376.0,1.14,-9.9278,8.188277,122128000000.0,0.009365049,0.9117183,0.11000203,0.9269434,618484329,193.39177,185.3783
485527,2022/9/27,600346.SHA,13.8079,3139237376.0,1.14,-9.9278,8.372336,124874000000.0,0.009365049,0.94261426,0.07448108,0.9353001,481430345,186.98099,189.5453
485528,2022/9/28,600346.SHA,13.8079,3139237376.0,1.14,-9.9278,8.216594,122551000000.0,0.009365049,0.9163158,0.14544345,0.94044715,284219238,188.37,186.01938
485529,2022/9/29,600346.SHA,13.8079,3139237376.0,1.14,-9.9278,8.093887,120721000000.0,0.009365049,0.930548,0.37352583,0.94023174,455272164,188.04945,183.24136
485530,2022/9/30,600346.SHA,13.8079,3139237376.0,1.14,-9.9278,7.98534,119102000000.0,0.009365049,0.9220708,0.36383975,0.94023174,348299804,183.24136,180.7839
485531,2022/10/10,600346.SHA,13.8079,3139237376.0,1.14,-9.9278,7.782403,116075000000.0,0.009365049,0.9030668,0.19487908,0.9396954,363055356,181.85237,176.18951
485532,2022/10/11,600346.SHA,13.8079,3139237376.0,1.14,-9.9278,7.8437557,116990000000.0,0.009365049,0.9579251,0.4147035,0.9291802,291245137,176.51006,177.57852
485533,2022/10/12,600346.SHA,13.8079,3139237376.0,1.14,-9.9278,7.8295975,116779000000.0,0.009365049,0.93517476,0.20048702,0.91705537,300941861,177.89906,177.25798
485534,2022/10/13,600346.SHA,13.8079,3139237376.0,1.14,-9.9278,7.6077824,113470000000.0,0.009365049,0.92590463,0.073225155,0.9209406,388721821,176.29636,172.2362
485535,2022/10/14,600346.SHA,13.8079,3139237376.0,1.14,-9.9278,7.7682443,115864000000.0,0.009365049,0.9597668,0.076595746,0.9165654,494078568,173.41151,175.86897
485536,2022/10/17,600346.SHA,13.8079,3139237376.0,1.14,-9.9278,7.824878,116708000000.0,0.009365049,0.9799055,0.06241135,0.9114847,354457911,174.15944,177.15114
485537,2022/10/18,600346.SHA,13.8079,3139237376.0,1.14,-9.9278,7.7682443,115864000000.0,0.009365049,0.9981807,0.056917157,0.9007896,264886693,178.0059,175.86897
485538,2022/10/19,600346.SHA,13.8079,3139237376.0,1.14,-9.9278,7.503954,111922000000.0,0.009365049,0.9566787,0.026512852,0.902893,432622556,175.2279,169.88559
485539,2022/10/20,600346.SHA,13.8079,3139237376.0,1.14,-9.9278,7.4661984,111359000000.0,0.009365049,0.95358646,0.048351202,0.9015366,329236829,169.0308,169.0308
485540,2022/10/21,600346.SHA,13.8079,3139237376.0,1.14,-9.9278,7.5983434,113330000000.0,0.009365049,0.99875927,0.2702648,0.90945834,589449957,173.30467,172.0225
485541,2022/10/24,600346.SHA,13.8079,3139237376.0,1.14,-9.9278,7.400126,110373000000.0,0.009365049,0.95261246,0.19118837,0.9092563,509409945,172.0225,167.53497
485542,2022/10/25,600346.SHA,13.8079,3139237376.0,1.14,-9.9278,7.352931,109669000000.0,0.009365049,0.93968636,0.21451677,0.9092746,292606272,167.53497,166.4665
485543,2022/10/26,600346.SHA,13.8079,3139237376.0,1.14,-9.9278,7.4473205,111077000000.0,0.009365049,0.9586877,0.22498484,0.9133508,331736727,164.00903,168.60342
485544,2022/10/27,600346.SHA,13.8079,3139237376.0,1.14,-9.9278,7.532271,112344000000.0,0.009365049,1.0037736,0.56795233,0.90468496,348467047,168.81712,170.52666
485545,2022/10/28,600346.SHA,13.8079,3139237376.0,1.14,-9.9278,7.2255054,107769000000.0,0.009365049,0.96776235,0.55813485,0.89987886,304179443,169.35135,163.58165
485546,2022/10/31,600346.SHA,10.6627,-1549023360.0,0.86,-150.9921,12.124654,107980000000.0,0.008318706,0.952795,0.35440227,0.91296446,866983893,155.99557,163.90219
485547,2022/11/1,600346.SHA,10.6627,-1549023360.0,0.86,-150.9921,11.966575,106572000000.0,0.008318706,0.9655612,0.18941842,0.910999,516139614,159.20096,161.76527
485548,2022/11/2,600346.SHA,10.6627,-1549023360.0,0.86,-150.9921,12.2195015,108824000000.0,0.008318706,0.99229777,0.2577715,0.90984267,405106641,161.23103,165.18434
485549,2022/11/3,600346.SHA,10.6627,-1549023360.0,0.86,-150.9921,12.132558,108050000000.0,0.008318706,0.9727503,0.19096592,0.9048387,207975785,163.58165,164.00903
485550,2022/11/4,600346.SHA,10.6627,-1549023360.0,0.86,-150.9921,12.646315,112626000000.0,0.008318706,1.0025063,0.251713,0.9081386,447987893,164.54327,170.95404
485551,2022/11/7,600346.SHA,10.6627,-1549023360.0,0.86,-150.9921,12.749065,113541000000.0,0.008318706,1.0535598,0.33131924,0.9056148,290822051,170.95404,172.34305
485552,2022/11/8,600346.SHA,10.6627,-1549023360.0,0.86,-150.9921,12.71745,113259000000.0,0.008318706,1.0488918,0.39923495,0.8637827,226579005,172.44989,171.91566
485553,2022/11/9,600346.SHA,10.6627,-1549023360.0,0.86,-150.9921,12.725354,113330000000.0,0.008318706,1.0634081,0.7583015,0.8347756,166010004,172.55675,172.0225
485554,2022/11/10,600346.SHA,10.6627,-1549023360.0,0.86,-150.9921,12.606794,112274000000.0,0.008318706,1.0316948,0.6554706,0.8125503,197540069,171.48828,170.41982
485555,2022/11/11,600346.SHA,10.6627,-1549023360.0,0.86,-150.9921,13.175879,117342000000.0,0.008318706,1.0859935,0.8871908,0.84717476,561988633,174.15944,178.11275
485556,2022/11/14,600346.SHA,10.6627,-1549023360.0,0.86,-150.9921,12.851817,114456000000.0,0.008318706,1.01625,0.61878896,0.8403378,386371212,178.96751,173.73206
485557,2022/11/15,600346.SHA,10.6627,-1549023360.0,0.86,-150.9921,12.986184,115652000000.0,0.008318706,1.0185989,0.5921979,0.8423804,344097718,173.73206,175.54843
485558,2022/11/16,600346.SHA,10.6627,-1549023360.0,0.86,-150.9921,13.049416,116216000000.0,0.008318706,1.0261033,0.65272474,0.83701766,207388745,175.97583,176.40321
485559,2022/11/17,600346.SHA,10.6627,-1549023360.0,0.86,-150.9921,12.946665,115300000000.0,0.008318706,1.0173913,0.49879396,0.83802253,186685007,175.44159,175.0142
485560,2022/11/18,600346.SHA,10.6627,-1549023360.0,0.86,-150.9921,12.859721,114526000000.0,0.008318706,1.0200627,0.57929647,0.8310227,171910265,175.0142,173.8389
485561,2022/11/21,600346.SHA,10.6627,-1549023360.0,0.86,-150.9921,13.041512,116145000000.0,0.008318706,0.989802,0.29228607,0.8069894,251895869,172.44989,176.29636
485562,2022/11/22,600346.SHA,10.6627,-1549023360.0,0.86,-150.9921,12.907145,114948000000.0,0.008318706,1.004305,0.5627384,0.77635014,170092955,175.33475,174.47998
485563,2022/11/23,600346.SHA,10.6627,-1549023360.0,0.86,-150.9921,13.001992,115793000000.0,0.008318706,1.0012174,0.74729025,0.7625351,232844819,173.8389,175.76213
485564,2022/11/24,600346.SHA,10.6627,-1549023360.0,0.86,-150.9921,12.994088,115723000000.0,0.008318706,0.99576014,0.6585806,0.75746644,135903020,175.76213,175.65529
485565,2022/11/25,600346.SHA,10.6627,-1549023360.0,0.86,-150.9921,13.144263,117060000000.0,0.008318706,1.0152625,0.83483666,0.77553064,224218814,175.2279,177.68536
485566,2022/11/28,600346.SHA,10.6627,-1549023360.0,0.86,-150.9921,13.104743,116708000000.0,0.008318706,1.0190535,0.834034,0.8022418,249657843,175.2279,177.15114
485567,2022/11/29,600346.SHA,10.6627,-1549023360.0,0.86,-150.9921,13.286534,118327000000.0,0.008318706,1.0187879,0.7404962,0.8016,267197379,176.93744,179.6086
485568,2022/11/30,600346.SHA,10.6627,-1549023360.0,0.86,-150.9921,13.27863,118257000000.0,0.008318706,1.0287814,0.77335465,0.8213643,302247314,179.07437,179.50175
485569,2022/12/1,600346.SHA,10.6627,-1549023360.0,0.86,-150.9921,13.571076,120861000000.0,0.008318706,1.043769,0.80516106,0.8414,435079073,181.21129,183.45506
485570,2022/12/2,600346.SHA,10.6627,-1549023360.0,0.86,-150.9921,13.642212,121495000000.0,0.008318706,1.0498782,0.8131626,0.8466307,221023762,185.05775,184.41667
485571,2022/12/5,600346.SHA,10.6627,-1549023360.0,0.86,-150.9921,13.871427,123536000000.0,0.008318706,1.0553217,0.7635054,0.844969,286994905,183.24136,187.51523
485572,2022/12/6,600346.SHA,10.6627,-1549023360.0,0.86,-150.9921,13.83981,123255000000.0,0.008318706,1.0560915,0.7457492,0.8358,250136684,187.40837,187.08783
485573,2022/12/7,600346.SHA,10.6627,-1549023360.0,0.86,-150.9921,13.634308,121424000000.0,0.008318706,1.0261749,0.6596,0.84086365,298570288,186.98099,184.30983
485574,2022/12/8,600346.SHA,10.6627,-1549023360.0,0.86,-150.9921,13.713347,122128000000.0,0.008318706,1.0327381,0.72131145,0.82913667,206241900,184.30983,185.3783
485575,2022/12/9,600346.SHA,10.6627,-1549023360.0,0.86,-150.9921,13.831906,123184000000.0,0.008318706,1.0192195,0.6995202,0.81095123,265725469,184.84407,186.98099
485576,2022/12/12,600346.SHA,10.6627,-1549023360.0,0.86,-150.9921,13.484133,120087000000.0,0.008318706,0.98841256,0.50289595,0.8055112,217069776,185.80568,182.27975
485577,2022/12/13,600346.SHA,10.6627,-1549023360.0,0.86,-150.9921,13.515749,120369000000.0,0.008318706,0.9743589,0.49321085,0.7989619,186976547,182.3866,182.70714
485578,2022/12/14,600346.SHA,10.6627,-1549023360.0,0.86,-150.9921,13.6185,121284000000.0,0.008318706,0.9840092,0.5758786,0.78882235,148094974,182.70714,184.09615
485579,2022/12/15,600346.SHA,10.6627,-1549023360.0,0.86,-150.9921,13.326054,118679000000.0,0.008318706,0.9773913,0.4227545,0.7802154,201191582,183.7756,180.14282
485580,2022/12/16,600346.SHA,10.6627,-1549023360.0,0.86,-150.9921,13.515749,120369000000.0,0.008318706,0.98559076,0.6187438,0.7808328,177211992,179.50175,182.70714
485581,2022/12/19,600346.SHA,10.6627,-1549023360.0,0.86,-150.9921,13.0178,115934000000.0,0.008318706,0.9411429,0.31505483,0.7835791,225722294,182.17291,175.97583
485582,2022/12/20,600346.SHA,10.6627,-1549023360.0,0.86,-150.9921,13.05732,116286000000.0,0.008318706,0.968347,0.6398964,0.79159194,154963152,175.97583,176.51006
485583,2022/12/21,600346.SHA,10.6627,-1549023360.0,0.86,-150.9921,12.946665,115300000000.0,0.008318706,0.95789474,0.56980455,0.7902711,115914613,175.86897,175.0142
485584,2022/12/22,600346.SHA,10.6627,-1549023360.0,0.86,-150.9921,12.749065,113541000000.0,0.008318706,0.9361578,0.41827592,0.79590213,130298988,175.86897,172.34305
485585,2022/12/23,600346.SHA,10.6627,-1549023360.0,0.86,-150.9921,12.606794,112274000000.0,0.008318706,0.94602615,0.6127685,0.7901431,111693606,172.0225,170.41982
494862,2022/12/12,600406.SHA,9.4204,-8437656064.0,0.55,-10.7569,28.66274,174988000000.0,0.010082779,0.99656886,0.59916115,0.95746803,705248195,1054.8226,1060.5024
494863,2022/12/13,600406.SHA,9.4204,-8437656064.0,0.55,-10.7569,28.136417,171774000000.0,0.010082779,0.9727065,0.4754393,0.95907366,432628607,1054.0112,1041.0287
494864,2022/12/14,600406.SHA,9.4204,-8437656064.0,0.55,-10.7569,27.193419,166017000000.0,0.010082779,0.9277965,0.072484024,0.96546906,747748942,1034.5375,1006.1384
494865,2022/12/15,600406.SHA,9.4204,-8437656064.0,0.55,-10.7569,27.632023,168695000000.0,0.010082779,0.9434669,0.08742515,0.9654966,420002192,1006.1384,1022.3665
494866,2022/12/16,600406.SHA,9.4204,-8437656064.0,0.55,-10.7569,27.851324,170034000000.0,0.010082779,0.95632523,0.267996,0.96393704,382700784,1015.4696,1030.4805
494867,2022/12/19,600406.SHA,9.4204,-8437656064.0,0.55,-10.7569,27.612568,168576000000.0,0.010082779,0.95378786,0.49252242,0.93543243,240995770,1027.6406,1021.5551
494868,2022/12/20,600406.SHA,9.4204,-8437656064.0,0.55,-10.7569,27.195856,166032000000.0,0.010082779,0.9487375,0.36389,0.9201036,261072202,1014.2525,1006.1384
494869,2022/12/21,600406.SHA,9.4204,-8437656064.0,0.55,-10.7569,26.833977,163823000000.0,0.010082779,0.95362437,0.50019944,0.92404306,342027801,1001.27,992.7503
494870,2022/12/22,600406.SHA,9.4204,-8437656064.0,0.55,-10.7569,26.790112,163555000000.0,0.010082779,0.98508066,0.88851285,0.90928984,371716465,999.6472,991.1275
494871,2022/12/23,600406.SHA,9.4204,-8437656064.0,0.55,-10.7569,26.833977,163823000000.0,0.010082779,0.9710317,0.82696897,0.89805245,180922006,988.6933,992.7503
498349,2022/1/10,600436.SHA,23.38,-64132948.0,3.33,62.9697,101.229546,238298000000.0,0.008623812,0.9336927,0.14943267,0.9869435,1287421657,2555.993,2588.631
498350,2022/1/11,600436.SHA,23.38,-64132948.0,3.33,62.9697,100.93225,237598000000.0,0.008623812,0.90088075,0.10616438,0.9839469,1044634295,2589.9417,2581.0286
498351,2022/1/12,600436.SHA,23.38,-64132948.0,3.33,62.9697,101.18342,238190000000.0,0.008623812,0.91325474,0.07427226,0.9809544,1043280774,2582.2083,2587.4514
498352,2022/1/13,600436.SHA,23.38,-64132948.0,3.33,62.9697,99.953224,235294000000.0,0.008623812,0.93978167,0.12946714,0.9764706,874560738,2587.4514,2555.993
498353,2022/1/14,600436.SHA,23.38,-64132948.0,3.33,62.9697,98.95369,232941000000.0,0.008623812,0.9604478,0.31771502,0.9687767,894225112,2537.5767,2530.433
498354,2022/1/17,600436.SHA,23.38,-64132948.0,3.33,62.9697,100.675964,236995000000.0,0.008623812,0.9962212,0.39987162,0.96170306,856073081,2517.3254,2574.4746
498355,2022/1/18,600436.SHA,23.38,-64132948.0,3.33,62.9697,102.49049,241267000000.0,0.008623812,1.0124563,0.710864,0.9566147,1133066975,2575.0645,2620.8757
498356,2022/1/19,600436.SHA,23.38,-64132948.0,3.33,62.9697,100.20951,235897000000.0,0.008623812,0.99283934,0.5008551,0.958547,1227640937,2616.8125,2562.5466
498357,2022/1/20,600436.SHA,23.38,-64132948.0,3.33,62.9697,95.96387,233478000000.0,0.008623812,0.98021775,0.66175216,0.95941037,1072069367,2497.0085,2536.2659
498358,2022/1/21,600436.SHA,23.38,-64132948.0,3.33,62.9697,94.0371,228790000000.0,0.008623812,0.972359,0.6265755,0.965613,1336586952,2529.6465,2485.3428
498359,2022/1/24,600436.SHA,23.38,-64132948.0,3.33,62.9697,93.28822,226968000000.0,0.008623812,0.9743589,0.6089278,0.965635,829785120,2451.1316,2465.55
498360,2022/1/25,600436.SHA,23.38,-64132948.0,3.33,62.9697,91.55239,222745000000.0,0.008623812,0.9398707,0.7164211,0.96713614,822277967,2465.2224,2419.6733
498361,2022/1/26,600436.SHA,23.38,-64132948.0,3.33,62.9697,91.8822,223547000000.0,0.008623812,0.92655665,0.48068303,0.96691567,801671538,2420.001,2428.39
498362,2022/1/27,600436.SHA,23.38,-64132948.0,3.33,62.9697,89.94304,218829000000.0,0.008623812,0.9276471,0.72141635,0.96481127,777782671,2417.1829,2377.139
498363,2022/1/28,600436.SHA,23.38,-64132948.0,3.33,62.9697,88.58661,215529000000.0,0.008623812,0.9231247,0.38968238,0.9688832,1082217933,2386.1833,2341.2896
498364,2022/2/7,600436.SHA,23.38,-64132948.0,3.33,62.9697,88.00139,214105000000.0,0.008623812,0.9358156,0.31670928,0.9697486,1041104797,2358.264,2325.8225
498365,2022/2/8,600436.SHA,23.38,-64132948.0,3.33,62.9697,85.82665,208814000000.0,0.008623812,0.920016,0.1800554,0.97784877,1606428113,2334.6702,2268.3455
498366,2022/2/9,600436.SHA,23.38,-64132948.0,3.33,62.9697,86.78136,211137000000.0,0.008623812,0.9478873,0.10540886,0.9774372,1204924529,2263.889,2293.5776
498367,2022/2/10,600436.SHA,23.38,-64132948.0,3.33,62.9697,86.96486,211583000000.0,0.008623812,0.94648206,0.13042553,0.97618544,762940589,2325.626,2298.4275
498368,2022/2/11,600436.SHA,23.38,-64132948.0,3.33,62.9697,84.31896,205146000000.0,0.008623812,0.9374707,0.10780353,0.9751381,873006605,2287.286,2228.498
498369,2022/2/14,600436.SHA,23.38,-64132948.0,3.33,62.9697,84.93146,206636000000.0,0.008623812,0.95873916,0.16592309,0.97153175,749381945,2195.5325,2244.686
498370,2022/2/15,600436.SHA,23.38,-64132948.0,3.33,62.9697,87.40873,212663000000.0,0.008623812,0.9932654,0.37744266,0.9715378,1054791836,2247.701,2310.159
498371,2022/2/16,600436.SHA,23.38,-64132948.0,3.33,62.9697,87.671585,213303000000.0,0.008623812,1.021496,0.73210114,0.96452844,831214586,2339.7166,2317.106
498372,2022/2/17,600436.SHA,23.38,-64132948.0,3.33,62.9697,88.36591,214992000000.0,0.008623812,1.0182592,0.7924809,0.9611465,934295147,2317.106,2335.4565
498373,2022/2/18,600436.SHA,23.38,-64132948.0,3.33,62.9697,88.849464,216169000000.0,0.008623812,1.0216709,0.7594991,0.9603057,552202854,2327.592,2348.2366
498374,2022/2/21,600436.SHA,23.38,-64132948.0,3.33,62.9697,88.03115,214178000000.0,0.008623812,1.0440255,0.66326964,0.96072185,646423294,2351.448,2326.609
498375,2022/2/22,600436.SHA,23.38,-64132948.0,3.33,62.9697,87.27235,212331000000.0,0.008623812,1.027562,0.63240606,0.9581741,640150152,2326.4124,2306.5542
498376,2022/2/23,600436.SHA,23.38,-64132948.0,3.33,62.9697,89.02305,216591000000.0,0.008623812,1.0184685,0.41995755,0.9495014,695011060,2316.778,2352.8242
498377,2022/2/24,600436.SHA,23.38,-64132948.0,3.33,62.9697,86.97478,211607000000.0,0.008623812,0.992052,0.5303352,0.9471786,1160975923,2352.8242,2298.6897
498378,2022/2/25,600436.SHA,23.38,-64132948.0,3.33,62.9697,88.51966,215366000000.0,0.008623812,1.0017399,0.4707255,0.94635284,980997695,2303.6707,2339.52
498379,2022/2/28,600436.SHA,23.38,-64132948.0,3.33,62.9697,89.59587,217985000000.0,0.008623812,1.0084008,0.6059385,0.94910944,833375309,2346.2705,2367.9636
498380,2022/3/1,600436.SHA,23.38,-64132948.0,3.33,62.9697,90.213326,219487000000.0,0.008623812,1.0247887,0.76150095,0.950837,814437883,2372.6824,2384.2827
498381,2022/3/2,600436.SHA,23.38,-64132948.0,3.33,62.9697,88.92882,216362000000.0,0.008623812,1.0189805,0.625053,0.9506356,662843698,2368.5535,2350.3337
498382,2022/3/3,600436.SHA,23.38,-64132948.0,3.33,62.9697,83.89493,204114000000.0,0.008623812,0.9423955,0.13728814,0.96694916,2164857094,2362.655,2217.291
498383,2022/3/4,600436.SHA,23.38,-64132948.0,3.33,62.9697,78.399796,190745000000.0,0.008623812,0.9014085,0.028595636,0.9779708,2329095843,2143.0361,2072.0583
498384,2022/3/7,600436.SHA,23.38,-64132948.0,3.33,62.9697,75.657196,184072000000.0,0.008623812,0.85469365,0.020762712,0.9800974,1368585586,2031.5557,1999.5729
498385,2022/3/8,600436.SHA,23.38,-64132948.0,3.33,62.9697,75.80598,184434000000.0,0.008623812,0.8460879,0.03495763,0.979661,1187557759,2039.2891,2003.5052
498386,2022/3/9,600436.SHA,23.38,-64132948.0,3.33,62.9697,77.06817,187505000000.0,0.008623812,0.85428804,0.07990674,0.9811361,1391580760,2012.0251,2036.8643
498387,2022/3/10,600436.SHA,23.38,-64132948.0,3.33,62.9697,77.34342,188175000000.0,0.008623812,0.86972284,0.068022884,0.98304725,1260172164,2097.2249,2044.1389
498388,2022/3/11,600436.SHA,23.38,-64132948.0,3.33,62.9697,78.985016,192169000000.0,0.008623812,0.94147563,0.47055084,0.9752171,1067148018,1994.3298,2087.5254
498389,2022/3/14,600436.SHA,23.38,-64132948.0,3.33,62.9697,76.02419,184965000000.0,0.008623812,0.96969885,0.7993226,0.9695303,939860894,2084.1172,2009.2726
498390,2022/3/15,600436.SHA,23.38,-64132948.0,3.33,62.9697,73.94121,179897000000.0,0.008623812,0.97731894,0.88957053,0.9680626,1153740607,1979.2561,1954.2205
498391,2022/3/16,600436.SHA,23.38,-64132948.0,3.33,62.9697,75.94981,184784000000.0,0.008623812,1.0018972,0.8153553,0.9699725,1533806387,1996.2305,2007.3064
498392,2022/3/17,600436.SHA,23.38,-64132948.0,3.33,62.9697,78.310524,190528000000.0,0.008623812,1.0161202,0.73059845,0.9682875,1390671886,2025.1984,2069.699
498393,2022/3/18,600436.SHA,23.38,-64132948.0,3.33,62.9697,77.61124,188826000000.0,0.008623812,1.0034627,0.68407696,0.9674556,909243782,2049.7097,2051.217
498394,2022/3/21,600436.SHA,23.38,-64132948.0,3.33,62.9697,77.717865,189086000000.0,0.008623812,0.983957,0.48700613,0.96536434,767215072,2071.0098,2054.0352
498395,2022/3/22,600436.SHA,23.38,-64132948.0,3.33,62.9697,76.401115,185882000000.0,0.008623812,1.0049579,0.43391046,0.96265036,579516804,2052.1345,2019.2344
498396,2022/3/23,600436.SHA,23.38,-64132948.0,3.33,62.9697,79.2082,192712000000.0,0.008623812,1.0712322,0.5132911,0.96540815,1183462475,2038.2405,2093.4238
498397,2022/3/24,600436.SHA,23.38,-64132948.0,3.33,62.9697,78.742004,191577000000.0,0.008623812,1.0367638,0.6081452,0.96055686,834141909,2080.3162,2081.1025
498398,2022/3/25,600436.SHA,23.38,-64132948.0,3.33,62.9697,77.00866,187360000000.0,0.008623812,0.9833755,0.31483436,0.9567693,791317388,2071.0098,2035.2913
498399,2022/3/28,600436.SHA,23.38,-64132948.0,3.33,62.9697,76.61438,186401000000.0,0.008623812,0.98715574,0.49019608,0.95383644,656077511,1994.592,2024.8707
498400,2022/3/29,600436.SHA,23.38,-64132948.0,3.33,62.9697,76.599495,186365000000.0,0.008623812,0.9856099,0.6519815,0.9496736,483538799,2038.2405,2024.4774
498401,2022/3/30,600436.SHA,23.38,-64132948.0,3.33,62.9697,79.329704,193007000000.0,0.008623812,1.0383316,0.8702885,0.9557988,949040630,2064.4558,2096.635
498402,2022/3/31,600436.SHA,23.38,-64132948.0,3.33,62.9697,78.66513,191390000000.0,0.008623812,0.99314374,0.6118837,0.95028436,814386249,2096.1108,2079.0708
498403,2022/4/1,600436.SHA,23.38,-64132948.0,3.33,62.9697,78.501465,190992000000.0,0.008623812,0.99694526,0.5552044,0.9481887,707800645,2065.7666,2074.7454
498404,2022/4/6,600436.SHA,23.38,-64132948.0,3.33,62.9697,76.66893,186534000000.0,0.008623812,0.9955885,0.43447113,0.9492311,906751621,2074.352,2026.3125
498405,2022/4/7,600436.SHA,23.38,-64132948.0,3.33,62.9697,76.594536,186353000000.0,0.008623812,0.9997411,0.6114623,0.9467256,500216280,2020.8074,2024.3464
498406,2022/4/8,600436.SHA,23.38,-64132948.0,3.33,62.9697,76.12834,185218000000.0,0.008623812,0.99384916,0.5626448,0.9450526,447269394,2025.1328,2012.0251
498407,2022/4/11,600436.SHA,23.38,-64132948.0,3.33,62.9697,73.40062,178582000000.0,0.008623812,0.9252603,0.41545588,0.9446316,839140616,2012.0251,1939.9331
498408,2022/4/12,600436.SHA,23.38,-64132948.0,3.33,62.9697,76.346565,185749000000.0,0.008623812,0.97052616,0.5679714,0.9461393,855061437,1939.8676,2017.7926
498409,2022/4/13,600436.SHA,23.38,-64132948.0,3.33,62.9697,76.500305,186123000000.0,0.008623812,0.974508,0.6761304,0.94680405,737973534,2005.4713,2021.856
498410,2022/4/14,600436.SHA,23.38,-64132948.0,3.33,62.9697,77.618675,188844000000.0,0.008623812,1.0123876,0.8564221,0.9432654,708381445,2032.08,2051.4138
498411,2022/4/15,600436.SHA,23.38,-64132948.0,3.33,62.9697,77.79226,189267000000.0,0.008623812,1.0156372,0.84521556,0.94638354,531149815,2039.5513,2056.0015
498412,2022/4/18,600436.SHA,27.6818,2279984896.0,4.03,-53.1376,77.75158,189049000000.0,0.010654053,1.0206841,0.83378917,0.94930583,581943215,2056.0015,2053.642
498413,2022/4/19,600436.SHA,27.6818,2279984896.0,4.03,-53.1376,76.081665,184989000000.0,0.010654053,1.0358784,0.7762355,0.9522909,807863032,2064.3904,2009.5348
498414,2022/4/20,600436.SHA,27.6818,2279984896.0,4.03,-53.1376,75.506004,183589000000.0,0.010654053,0.9883721,0.6430223,0.9491597,598880082,2010.0591,1994.3298
498415,2022/4/21,600436.SHA,27.6818,2279984896.0,4.03,-53.1376,73.704575,179209000000.0,0.010654053,0.9628525,0.59197813,0.94855106,791195510,1978.404,1946.749
498416,2022/4/22,600436.SHA,27.6818,2279984896.0,4.03,-53.1376,73.4887,178684000000.0,0.010654053,0.9461998,0.57887,0.947932,558267318,1933.3793,1941.0472
498417,2022/4/25,600436.SHA,6.8805,-240286912.0,1.14,64.1197,68.03688,173864000000.0,0.0088728,0.91861904,0.75666595,0.9603191,929119646,1913.7833,1888.6821
498418,2022/4/26,600436.SHA,6.8805,-240286912.0,1.14,64.1197,69.03791,176422000000.0,0.0088728,0.9332056,0.88886553,0.9653725,899236475,1888.551,1916.4703
498419,2022/4/27,600436.SHA,6.8805,-240286912.0,1.14,64.1197,71.2737,182135000000.0,0.0088728,0.9845737,0.93362737,0.963686,852801233,1900.6101,1978.5352
498420,2022/4/28,600436.SHA,6.8805,-240286912.0,1.14,64.1197,72.12599,184313000000.0,0.0088728,1.0039434,0.94216615,0.96532154,723534705,1966.1484,2002.1945
498421,2022/4/29,600436.SHA,6.8805,-240286912.0,1.14,64.1197,72.27945,184706000000.0,0.0088728,1.0306693,0.8887253,0.96153843,723541883,2001.5391,2006.4545
498422,2022/5/5,600436.SHA,6.8805,-240286912.0,1.14,64.1197,72.9169,186335000000.0,0.0088728,1.0428133,0.86036134,0.960051,705614052,2011.9597,2024.1498
498423,2022/5/6,600436.SHA,6.8805,-240286912.0,1.14,64.1197,70.3978,179897000000.0,0.0088728,1.0347005,0.5721519,0.9565492,636468275,1985.8099,1954.2205
498424,2022/5/9,600436.SHA,6.8805,-240286912.0,1.14,64.1197,70.35294,179782000000.0,0.0088728,1.019048,0.19198312,0.95,350813201,1946.4869,1952.9752
498425,2022/5/10,600436.SHA,6.8805,-240286912.0,1.14,64.1197,70.21837,179439000000.0,0.0088728,0.98519325,0.100990936,0.9426765,490575572,1927.0221,1949.2395
498426,2022/5/11,600436.SHA,6.8805,-240286912.0,1.14,64.1197,71.26426,182111000000.0,0.0088728,0.98805237,0.062381454,0.9364077,733938529,1948.9774,1978.273
498427,2022/5/12,600436.SHA,6.8805,-240286912.0,1.14,64.1197,70.97623,181375000000.0,0.0088728,0.98196965,0.11267902,0.9328138,476240183,1967.197,1970.2773
498428,2022/5/13,600436.SHA,6.8805,-240286912.0,1.14,64.1197,72.04336,184102000000.0,0.0088728,0.98802006,0.117473684,0.93980217,948729609,1989.0868,1999.9006
498429,2022/5/16,600436.SHA,6.8805,-240286912.0,1.14,64.1197,70.67403,180603000000.0,0.0088728,1.0039238,0.12021053,0.94210523,693505689,2025.2639,1961.8884
498430,2022/5/17,600436.SHA,6.8805,-240286912.0,1.14,64.1197,70.96442,181345000000.0,0.0088728,1.0086915,0.31740686,0.941065,449503150,1969.5564,1969.9496
498431,2022/5/18,600436.SHA,6.8805,-240286912.0,1.14,64.1197,70.07199,179065000000.0,0.0088728,0.9979154,0.27226785,0.94272476,451192394,1966.1484,1945.1761
498432,2022/5/19,600436.SHA,6.8805,-240286912.0,1.14,64.1197,69.113464,176615000000.0,0.0088728,0.9698195,0.09837792,0.9475679,607380447,1930.43,1918.5676
498433,2022/5/20,600436.SHA,6.8805,-240286912.0,1.14,64.1197,72.196815,184494000000.0,0.0088728,1.0171973,0.4045464,0.96022725,1213503077,1926.8254,2004.1606
498434,2022/5/23,600436.SHA,6.8805,-240286912.0,1.14,64.1197,71.538124,182811000000.0,0.0088728,0.99298704,0.15365186,0.95264155,545104482,2021.856,1985.8754
498435,2022/5/24,600436.SHA,6.8805,-240286912.0,1.14,64.1197,69.94686,178745000000.0,0.0088728,0.98971105,0.52442104,0.9484319,582283438,1979.2561,1941.7026
498436,2022/5/25,600436.SHA,6.8805,-240286912.0,1.14,64.1197,69.61162,177888000000.0,0.0088728,0.9809369,0.24442574,0.94995797,521211835,1933.3793,1932.3962
498437,2022/5/26,600436.SHA,6.8805,-240286912.0,1.14,64.1197,69.713135,178148000000.0,0.0088728,0.9948787,0.3670168,0.9491597,447297962,1946.4869,1935.2144
498438,2022/5/27,600436.SHA,6.8805,-240286912.0,1.14,64.1197,69.73674,178208000000.0,0.0088728,1.0090183,0.5750315,0.9468599,475271437,1949.7638,1935.8698
498439,2022/5/30,600436.SHA,6.8805,-240286912.0,1.14,64.1197,70.615005,180452000000.0,0.0088728,0.9780903,0.30415618,0.9290512,530153101,1942.4236,1960.25
498440,2022/5/31,600436.SHA,6.8805,-240286912.0,1.14,64.1197,73.11758,186847000000.0,0.0088728,1.0220785,0.7209644,0.9507647,1348824975,1959.4635,2029.7206
498441,2022/6/1,600436.SHA,6.8805,-240286912.0,1.14,64.1197,71.78366,183439000000.0,0.0088728,1.0262598,0.2894847,0.9539267,700182791,2038.2405,1992.6914
498442,2022/6/2,600436.SHA,6.8805,-240286912.0,1.14,64.1197,71.0683,181611000000.0,0.0088728,1.0209259,0.3486911,0.9510153,492749936,1981.4188,1972.8333
498443,2022/6/6,600436.SHA,6.8805,-240286912.0,1.14,64.1197,72.031555,184072000000.0,0.0088728,1.0332565,0.39239448,0.9571846,879449788,1966.1484,1999.5729
498444,2022/6/7,600436.SHA,6.8805,-240286912.0,1.14,64.1197,74.6262,190703000000.0,0.0088728,1.0701131,0.69519836,0.9655532,1490138351,1999.5073,2071.5996
498445,2022/6/8,600436.SHA,6.8805,-240286912.0,1.14,64.1197,75.313225,192458000000.0,0.0088728,1.066533,0.73590815,0.96805847,1239429504,2074.4832,2090.6711
498446,2022/6/9,600436.SHA,6.8805,-240286912.0,1.14,64.1197,73.837654,188687000000.0,0.0088728,1.0098482,0.59344333,0.9630403,861854034,2090.6711,2049.7097
498447,2022/6/10,600436.SHA,6.8805,-240286912.0,1.14,64.1197,74.923676,191463000000.0,0.0088728,1.0437429,0.7565707,0.9612096,818299471,2040.3378,2079.8574
498448,2022/6/13,600436.SHA,6.8805,-240286912.0,1.14,64.1197,73.561424,187982000000.0,0.0088728,1.0350808,0.74848926,0.96294755,888923913,2063.8005,2042.0417
498449,2022/6/14,600436.SHA,6.8805,-240286912.0,1.14,64.1197,74.791466,191125000000.0,0.0088728,1.0383154,0.81941265,0.9606332,798613236,2019.2344,2076.1873
498450,2022/6/15,600436.SHA,6.8805,-240286912.0,1.14,64.1197,76.571594,195674000000.0,0.0088728,1.0260684,0.78784096,0.9590181,1454154789,2077.498,2125.603
498451,2022/6/16,600436.SHA,6.8805,-240286912.0,1.14,64.1197,76.958786,196663000000.0,0.0088728,1.0218495,0.7164272,0.9575354,1160731354,2134.5818,2136.3513
498452,2022/6/17,600436.SHA,6.8805,-240286912.0,1.14,64.1197,79.87452,204114000000.0,0.0088728,1.0817585,0.8433007,0.95979166,1379696604,2134.9094,2217.291
498453,2022/6/20,600436.SHA,6.8805,-240286912.0,1.14,64.1197,80.29476,205188000000.0,0.0088728,1.0716873,0.82653064,0.9648063,1179780746,2234.8555,2228.9568
498454,2022/6/21,600436.SHA,6.8805,-240286912.0,1.14,64.1197,79.562874,203318000000.0,0.0088728,1.0815842,0.8915487,0.96483564,887342018,2228.9568,2208.6401
498455,2022/6/22,600436.SHA,6.8805,-240286912.0,1.14,64.1197,78.52407,200663000000.0,0.0088728,1.0499068,0.82680285,0.96498543,731231292,2221.7478,2179.8032
498456,2022/6/23,600436.SHA,6.8805,-240286912.0,1.14,64.1197,79.515656,203197000000.0,0.0088728,1.0384486,0.67451555,0.95936656,711230089,2175.7397,2207.3293
498457,2022/6/24,600436.SHA,6.8805,-240286912.0,1.14,64.1197,80.8118,206509000000.0,0.0088728,1.050066,0.721585,0.9589412,1053096712,2221.7478,2243.3098
498458,2022/6/27,600436.SHA,6.8805,-240286912.0,1.14,64.1197,83.34034,212971000000.0,0.0088728,1.0433909,0.6814676,0.9576907,1161132417,2246.3245,2313.5012
498459,2022/6/28,600436.SHA,6.8805,-240286912.0,1.14,64.1197,83.335625,212959000000.0,0.0088728,1.0378712,0.61238533,0.9510008,832831607,2312.1904,2313.37
498460,2022/6/29,600436.SHA,6.8805,-240286912.0,1.14,64.1197,82.39597,210558000000.0,0.0088728,1.0356082,0.72877115,0.94579947,723146844,2293.8398,2287.286
498461,2022/6/30,600436.SHA,6.8805,-240286912.0,1.14,64.1197,84.22096,215221000000.0,0.0088728,1.0725496,0.7731443,0.9474781,1006228557,2280.7976,2337.947
498462,2022/7/1,600436.SHA,6.8805,-240286912.0,1.14,64.1197,82.81622,211632000000.0,0.0088728,1.0415083,0.7371381,0.9496253,672735649,2337.947,2298.952
498463,2022/7/4,600436.SHA,6.8805,-240286912.0,1.14,64.1197,83.44422,213236000000.0,0.0088728,1.0325748,0.7090454,0.9462276,732304222,2313.567,2316.385
498464,2022/7/5,600436.SHA,6.8805,-240286912.0,1.14,64.1197,83.02398,212163000000.0,0.0088728,0.996204,0.54041666,0.94145834,881056265,2316.3193,2304.7192
498465,2022/7/6,600436.SHA,6.8805,-240286912.0,1.14,64.1197,81.45397,208150000000.0,0.0088728,0.97742087,0.59829235,0.94025815,793614331,2305.4402,2261.1362
498466,2022/7/7,600436.SHA,6.8805,-240286912.0,1.14,64.1197,81.44925,208138000000.0,0.0088728,0.9885101,0.47636893,0.9421436,640598051,2254.5168,2261.0051
498467,2022/7/8,600436.SHA,6.8805,-240286912.0,1.14,64.1197,79.91465,204217000000.0,0.0088728,0.94886893,0.15171696,0.9409195,826804471,2280.7322,2218.4053
498468,2022/7/11,600436.SHA,6.8805,-240286912.0,1.14,64.1197,79.04584,201997000000.0,0.0088728,0.95447284,0.24786681,0.94151926,778036195,2215.1938,2194.287
498469,2022/7/12,600436.SHA,6.8805,-240286912.0,1.14,64.1197,77.41208,197822000000.0,0.0088728,0.9277105,0.20945242,0.9409072,611024690,2194.5493,2148.9346
498470,2022/7/13,600436.SHA,6.8805,-240286912.0,1.14,64.1197,77.013084,196802000000.0,0.0088728,0.92760044,0.1169615,0.93864393,496791817,2147.4272,2137.8586
498471,2022/7/14,600436.SHA,6.8805,-240286912.0,1.14,64.1197,76.510216,195517000000.0,0.0088728,0.939306,0.0978803,0.9387204,718651885,2139.8904,2123.899
498472,2022/7/15,600436.SHA,6.8805,-240286912.0,1.14,64.1197,75.34864,192549000000.0,0.0088728,0.9285663,0.1495327,0.9410544,822128821,2124.82,2099.4932
498473,2022/7/18,600436.SHA,6.8805,-240286912.0,1.14,64.1197,75.2424,192277000000.0,0.0088728,0.9450631,0.13153528,0.9433727,983332326,2103.769,2096.533
498474,2022/7/19,600436.SHA,6.8805,-240286912.0,1.14,64.1197,70.99488,186739000000.0,0.0088728,0.9279293,0.041908715,0.9558275,1567266082,2052.5234,2036.1433
498475,2022/7/20,600436.SHA,6.8805,-240286912.0,1.14,64.1197,70.864136,186395000000.0,0.0088728,0.945768,0.037536293,0.96123546,974185643,2032.7225,2032.3936
498476,2022/7/21,600436.SHA,6.8805,-240286912.0,1.14,64.1197,70.9513,186624000000.0,0.0088728,0.95183724,0.077943616,0.96123546,646220489,2014.5662,2034.8934
498477,2022/7/22,600436.SHA,6.8805,-240286912.0,1.14,64.1197,71.219666,187330000000.0,0.0088728,0.9617172,0.121890545,0.9639528,785840192,2035.0907,2042.5901
498478,2022/7/25,600436.SHA,6.8805,-240286912.0,1.14,64.1197,71.01323,186787000000.0,0.0088728,0.9700768,0.12901887,0.9614268,414716017,2044.2347,2036.6696
498479,2022/7/26,600436.SHA,6.8805,-240286912.0,1.14,64.1197,71.14626,187137000000.0,0.0088728,0.97326636,0.1649741,0.9570984,443776269,2042.1954,2040.485
498480,2022/7/27,600436.SHA,6.8805,-240286912.0,1.14,64.1197,70.18979,184621000000.0,0.0088728,0.98865986,0.29367876,0.93844557,498645804,2026.802,2013.0531
498481,2022/7/28,600436.SHA,6.8805,-240286912.0,1.14,64.1197,69.79756,183589000000.0,0.0088728,0.98494905,0.266943,0.9258031,579604158,2012.7242,2001.8041
498482,2022/7/29,600436.SHA,6.8805,-240286912.0,1.14,64.1197,67.82956,178413000000.0,0.0088728,0.95600164,0.11214759,0.93992126,1075043392,1996.5414,1945.3615
498483,2022/8/1,600436.SHA,6.8805,-240286912.0,1.14,64.1197,67.331825,177104000000.0,0.0088728,0.94541067,0.053013045,0.9360513,682630055,1940.2961,1931.0864
498484,2022/8/2,600436.SHA,6.8805,-240286912.0,1.14,64.1197,66.25149,174262000000.0,0.0088728,0.9329457,0.16797683,0.9449845,829620049,1918.5874,1900.1022
498485,2022/8/3,600436.SHA,6.8805,-240286912.0,1.14,64.1197,67.02906,176307000000.0,0.0088728,0.9421304,0.34636062,0.9468679,772434569,1900.4968,1922.403
498486,2022/8/4,600436.SHA,6.8805,-240286912.0,1.14,64.1197,68.1438,179240000000.0,0.0088728,0.97085065,0.53793675,0.947499,602552660,1943.7827,1954.3739
498487,2022/8/5,600436.SHA,6.8805,-240286912.0,1.14,64.1197,68.5062,180193000000.0,0.0088728,0.9814985,0.57287574,0.94524795,506925422,1970.8856,1964.7677
498488,2022/8/8,600436.SHA,6.8805,-240286912.0,1.14,64.1197,68.68053,180651000000.0,0.0088728,1.0125457,0.6624664,0.93824863,626733078,1964.7677,1969.7673
498489,2022/8/9,600436.SHA,6.8805,-240286912.0,1.14,64.1197,67.985535,178823000000.0,0.0088728,1.0097088,0.6693515,0.9329067,414017846,1960.3602,1949.8348
498490,2022/8/10,600436.SHA,6.8805,-240286912.0,1.14,64.1197,67.21484,176796000000.0,0.0088728,1.0145409,0.34324658,0.9281289,554721396,1944.5721,1927.7314
498491,2022/8/11,600436.SHA,6.8805,-240286912.0,1.14,64.1197,68.57731,180380000000.0,0.0088728,1.0230982,0.21219008,0.9246023,616321421,1930.9548,1966.807
498492,2022/8/12,600436.SHA,6.8805,-240286912.0,1.14,64.1197,68.81356,181001000000.0,0.0088728,1.0098287,0.22945064,0.9141737,399904812,1966.9386,1973.5828
498493,2022/8/15,600436.SHA,6.8805,-240286912.0,1.14,64.1197,68.375465,179849000000.0,0.0088728,0.9980916,0.21944673,0.910066,442447382,1980.0297,1961.0181
498494,2022/8/16,600436.SHA,6.8805,-240286912.0,1.14,64.1197,67.985535,178823000000.0,0.0088728,0.9898808,0.20321517,0.89738303,391168084,1961.0181,1949.8348
498495,2022/8/17,600436.SHA,6.8805,-240286912.0,1.14,64.1197,68.58649,180404000000.0,0.0088728,1.0088394,0.37221766,0.8998764,476309434,1947.2035,1967.0702
498496,2022/8/18,600436.SHA,6.8805,-240286912.0,1.14,64.1197,67.61854,177858000000.0,0.0088728,1.006006,0.40638518,0.8933498,430453808,1953.7819,1939.3093
498497,2022/8/19,600436.SHA,6.8805,-240286912.0,1.14,64.1197,67.297424,177013000000.0,0.0088728,0.98133653,0.40065885,0.8748714,337194220,1934.3756,1930.0996
498498,2022/8/22,600436.SHA,13.1923,-3713161472.0,2.18,-9.316,67.07501,176446000000.0,0.009149884,0.97483414,0.2544257,0.8771352,434000227,1917.2717,1923.9159
498499,2022/8/23,600436.SHA,13.1923,-3713161472.0,2.18,-9.316,66.7631,175626000000.0,0.009149884,0.976518,0.28421485,0.8743057,429514841,1924.2449,1914.9694
498500,2022/8/24,600436.SHA,13.1923,-3713161472.0,2.18,-9.316,66.41908,174721000000.0,0.009149884,0.977058,0.5904135,0.8737405,432304196,1907.7332,1905.1017
498501,2022/8/25,600436.SHA,13.1923,-3713161472.0,2.18,-9.316,66.57962,175143000000.0,0.009149884,0.97083807,0.57360196,0.8735113,411912204,1907.9304,1909.7067
498502,2022/8/26,600436.SHA,13.1923,-3713161472.0,2.18,-9.316,67.42821,177375000000.0,0.009149884,0.9972863,0.7287474,0.8852863,541310668,1920.7583,1934.0466
498503,2022/8/29,600436.SHA,13.1923,-3713161472.0,2.18,-9.316,66.76081,175620000000.0,0.009149884,0.9921268,0.61661536,0.8964527,387628576,1915.364,1914.9036
498504,2022/8/30,600436.SHA,13.1923,-3713161472.0,2.18,-9.316,66.13469,173973000000.0,0.009149884,0.98598105,0.62251383,0.897294,381367987,1909.0488,1896.9446
498505,2022/8/31,600436.SHA,13.1923,-3713161472.0,2.18,-9.316,69.03135,181592000000.0,0.009149884,1.0339746,0.9296987,0.93564254,1326802444,1889.0504,1980.0297
498506,2022/9/1,600436.SHA,13.1923,-3713161472.0,2.18,-9.316,68.414406,179970000000.0,0.009149884,1.0300415,0.86528605,0.9430328,560776467,1973.517,1962.3337
498507,2022/9/2,600436.SHA,13.1923,-3713161472.0,2.18,-9.316,67.91213,178648000000.0,0.009149884,1.0200137,0.79455143,0.94840294,560787924,1965.2283,1947.927
498508,2022/9/5,600436.SHA,13.1923,-3713161472.0,2.18,-9.316,67.42821,177375000000.0,0.009149884,1.0,0.5817977,0.9549734,773079003,1935.2307,1934.0466
498509,2022/9/6,600436.SHA,13.1923,-3713161472.0,2.18,-9.316,67.43279,177387000000.0,0.009149884,1.0100656,0.6646878,0.95373595,378154658,1927.7314,1934.1782
498510,2022/9/7,600436.SHA,13.1923,-3713161472.0,2.18,-9.316,66.85025,175855000000.0,0.009149884,1.0108198,0.6671443,0.95255625,417653722,1926.1526,1917.4691
498511,2022/9/8,600436.SHA,13.1923,-3713161472.0,2.18,-9.316,67.37087,177224000000.0,0.009149884,0.975946,0.17440197,0.9397098,592733730,1924.9027,1932.4021
498512,2022/9/9,600436.SHA,13.1923,-3713161472.0,2.18,-9.316,68.37083,179855000000.0,0.009149884,0.99936306,0.2855099,0.9399755,562352020,1940.625,1961.0839
498513,2022/9/13,600436.SHA,13.1923,-3713161472.0,2.18,-9.316,69.26299,182202000000.0,0.009149884,1.0198913,0.6441994,0.94302636,615805950,1966.6754,1986.6738
498514,2022/9/14,600436.SHA,13.1923,-3713161472.0,2.18,-9.316,68.870804,181170000000.0,0.009149884,1.0213945,0.76107824,0.9352665,426611509,1972.5961,1975.4247
498515,2022/9/15,600436.SHA,13.1923,-3713161472.0,2.18,-9.316,68.47404,180126000000.0,0.009149884,1.0154411,0.8492031,0.93583983,456655488,1970.2278,1964.0441
498516,2022/9/16,600436.SHA,13.1923,-3713161472.0,2.18,-9.316,67.24473,176893000000.0,0.009149884,1.0059009,0.880286,0.94732547,794287204,1951.4794,1928.7839
498517,2022/9/19,600436.SHA,13.1923,-3713161472.0,2.18,-9.316,66.39614,174660000000.0,0.009149884,0.98553187,0.84810126,0.947991,552850650,1920.8899,1904.4438
498518,2022/9/20,600436.SHA,13.1923,-3713161472.0,2.18,-9.316,66.36174,174570000000.0,0.009149884,0.97061485,0.762031,0.9472075,400839449,1909.9697,1903.4572
498519,2022/9/21,600436.SHA,13.1923,-3713161472.0,2.18,-9.316,64.465034,169580000000.0,0.009149884,0.93072844,0.30725345,0.95436954,830165554,1899.839,1849.0538
498520,2022/9/22,600436.SHA,13.1923,-3713161472.0,2.18,-9.316,59.825333,157375000000.0,0.009149884,0.86866033,0.020786632,0.9700489,1584920585,1837.8706,1715.973
498521,2022/9/23,600436.SHA,13.1923,-3713161472.0,2.18,-9.316,57.953857,152452000000.0,0.009149884,0.84636253,0.017111428,0.978407,1129359130,1690.6462,1662.2933
498522,2022/9/26,600436.SHA,13.1923,-3713161472.0,2.18,-9.316,56.600708,148893000000.0,0.009149884,0.8417121,0.011815034,0.9814815,1045895901,1638.0192,1623.4808
498523,2022/9/27,600436.SHA,13.1923,-3713161472.0,2.18,-9.316,60.563835,159318000000.0,0.009149884,0.9121589,0.027676027,0.98636824,1429818330,1628.8093,1737.1554
498524,2022/9/28,600436.SHA,13.1923,-3713161472.0,2.18,-9.316,59.97441,157767000000.0,0.009149884,0.9037498,0.09499593,0.9890244,859415614,1731.4323,1720.249
498525,2022/9/29,600436.SHA,13.1923,-3713161472.0,2.18,-9.316,61.029408,160543000000.0,0.009149884,0.9467055,0.54900366,0.98942876,887281319,1742.4182,1750.5095
498526,2022/9/30,600436.SHA,13.1923,-3713161472.0,2.18,-9.316,61.189953,160965000000.0,0.009149884,1.0228101,0.9192597,0.98576945,562880141,1747.8782,1755.1145
498527,2022/10/10,600436.SHA,13.1923,-3713161472.0,2.18,-9.316,58.249718,153231000000.0,0.009149884,1.0051051,0.87441576,0.9833503,821047124,1743.9312,1670.7795
498528,2022/10/11,600436.SHA,13.1923,-3713161472.0,2.18,-9.316,57.983673,152531000000.0,0.009149884,1.0244337,0.8771324,0.9797078,462203344,1677.7526,1663.1486
498529,2022/10/12,600436.SHA,13.1923,-3713161472.0,2.18,-9.316,58.277237,153303000000.0,0.009149884,0.96224487,0.4090909,0.971811,668413849,1663.1486,1671.5688
498530,2022/10/13,600436.SHA,13.1923,-3713161472.0,2.18,-9.316,58.896477,154932000000.0,0.009149884,0.98202676,0.2780933,0.96634907,570586481,1664.7274,1689.3306
498531,2022/10/14,600436.SHA,13.1923,-3713161472.0,2.18,-9.316,62.027073,163167000000.0,0.009149884,1.0163473,0.3152989,0.9671932,1150514654,1690.8436,1779.1256
498532,2022/10/17,600436.SHA,13.1923,-3713161472.0,2.18,-9.316,61.595898,162033000000.0,0.009149884,1.0066341,0.12705167,0.96455336,562840887,1779.0598,1766.7582
498533,2022/10/18,600436.SHA,13.1923,-3713161472.0,2.18,-9.316,62.462833,164313000000.0,0.009149884,1.0723284,0.4415637,0.9607208,689131885,1769.5869,1791.6245
498534,2022/10/19,600436.SHA,13.1923,-3713161472.0,2.18,-9.316,60.11202,158129000000.0,0.009149884,1.036706,0.3137017,0.96297795,730003191,1776.1653,1724.196
498535,2022/10/20,600436.SHA,13.1923,-3713161472.0,2.18,-9.316,59.923954,157635000000.0,0.009149884,1.0282567,0.4655068,0.9599677,576471642,1698.6061,1718.8018
498536,2022/10/21,600436.SHA,13.1923,-3713161472.0,2.18,-9.316,59.02491,155270000000.0,0.009149884,1.0021807,0.29795834,0.96079224,629856677,1718.8018,1693.0144
498537,2022/10/24,600436.SHA,19.9248,-4067105024.0,3.4,18.0858,56.51826,139740000000.0,0.008325494,0.85642445,0.011721908,0.9721099,1889734933,1634.7299,1523.6866
498538,2022/10/25,600436.SHA,19.9248,-4067105024.0,3.4,18.0858,55.634933,137556000000.0,0.008325494,0.8489407,0.01577032,0.9781774,938216385,1513.0297,1499.8729
498539,2022/10/26,600436.SHA,19.9248,-4067105024.0,3.4,18.0858,57.382065,141876000000.0,0.008325494,0.8634478,0.0179907,0.97818625,999258886,1508.2274,1546.9742
498540,2022/10/27,600436.SHA,19.9248,-4067105024.0,3.4,18.0858,56.610985,139970000000.0,0.008325494,0.88515836,0.035137318,0.9757674,661767968,1552.5,1526.1865
498541,2022/10/28,600436.SHA,19.9248,-4067105024.0,3.4,18.0858,55.691055,137695000000.0,0.008325494,0.8735074,0.05187727,0.97476786,604019236,1493.3604,1501.386
498542,2022/10/31,600436.SHA,19.9248,-4067105024.0,3.4,18.0858,55.634933,137556000000.0,0.008325494,0.88591856,0.075323105,0.97314215,643093678,1487.9003,1499.8729
498543,2022/11/1,600436.SHA,19.9248,-4067105024.0,3.4,18.0858,59.20484,146383000000.0,0.008325494,1.0475348,0.76716477,0.964884,1135135069,1504.6094,1596.1147
498544,2022/11/2,600436.SHA,19.9248,-4067105024.0,3.4,18.0858,60.905613,150588000000.0,0.008325494,1.0947368,0.8599112,0.9624849,988982272,1591.9703,1641.9662
498545,2022/11/3,600436.SHA,19.9248,-4067105024.0,3.4,18.0858,60.444427,149448000000.0,0.008325494,1.0533679,0.8197217,0.9546371,460031532,1624.9281,1629.533
498546,2022/11/4,600436.SHA,19.9248,-4067105024.0,3.4,18.0858,62.18668,153755000000.0,0.008325494,1.0984913,0.88633615,0.955278,717855778,1629.533,1676.5027
498547,2022/11/7,600436.SHA,19.9248,-4067105024.0,3.4,18.0858,62.830875,155348000000.0,0.008325494,1.128204,0.8286002,0.9523043,560038616,1673.5424,1693.8696
498548,2022/11/8,600436.SHA,19.9248,-4067105024.0,3.4,18.0858,62.94556,155632000000.0,0.008325494,1.1314034,0.8788001,0.94889337,437597730,1693.8696,1696.9614
498549,2022/11/9,600436.SHA,19.9248,-4067105024.0,3.4,18.0858,62.5771,154721000000.0,0.008325494,1.0569592,0.7212719,0.9360032,427075419,1694.2644,1687.0281
498550,2022/11/10,600436.SHA,19.9248,-4067105024.0,3.4,18.0858,62.664944,154938000000.0,0.008325494,1.0288862,0.62952536,0.92477876,454973499,1675.6475,1689.3964
498551,2022/11/11,600436.SHA,19.9248,-4067105024.0,3.4,18.0858,63.023643,155825000000.0,0.008325494,1.0426708,0.6999799,0.9290167,720345825,1736.3661,1699.0665
498552,2022/11/14,600436.SHA,19.9248,-4067105024.0,3.4,18.0858,64.05826,158383000000.0,0.008325494,1.0300962,0.7229934,0.9260004,571248307,1716.9598,1726.959
498553,2022/11/15,600436.SHA,19.9248,-4067105024.0,3.4,18.0858,64.578,159668000000.0,0.008325494,1.0278069,0.6846974,0.92360276,555394360,1726.959,1740.971
498554,2022/11/16,600436.SHA,19.9248,-4067105024.0,3.4,18.0858,64.607285,159740000000.0,0.008325494,1.0263995,0.65553993,0.92303056,526902053,1736.7607,1741.7604
498555,2022/11/17,600436.SHA,19.9248,-4067105024.0,3.4,18.0858,64.216866,158775000000.0,0.008325494,1.026204,0.5899497,0.9256431,584344194,1733.932,1731.2349
498556,2022/11/18,600436.SHA,19.9248,-4067105024.0,3.4,18.0858,64.17294,158666000000.0,0.008325494,1.0240644,0.6215075,0.9244525,464790604,1730.7744,1730.0508
498557,2022/11/21,600436.SHA,19.9248,-4067105024.0,3.4,18.0858,63.633675,157333000000.0,0.008325494,1.0096794,0.5170751,0.9174533,341637795,1716.9598,1715.5126
498558,2022/11/22,600436.SHA,19.9248,-4067105024.0,3.4,18.0858,62.555138,154666000000.0,0.008325494,0.9765351,0.23388878,0.9204979,524421057,1707.0922,1686.436
498559,2022/11/23,600436.SHA,19.9248,-4067105024.0,3.4,18.0858,62.098835,153538000000.0,0.008325494,0.96160966,0.34443998,0.91776973,383226102,1684.0679,1674.1345
498560,2022/11/24,600436.SHA,19.9248,-4067105024.0,3.4,18.0858,61.78162,152754000000.0,0.008325494,0.9562639,0.23676825,0.91481256,315775953,1677.3579,1665.5825
498561,2022/11/25,600436.SHA,19.9248,-4067105024.0,3.4,18.0858,61.7987,152796000000.0,0.008325494,0.96234375,0.42212868,0.9060873,318324143,1665.6483,1666.0431
498562,2022/11/28,600436.SHA,19.9248,-4067105024.0,3.4,18.0858,60.742123,150184000000.0,0.008325494,0.94653785,0.2752753,0.9161329,528841211,1638.0848,1637.5586
498563,2022/11/29,600436.SHA,19.9248,-4067105024.0,3.4,18.0858,62.1574,153683000000.0,0.008325494,0.9768003,0.42497,0.9226,527761344,1631.4407,1675.7133
498564,2022/11/30,600436.SHA,19.9248,-4067105024.0,3.4,18.0858,62.211082,153816000000.0,0.008325494,0.9944999,0.46309263,0.91278255,388948694,1675.8448,1677.1605
498565,2022/12/1,600436.SHA,19.9248,-4067105024.0,3.4,18.0858,63.19689,156253000000.0,0.008325494,1.0176823,0.5961192,0.919,643559509,1700.5796,1703.7372
498566,2022/12/2,600436.SHA,19.9248,-4067105024.0,3.4,18.0858,63.375023,156694000000.0,0.008325494,1.0257909,0.65653133,0.9258148,528597458,1693.6722,1708.5394
498567,2022/12/5,600436.SHA,19.9248,-4067105024.0,3.4,18.0858,64.5658,159638000000.0,0.008325494,1.0447761,0.6826731,0.92978597,615166182,1720.249,1740.642
498568,2022/12/6,600436.SHA,19.9248,-4067105024.0,3.4,18.0858,66.691154,164893000000.0,0.008325494,1.0979393,0.9053811,0.9396,1122975290,1740.7078,1797.9398
498569,2022/12/7,600436.SHA,19.9248,-4067105024.0,3.4,18.0858,65.949356,163059000000.0,0.008325494,1.0610057,0.8528,0.9430228,748447024,1795.9005,1777.9414
498570,2022/12/8,600436.SHA,19.9248,-4067105024.0,3.4,18.0858,65.60042,162196000000.0,0.008325494,1.0544813,0.82666934,0.94684255,521397186,1774.3892,1768.5344
498571,2022/12/9,600436.SHA,19.9248,-4067105024.0,3.4,18.0858,66.61552,164706000000.0,0.008325494,1.0540948,0.86745304,0.94864106,686621521,1768.9291,1795.9005
498572,2022/12/12,600436.SHA,19.9248,-4067105024.0,3.4,18.0858,69.62175,172138000000.0,0.008325494,1.0985677,0.9530657,0.9604633,1248852622,1809.123,1876.9463
498573,2022/12/13,600436.SHA,19.9248,-4067105024.0,3.4,18.0858,68.6579,169755000000.0,0.008325494,1.0633787,0.91833067,0.96446395,539241607,1855.106,1850.9615
498574,2022/12/14,600436.SHA,19.9248,-4067105024.0,3.4,18.0858,69.66567,172247000000.0,0.008325494,1.0446013,0.8885783,0.96147704,705297636,1851.0273,1878.1304
498575,2022/12/15,600436.SHA,19.9248,-4067105024.0,3.4,18.0858,71.20296,176048000000.0,0.008325494,1.0796611,0.95928144,0.9666933,971403983,1881.4196,1919.5742
498576,2022/12/16,600436.SHA,19.9248,-4067105024.0,3.4,18.0858,71.35668,176428000000.0,0.008325494,1.0877473,0.96251243,0.9693166,816327051,1907.7332,1923.7186
498577,2022/12/19,600436.SHA,19.9248,-4067105024.0,3.4,18.0858,69.69251,172313000000.0,0.008325494,1.0461905,0.9519442,0.97648466,1018414528,1945.6904,1878.854
498578,2022/12/20,600436.SHA,19.9248,-4067105024.0,3.4,18.0858,68.27236,168802000000.0,0.008325494,0.98061824,0.78616977,0.97051203,635396577,1869.1837,1840.5677
498579,2022/12/21,600436.SHA,19.9248,-4067105024.0,3.4,18.0858,70.51728,174353000000.0,0.008325494,1.0270817,0.94934183,0.9750797,698807092,1844.5806,1901.0889
498580,2022/12/22,600436.SHA,19.9248,-4067105024.0,3.4,18.0858,70.253746,173701000000.0,0.008325494,1.0084413,0.9430619,0.97513425,552891159,1910.4303,1893.9843
498581,2022/12/23,600436.SHA,19.9248,-4067105024.0,3.4,18.0858,70.65392,174690000000.0,0.008325494,0.99228925,0.91209227,0.97217804,515395201,1879.1171,1904.7728
498582,2022/1/10,600438.SHA,18.071,-392135424.0,1.3206,40.6261,30.316425,188570000000.0,0.003596463,0.99501187,0.42153713,0.9935788,1649806421,462.72034,460.41223
498583,2022/1/11,600438.SHA,18.071,-392135424.0,1.3206,40.6261,29.527576,183663000000.0,0.003596463,0.9074733,0.12157534,0.9907962,1572818017,459.64285,448.43207
498584,2022/1/12,600438.SHA,18.071,-392135424.0,1.3206,40.6261,30.76513,191361000000.0,0.003596463,0.99976486,0.5447346,0.98865825,2411480810,452.71854,467.22665
498585,2022/1/13,600438.SHA,18.071,-392135424.0,1.3206,40.6261,29.737453,184969000000.0,0.003596463,0.9846633,0.362722,0.9884492,1618473227,466.12753,451.61945
498586,2022/1/14,600438.SHA,18.071,-392135424.0,1.3206,40.6261,29.976278,186454000000.0,0.003596463,0.9885441,0.59135646,0.9871685,1280142361,448.98163,455.24646
498587,2022/1/17,600438.SHA,18.071,-392135424.0,1.3206,40.6261,30.063126,186994000000.0,0.003596463,0.9866984,0.3160034,0.9863072,1570361338,458.8735,456.5654
498588,2022/1/18,600438.SHA,18.071,-392135424.0,1.3206,40.6261,29.87496,185824000000.0,0.003596463,0.98543805,0.47733104,0.9852533,1295431130,455.13657,453.70773
498589,2022/1/19,600438.SHA,18.071,-392135424.0,1.3206,40.6261,29.317698,182358000000.0,0.003596463,0.99289215,0.50213766,0.984188,1244154228,451.39963,445.2447
498590,2022/1/20,600438.SHA,18.071,-392135424.0,1.3206,40.6261,28.948605,180062000000.0,0.003596463,0.94095504,0.3619658,0.9775689,1274090586,447.11316,439.63928
498591,2022/1/21,600438.SHA,18.071,-392135424.0,1.3206,40.6261,28.90518,179792000000.0,0.003596463,0.9720127,0.6235847,0.9750107,1228861592,438.5402,438.97983
498592,2022/1/24,600438.SHA,18.071,-392135424.0,1.3206,40.6261,29.556524,183843000000.0,0.003596463,0.98599714,0.6888082,0.97652084,1317554155,439.08972,448.8717
498593,2022/1/25,600438.SHA,18.071,-392135424.0,1.3206,40.6261,28.116331,174885000000.0,0.003596463,0.9352431,0.68503094,0.9769526,1598384678,444.03568,426.99966
498594,2022/1/26,600438.SHA,18.071,-392135424.0,1.3206,40.6261,28.984789,180287000000.0,0.003596463,0.9702035,0.81430095,0.9807898,1384136108,434.69333,440.18884
498595,2022/1/27,600438.SHA,18.071,-392135424.0,1.3206,40.6261,28.000538,174165000000.0,0.003596463,0.9550728,0.85025597,0.9837918,1236830372,437.00143,425.2411
498596,2022/1/28,600438.SHA,18.071,-392135424.0,1.3206,40.6261,27.030758,168133000000.0,0.003596463,0.93375003,0.48816884,0.9863598,1650789058,430.51675,410.51318
498597,2022/2/7,600438.SHA,18.071,-392135424.0,1.3206,40.6261,28.840046,179387000000.0,0.003596463,0.9977466,0.806266,0.98849595,2098664708,417.7672,437.99063
498598,2022/2/8,600438.SHA,18.071,-392135424.0,1.3206,40.6261,28.04396,174435000000.0,0.003596463,0.94882464,0.31834647,0.98998934,1657460897,439.41946,425.90054
498599,2022/2/9,600438.SHA,18.071,-392135424.0,1.3206,40.6261,28.224888,175560000000.0,0.003596463,1.003861,0.2968484,0.9893572,1458256145,424.36182,428.6483
498600,2022/2/10,600438.SHA,18.071,-392135424.0,1.3206,40.6261,27.920929,173670000000.0,0.003596463,0.9632958,0.17,0.9880927,1490612616,428.6483,424.03207
498601,2022/2/11,600438.SHA,18.071,-392135424.0,1.3206,40.6261,27.428802,170609000000.0,0.003596463,0.9795813,0.20646396,0.98640037,1120940509,417.65732,416.55823
498602,2022/2/14,600438.SHA,18.071,-392135424.0,1.3206,40.6261,20.551382,168583000000.0,0.003596463,1.0026773,0.37901,0.9864032,1566708732,415.78885,411.61227
498603,2022/2/15,600438.SHA,18.071,-392135424.0,1.3206,40.6261,21.204416,173940000000.0,0.003596463,0.96963614,0.18988955,0.9853441,1745011484,413.26093,424.69156
498604,2022/2/16,600438.SHA,18.071,-392135424.0,1.3206,40.6261,21.0782,172904000000.0,0.003596463,0.9912258,0.37985978,0.98322004,1087486378,429.7474,422.1636
498605,2022/2/17,600438.SHA,18.071,-392135424.0,1.3206,40.6261,21.758673,178486000000.0,0.003596463,1.0166668,0.78632116,0.98577493,1979816011,421.61407,435.79245
498606,2022/2/18,600438.SHA,18.071,-392135424.0,1.3206,40.6261,21.434898,175830000000.0,0.003596463,1.0124418,0.6911484,0.9868393,1298747649,431.39606,429.30777
498607,2022/2/21,600438.SHA,18.071,-392135424.0,1.3206,40.6261,21.714771,178126000000.0,0.003596463,1.0440633,0.66369426,0.9878981,1129099463,430.29694,434.91315
498608,2022/2/22,600438.SHA,18.071,-392135424.0,1.3206,40.6261,22.944012,188210000000.0,0.003596463,1.1164219,0.93395627,0.99214435,3684142590,430.73657,459.53296
498609,2022/2/23,600438.SHA,18.071,-392135424.0,1.3206,40.6261,23.580584,193432000000.0,0.003596463,1.1120601,0.91698515,0.99342245,3116132769,459.53296,472.2825
498610,2022/2/24,600438.SHA,18.071,-392135424.0,1.3206,40.6261,23.11413,189605000000.0,0.003596463,1.0965894,0.92851084,0.99448454,3283467124,461.62125,462.94016
498611,2022/2/25,600438.SHA,18.071,-392135424.0,1.3206,40.6261,23.097668,189470000000.0,0.003596463,1.0615385,0.86762834,0.9946989,2280536349,472.83203,462.61044
498612,2022/2/28,600438.SHA,18.071,-392135424.0,1.3206,40.6261,23.54217,193116000000.0,0.003596463,1.0983102,0.9295864,0.9946989,1757165585,467.00684,471.51312
498613,2022/3/1,600438.SHA,18.071,-392135424.0,1.3206,40.6261,23.789116,195142000000.0,0.003596463,1.0955269,0.9351283,0.995338,3139452221,483.27347,476.45908
498614,2022/3/2,600438.SHA,18.071,-392135424.0,1.3206,40.6261,24.15679,198158000000.0,0.003596463,1.0528581,0.81983894,0.9947034,2321383187,473.71133,483.82303
498615,2022/3/3,600438.SHA,18.071,-392135424.0,1.3206,40.6261,23.712288,194512000000.0,0.003596463,1.0055853,0.6387712,0.99364406,1728037365,482.50412,474.92032
498616,2022/3/4,600438.SHA,18.071,-392135424.0,1.3206,40.6261,23.443392,192306000000.0,0.003596463,1.014245,0.5981783,0.99195087,1359036942,467.44647,469.53476
498617,2022/3/7,600438.SHA,18.071,-392135424.0,1.3206,40.6261,23.18547,190190000000.0,0.003596463,1.0038013,0.6959746,0.9908956,1616976504,467.00684,464.369
498618,2022/3/8,600438.SHA,18.071,-392135424.0,1.3206,40.6261,23.481806,192621000000.0,0.003596463,0.99743587,0.83474576,0.9915254,2259434618,464.369,470.3041
498619,2022/3/9,600438.SHA,18.071,-392135424.0,1.3206,40.6261,23.789116,195142000000.0,0.003596463,1.0,0.89232725,0.990886,3185143341,478.10773,476.45908
498620,2022/3/10,600438.SHA,18.071,-392135424.0,1.3206,40.6261,24.617756,201939000000.0,0.003596463,1.0190822,0.90803134,0.99385464,5188503707,508.88248,493.05545
498621,2022/3/11,600438.SHA,18.071,-392135424.0,1.3206,40.6261,24.996407,205046000000.0,0.003596463,1.0541542,0.94491524,0.99534,3203179123,484.26266,500.63922
498622,2022/3/14,600438.SHA,18.071,-392135424.0,1.3206,40.6261,24.15679,198158000000.0,0.003596463,1.0304307,0.93480104,0.9957681,2137543853,494.59418,483.82303
498623,2022/3/15,600438.SHA,18.071,-392135424.0,1.3206,40.6261,24.129353,197933000000.0,0.003596463,1.0407101,0.9532473,0.9964044,3176710944,477.44827,483.27347
498624,2022/3/16,600438.SHA,18.071,-392135424.0,1.3206,40.6261,25.023844,205271000000.0,0.003596463,1.0656695,0.92047375,0.9966166,3426826047,491.2969,501.18878
498625,2022/3/17,600438.SHA,18.071,-392135424.0,1.3206,40.6261,24.51349,201084000000.0,0.003596463,1.0304497,0.7923451,0.99598306,3453112765,504.26627,490.96716
498626,2022/3/18,600438.SHA,18.071,-392135424.0,1.3206,40.6261,24.310446,199419000000.0,0.003596463,0.98751676,0.5552971,0.99344885,1543875792,485.8014,486.9005
498627,2022/3/21,600438.SHA,18.071,-392135424.0,1.3206,40.6261,24.573854,201579000000.0,0.003596463,0.9830955,0.48087895,0.99197465,1748603388,485.8014,492.17618
498628,2022/3/22,600438.SHA,18.071,-392135424.0,1.3206,40.6261,24.529953,201219000000.0,0.003596463,1.0154475,0.5386402,0.99198145,2380614663,498.99057,491.2969
498629,2022/3/23,600438.SHA,18.071,-392135424.0,1.3206,40.6261,24.178741,198338000000.0,0.003596463,1.0020468,0.07151899,0.9909302,1568332105,496.24283,484.26266
498630,2022/3/24,600438.SHA,18.071,-392135424.0,1.3206,40.6261,23.245834,190686000000.0,0.003596463,0.9289474,0.034817472,0.9911411,2279523857,479.42664,465.578
498631,2022/3/25,600438.SHA,18.071,-392135424.0,1.3206,40.6261,22.658651,185869000000.0,0.003596463,0.92433405,0.06710277,0.9896668,1563651493,468.21582,453.81766
498632,2022/3/28,600438.SHA,18.071,-392135424.0,1.3206,40.6261,23.7068,194467000000.0,0.003596463,0.9751693,0.37824163,0.99262226,2799898672,460.52216,474.81042
498633,2022/3/29,600438.SHA,18.071,-392135424.0,1.3206,40.6261,23.926308,196268000000.0,0.003596463,0.97364897,0.5539629,0.99326175,2211614004,475.6897,479.20682
498634,2022/3/30,600438.SHA,18.071,-392135424.0,1.3206,40.6261,24.524466,201174000000.0,0.003596463,0.99977624,0.6544536,0.9928436,2200552511,483.4933,491.18698
498635,2022/3/31,600438.SHA,18.071,-392135424.0,1.3206,40.6261,23.426928,192171000000.0,0.003596463,0.96890604,0.4047619,0.9932589,2093890488,484.81223,469.20502
498636,2022/4/1,600438.SHA,18.071,-392135424.0,1.3206,40.6261,23.772652,195007000000.0,0.003596463,1.0226629,0.7344079,0.9932603,1869916435,469.42484,476.12933
498637,2022/4/6,600438.SHA,18.071,-392135424.0,1.3206,40.6261,22.719017,186364000000.0,0.003596463,1.0026641,0.49220395,0.99368024,2376747391,472.50232,455.02664
498638,2022/4/7,600438.SHA,18.071,-392135424.0,1.3206,40.6261,22.680603,186049000000.0,0.003596463,0.95671296,0.27876106,0.9907349,1192673087,448.43207,454.2573
498639,2022/4/8,600438.SHA,18.071,-392135424.0,1.3206,40.6261,22.42817,183978000000.0,0.003596463,0.9373853,0.18298589,0.9888421,1430842072,454.3672,449.20145
498640,2022/4/11,600438.SHA,18.071,-392135424.0,1.3206,40.6261,21.45685,176011000000.0,0.003596463,0.87491614,0.152032,0.988421,1525779518,446.23386,429.7474
498641,2022/4/12,600438.SHA,18.071,-392135424.0,1.3206,40.6261,21.758673,178486000000.0,0.003596463,0.92878896,0.30808082,0.98800755,1167226777,428.6483,435.79245
498642,2022/4/13,600438.SHA,18.071,-392135424.0,1.3206,40.6261,21.566603,176911000000.0,0.003596463,0.90720224,0.2767613,0.9865433,1079441409,434.03387,431.9456
498643,2022/4/14,600438.SHA,18.071,-392135424.0,1.3206,40.6261,21.588554,177091000000.0,0.003596463,0.95024157,0.5652722,0.9804581,1148319293,437.33118,432.38522
498644,2022/4/15,600438.SHA,18.071,-392135424.0,1.3206,40.6261,21.67087,177766000000.0,0.003596463,0.9554803,0.5528917,0.9789739,1110809607,427.5492,434.03387
498645,2022/4/18,600438.SHA,18.071,-392135424.0,1.3206,40.6261,22.115372,181412000000.0,0.003596463,0.98605335,0.68966967,0.97854435,1235224958,430.51675,442.93658
498646,2022/4/19,600438.SHA,18.071,-392135424.0,1.3206,40.6261,21.923302,179837000000.0,0.003596463,1.0217391,0.69674027,0.9785624,1215840840,443.37622,439.08972
498647,2022/4/20,600438.SHA,18.071,-392135424.0,1.3206,40.6261,21.500751,176371000000.0,0.003596463,0.98814625,0.6406053,0.9787815,947215893,434.80325,430.62668
498648,2022/4/21,600438.SHA,18.071,-392135424.0,1.3206,40.6261,20.545893,168538000000.0,0.003596463,0.9526718,0.5134397,0.98257035,1764547135,426.4501,411.50238
498649,2022/4/22,600438.SHA,18.071,-392135424.0,1.3206,40.6261,20.211145,165792000000.0,0.003596463,0.9361973,0.50388575,0.9846735,1119526310,406.77625,404.79788
498650,2022/4/25,600438.SHA,18.071,-392135424.0,1.3206,40.6261,19.300188,158319000000.0,0.003596463,0.8906052,0.6057107,0.986773,1655915559,396.115,386.55283
498651,2022/4/26,600438.SHA,12.6968,-12238475264.0,1.1539,129.5176,13.097647,164442000000.0,0.00354341,0.9064516,0.827521,0.9905561,2362904436,399.6321,401.50058
498652,2022/4/27,600438.SHA,12.6968,-12238475264.0,1.1539,129.5176,14.27726,179252000000.0,0.00354341,0.99674594,0.94749004,0.9920235,2740602211,402.26993,437.6609
498653,2022/4/28,600438.SHA,12.6968,-12238475264.0,1.1539,129.5176,14.234234,178711000000.0,0.00354341,1.013272,0.95036805,0.9930643,2311257249,431.39606,436.34198
498654,2022/4/29,600438.SHA,12.6968,-12238475264.0,1.1539,129.5176,14.7361965,185014000000.0,0.00354341,1.0977564,0.96003366,0.9928541,2354883425,439.52936,451.72937
498655,2022/5/5,600438.SHA,12.6968,-12238475264.0,1.1539,129.5176,14.59995,183303000000.0,0.00354341,1.1056204,0.94473964,0.9932002,1788424356,455.79602,447.5528
498656,2022/5/6,600438.SHA,12.6968,-12238475264.0,1.1539,129.5176,14.191209,178171000000.0,0.00354341,1.125391,0.87658226,0.9928285,1140633383,437.99063,435.02307
498657,2022/5/9,600438.SHA,12.6968,-12238475264.0,1.1539,129.5176,14.169696,177901000000.0,0.00354341,1.0818505,0.53122365,0.9919831,1067434502,433.04468,434.36362
498658,2022/5/10,600438.SHA,12.6968,-12238475264.0,1.1539,129.5176,14.3489685,180152000000.0,0.00354341,1.0050226,0.15876028,0.99072707,1623547191,428.7582,439.8591
498659,2022/5/11,600438.SHA,12.6968,-12238475264.0,1.1539,129.5176,14.5856085,183123000000.0,0.00354341,1.0246851,0.15152793,0.9894715,2080606059,441.61765,447.11316
498660,2022/5/12,600438.SHA,12.6968,-12238475264.0,1.1539,129.5176,14.4350195,181232000000.0,0.00354341,0.97956204,0.10572873,0.9886268,1233518094,440.73837,442.49695
498661,2022/5/13,600438.SHA,12.6968,-12238475264.0,1.1539,129.5176,14.467288,181637000000.0,0.00354341,0.9909135,0.13178948,0.98842347,1374784356,447.33298,443.4861
498662,2022/5/16,600438.SHA,12.6968,-12238475264.0,1.1539,129.5176,14.241405,178801000000.0,0.00354341,1.003537,0.11705263,0.98778945,1313868851,444.03568,436.5618
498663,2022/5/17,600438.SHA,12.6968,-12238475264.0,1.1539,129.5176,15.094742,189515000000.0,0.00354341,1.0652834,0.7667859,0.9905283,3057105309,444.4753,462.72034
498664,2022/5/18,600438.SHA,12.6968,-12238475264.0,1.1539,129.5176,15.030204,188705000000.0,0.00354341,1.0474763,0.7275216,0.99115604,1817647660,463.81943,460.74197
498665,2022/5/19,600438.SHA,12.6968,-12238475264.0,1.1539,129.5176,16.28511,204460000000.0,0.00354341,1.1165191,0.92816514,0.9949463,5066629637,453.92755,499.2104
498666,2022/5/20,600438.SHA,12.6968,-12238475264.0,1.1539,129.5176,16.493067,207071000000.0,0.00354341,1.1425732,0.94653755,0.996633,3660539002,499.2104,505.58517
498667,2022/5/23,600438.SHA,12.6968,-12238475264.0,1.1539,129.5176,16.40343,205946000000.0,0.00354341,1.133829,0.93075144,0.9966323,2537717987,505.58517,502.83743
498668,2022/5/24,600438.SHA,12.6968,-12238475264.0,1.1539,129.5176,16.12018,202390000000.0,0.00354341,1.1319234,0.96105266,0.99684274,2558934491,502.94733,494.15454
498669,2022/5/25,600438.SHA,12.6968,-12238475264.0,1.1539,129.5176,16.195475,203335000000.0,0.00354341,1.0729216,0.87400085,0.99663585,1854266453,496.7924,496.46265
498670,2022/5/26,600438.SHA,12.6968,-12238475264.0,1.1539,129.5176,16.130938,202525000000.0,0.00354341,1.0732347,0.8962185,0.99684876,1754600980,498.88068,494.48428
498671,2022/5/27,600438.SHA,12.6968,-12238475264.0,1.1539,129.5176,16.016203,201084000000.0,0.00354341,0.9834875,0.31862128,0.99453896,1861446448,496.7924,490.96716
498672,2022/5/30,600438.SHA,12.6968,-12238475264.0,1.1539,129.5176,15.697098,197078000000.0,0.00354341,0.9715308,0.2556675,0.9928631,1513086604,494.333,491.19156
498673,2022/5/31,600438.SHA,12.6968,-12238475264.0,1.1539,129.5176,16.202646,203425000000.0,0.00354341,1.0083003,0.6197065,0.9928766,3119262979,504.8794,507.0111
498674,2022/6/1,600438.SHA,12.6968,-12238475264.0,1.1539,129.5176,16.141693,202660000000.0,0.00354341,1.0221575,0.25932133,0.9932984,2213426563,506.45013,505.1038
498675,2022/6/2,600438.SHA,12.6968,-12238475264.0,1.1539,129.5176,16.984274,213238000000.0,0.00354341,1.070513,0.7277487,0.99455726,3534015008,510.48917,531.4697
498676,2022/6/6,600438.SHA,12.6968,-12238475264.0,1.1539,129.5176,17.62607,221296000000.0,0.00354341,1.11541,0.8236523,0.9958229,4141296175,527.6551,551.5527
498677,2022/6/7,600438.SHA,12.6968,-12238475264.0,1.1539,129.5176,17.945173,225302000000.0,0.00354341,1.1437386,0.89311063,0.9979123,5685070874,569.95276,561.5381
498678,2022/6/8,600438.SHA,12.6968,-12238475264.0,1.1539,129.5176,18.128033,227598000000.0,0.00354341,1.1548653,0.934238,0.9979123,3411215533,564.45514,567.2601
498679,2022/6/9,600438.SHA,12.6968,-12238475264.0,1.1539,129.5176,18.224838,228814000000.0,0.00354341,1.1248063,0.95468783,0.9979119,3308306571,562.99664,570.2893
498680,2022/6/10,600438.SHA,12.6968,-12238475264.0,1.1539,129.5176,19.192911,240968000000.0,0.00354341,1.1890271,0.9787234,0.9983316,4995356985,561.0893,600.5821
498681,2022/6/13,600438.SHA,12.6968,-12238475264.0,1.1539,129.5176,19.210838,241193000000.0,0.00354341,1.1310956,0.9481142,0.9983347,5024688910,600.4699,601.14307
498682,2022/6/14,600438.SHA,12.6968,-12238475264.0,1.1539,129.5176,19.218008,241283000000.0,0.00354341,1.0903174,0.92397416,0.99854195,4753897709,592.7284,601.36743
498683,2022/6/15,600438.SHA,12.6968,-12238475264.0,1.1539,129.5176,18.820024,236286000000.0,0.00354341,1.0487512,0.86050385,0.99750364,3564753755,605.96747,588.91376
498684,2022/6/16,600438.SHA,12.6968,-12238475264.0,1.1539,129.5176,19.228765,241418000000.0,0.00354341,1.0607198,0.8836144,0.99729395,3690822462,587.904,601.70404
498685,2022/6/17,600438.SHA,12.6968,-12238475264.0,1.1539,129.5176,19.540699,245334000000.0,0.00354341,1.0722015,0.81683683,0.9977083,4630102526,605.8553,611.465
498686,2022/6/20,600438.SHA,12.6968,-12238475264.0,1.1539,129.5176,19.451063,244209000000.0,0.00354341,1.0134504,0.44918784,0.997501,4578589613,627.95776,608.66016
498687,2022/6/21,600438.SHA,12.6968,-12238475264.0,1.1539,129.5176,19.096104,239752000000.0,0.00354341,0.9940276,0.30141547,0.997295,4933945228,609.2211,597.5528
498688,2022/6/22,600438.SHA,12.6968,-12238475264.0,1.1539,129.5176,19.59448,246010000000.0,0.00354341,1.0195895,0.681534,0.99729055,3914179204,602.4894,613.14795
498689,2022/6/23,600438.SHA,12.6968,-12238475264.0,1.1539,129.5176,19.78451,248395000000.0,0.00354341,1.0512478,0.74348825,0.9972911,3140757678,616.9626,619.0943
498690,2022/6/24,600438.SHA,12.6968,-12238475264.0,1.1539,129.5176,20.781265,260910000000.0,0.00354341,1.0807384,0.83065695,0.99770737,5266673678,618.86993,650.28467
498691,2022/6/27,600438.SHA,12.6968,-12238475264.0,1.1539,129.5176,20.634262,259064000000.0,0.00354341,1.0559633,0.7513029,0.9968737,3368778224,652.64075,645.68463
498692,2022/6/28,600438.SHA,12.6968,-12238475264.0,1.1539,129.5176,21.161322,265681000000.0,0.00354341,1.0879263,0.8486239,0.99666387,3195457780,645.68463,662.17737
498693,2022/6/29,600438.SHA,12.6968,-12238475264.0,1.1539,129.5176,20.411963,256273000000.0,0.00354341,1.0689073,0.8652201,0.9956223,4225342924,657.46515,638.7285
498694,2022/6/30,600438.SHA,12.6968,-12238475264.0,1.1539,129.5176,21.4625,269463000000.0,0.00354341,1.095334,0.8507089,0.9962484,4946176760,638.61633,671.6018
498695,2022/7/1,600438.SHA,12.6968,-12238475264.0,1.1539,129.5176,21.39079,268562000000.0,0.00354341,1.0811888,0.8698188,0.99708575,3407884505,673.17255,669.35785
498696,2022/7/4,600438.SHA,12.6968,-12238475264.0,1.1539,129.5176,23.531303,295437000000.0,0.00354341,1.1323327,0.9537307,0.99729055,8678228528,684.3921,736.33856
498697,2022/7/5,600438.SHA,12.6968,-12238475264.0,1.1539,129.5176,24.29142,304980000000.0,0.00354341,1.1772372,0.98333335,0.998125,8696450643,750.13855,760.12396
498698,2022/7/6,600438.SHA,12.6968,-12238475264.0,1.1539,129.5176,23.441668,294311000000.0,0.00354341,1.1077601,0.96459806,0.9985429,5305137763,751.7093,733.5336
498699,2022/7/7,600438.SHA,12.6968,-12238475264.0,1.1539,129.5176,23.233711,291700000000.0,0.00354341,1.13824,0.9556527,0.9989594,5185950520,734.88,727.0263
498700,2022/7/8,600438.SHA,12.6968,-12238475264.0,1.1539,129.5176,22.850069,286884000000.0,0.00354341,1.0646509,0.89594173,0.9987518,4277960560,740.48975,715.0214
498701,2022/7/11,600438.SHA,12.6968,-12238475264.0,1.1539,129.5176,21.62026,271443000000.0,0.00354341,1.0107275,0.74172735,0.9985432,6470536266,706.94336,676.5384
498702,2022/7/12,600438.SHA,12.6968,-12238475264.0,1.1539,129.5176,21.555721,270633000000.0,0.00354341,0.9160445,0.13762233,0.9985435,4830927142,687.75793,674.51886
498703,2022/7/13,600438.SHA,12.6968,-12238475264.0,1.1539,129.5176,21.466085,269508000000.0,0.00354341,0.88369006,0.024557753,0.9985441,5444302454,674.51886,671.714
498704,2022/7/14,600438.SHA,12.6968,-12238475264.0,1.1539,129.5176,21.534208,270363000000.0,0.00354341,0.9186296,0.04717373,0.9985459,4768321828,667.6749,673.8457
498705,2022/7/15,600438.SHA,12.6968,-12238475264.0,1.1539,129.5176,21.405132,268742000000.0,0.00354341,0.9212963,0.113187954,0.99854714,4593238506,662.8505,669.80664
498706,2022/7/18,600438.SHA,12.6968,-12238475264.0,1.1539,129.5176,21.043003,264196000000.0,0.00354341,0.9209163,0.051037345,0.9989629,4679246724,673.17255,658.4749
498707,2022/7/19,600438.SHA,12.6968,-12238475264.0,1.1539,129.5176,20.74541,260460000000.0,0.00354341,0.95953566,0.13174275,0.9985483,3115844752,661.5042,649.1627
498708,2022/7/20,600438.SHA,12.6968,-12238475264.0,1.1539,129.5176,20.555382,258074000000.0,0.00354341,0.95359284,0.050186645,0.9983416,3404067427,652.97736,643.2164
498709,2022/7/21,600438.SHA,12.6968,-12238475264.0,1.1539,129.5176,19.945854,250421000000.0,0.00354341,0.9291799,0.035862356,0.9985489,4556283471,645.23584,624.1431
498710,2022/7/22,600438.SHA,12.6968,-12238475264.0,1.1539,129.5176,20.117956,252582000000.0,0.00354341,0.9342324,0.04415423,0.99834263,4129638715,624.47974,629.5285
498711,2022/7/25,600438.SHA,12.6968,-12238475264.0,1.1539,129.5176,19.296888,242273000000.0,0.00354341,0.90150756,0.014519809,0.9987557,4021061978,625.0407,603.83575
498712,2022/7/26,600438.SHA,12.6968,-12238475264.0,1.1539,129.5176,19.490503,244704000000.0,0.00354341,0.9262225,0.037512954,0.99875647,3617679519,611.35284,609.8943
498713,2022/7/27,600438.SHA,12.6968,-12238475264.0,1.1539,129.5176,19.87056,249476000000.0,0.00354341,0.9578292,0.088290155,0.99937826,4104783291,612.587,621.787
498714,2022/7/28,600438.SHA,12.6968,-12238475264.0,1.1539,129.5176,19.393696,243489000000.0,0.00354341,0.9434851,0.06300518,0.9989637,5122285070,626.16266,606.86505
498715,2022/7/29,600438.SHA,12.6968,-12238475264.0,1.1539,129.5176,19.293303,242228000000.0,0.00354341,0.96728384,0.16832504,0.9985498,2737393237,605.0699,603.7236
498716,2022/8/1,600438.SHA,12.6968,-12238475264.0,1.1539,129.5176,19.178568,240788000000.0,0.00354341,0.953306,0.07599917,0.9985513,3973306192,598.0016,600.1333
498717,2022/8/2,600438.SHA,12.6968,-12238475264.0,1.1539,129.5176,18.314476,229939000000.0,0.00354341,0.9490895,0.28361607,0.9985522,4143625442,593.40155,573.0942
498718,2022/8/3,600438.SHA,12.6968,-12238475264.0,1.1539,129.5176,17.816097,223682000000.0,0.00354341,0.9140912,0.14660877,0.9983461,3885540234,583.0796,557.499
498719,2022/8/4,600438.SHA,12.6968,-12238475264.0,1.1539,129.5176,18.04198,226518000000.0,0.00354341,0.90797555,0.069051065,0.99834645,2910473871,567.1478,564.5674
498720,2022/8/5,600438.SHA,12.6968,-12238475264.0,1.1539,129.5176,18.224838,228814000000.0,0.00354341,0.93973005,0.19433533,0.99793386,3353407776,565.4649,570.2893
498721,2022/8/8,600438.SHA,12.6968,-12238475264.0,1.1539,129.5176,18.138788,227733000000.0,0.00354341,0.9401598,0.10080562,0.99793476,2713157658,564.1186,567.5966
498722,2022/8/9,600438.SHA,12.6968,-12238475264.0,1.1539,129.5176,18.716045,234981000000.0,0.00354341,0.97588336,0.3686493,0.998142,5826932710,567.7088,585.6601
498723,2022/8/10,600438.SHA,12.6968,-12238475264.0,1.1539,129.5176,18.411283,231154000000.0,0.00354341,1.0052859,0.26559272,0.9981413,3548980048,582.29425,576.1235
498724,2022/8/11,600438.SHA,12.6968,-12238475264.0,1.1539,129.5176,18.66585,234351000000.0,0.00354341,1.0476958,0.4373967,0.9979343,4487041783,580.3869,584.08936
498725,2022/8/12,600438.SHA,12.6968,-12238475264.0,1.1539,129.5176,18.328817,230119000000.0,0.00354341,1.0158981,0.27633208,0.9981432,2578772743,583.304,573.54297
498726,2022/8/15,600438.SHA,12.6968,-12238475264.0,1.1539,129.5176,19.11403,239978000000.0,0.00354341,1.0487901,0.71800166,0.99896866,5558111770,569.95276,598.1138
498727,2022/8/16,600438.SHA,12.6968,-12238475264.0,1.1539,129.5176,19.203667,241103000000.0,0.00354341,1.0587072,0.80894476,0.9991758,5814797050,596.76746,600.91864
498728,2022/8/17,600438.SHA,12.6968,-12238475264.0,1.1539,129.5176,19.648262,246685000000.0,0.00354341,1.0498084,0.75845015,0.9989699,5300374781,601.9284,614.8309
498729,2022/8/18,600438.SHA,28.8526,-207936672.0,2.7155,35.322,14.734561,257354000000.0,0.005134683,1.1133398,0.9237899,0.99958825,7081121803,618.1968,641.4212
498730,2022/8/19,600438.SHA,28.8526,-207936672.0,2.7155,35.322,15.453634,269913000000.0,0.005134683,1.1517481,0.96726376,0.9997942,11865312371,656.3432,672.72375
498731,2022/8/22,600438.SHA,28.8526,-207936672.0,2.7155,35.322,15.768068,275405000000.0,0.005134683,1.1967919,0.9810622,0.9997942,10255941730,695.61163,686.41156
498732,2022/8/23,600438.SHA,28.8526,-207936672.0,2.7155,35.322,15.219098,265816000000.0,0.005134683,1.1076722,0.93002677,1.0,9447824945,679.90424,662.514
498733,2022/8/24,600438.SHA,28.8526,-207936672.0,2.7155,35.322,15.059303,263025000000.0,0.005134683,1.0909262,0.955359,0.99979436,6506052997,662.8505,655.55786
498734,2022/8/25,600438.SHA,28.8526,-207936672.0,2.7155,35.322,14.814458,258749000000.0,0.005134683,1.0489051,0.9136513,0.99979466,5515683392,651.29443,644.8993
498735,2022/8/26,600438.SHA,28.8526,-207936672.0,2.7155,35.322,14.5438385,254022000000.0,0.005134683,0.9870562,0.6595483,0.99958956,4115971673,646.91876,633.1188
498736,2022/8/29,600438.SHA,28.8526,-207936672.0,2.7155,35.322,14.634046,255598000000.0,0.005134683,0.9469646,0.29989743,0.9995899,3378324975,619.4309,637.0456
498737,2022/8/30,600438.SHA,28.8526,-207936672.0,2.7155,35.322,14.319612,250106000000.0,0.005134683,0.9081399,0.14681156,0.99959,2707361064,635.3627,623.3577
498738,2022/8/31,600438.SHA,28.8526,-207936672.0,2.7155,35.322,13.628889,238042000000.0,0.005134683,0.8955122,0.2533306,0.99918014,4860143669,619.7675,593.28937
498739,2022/9/1,600438.SHA,28.8526,-207936672.0,2.7155,35.322,13.613425,237772000000.0,0.005134683,0.90398765,0.16772605,0.9989754,2632364479,599.46014,592.6162
498740,2022/9/2,600438.SHA,28.8526,-207936672.0,2.7155,35.322,13.456208,235026000000.0,0.005134683,0.9083159,0.09504302,0.9987715,2521258338,592.05524,585.7723
498741,2022/9/5,600438.SHA,28.8526,-207936672.0,2.7155,35.322,13.5180645,236106000000.0,0.005134683,0.9294701,0.13226864,0.99836266,2485782142,586.33325,588.46497
498742,2022/9/6,600438.SHA,28.8526,-207936672.0,2.7155,35.322,14.657241,256003000000.0,0.005134683,1.0015851,0.5729785,0.99897647,6590403460,595.7577,638.05536
498743,2022/9/7,600438.SHA,28.8526,-207936672.0,2.7155,35.322,14.610849,255193000000.0,0.005134683,1.0203384,0.75107473,0.9989775,5238977053,628.2944,636.0358
498744,2022/9/8,600438.SHA,28.8526,-207936672.0,2.7155,35.322,14.56188,254337000000.0,0.005134683,1.0684569,0.851973,0.9991825,3560410096,636.0358,633.9041
498745,2022/9/9,600438.SHA,28.8526,-207936672.0,2.7155,35.322,14.061879,245604000000.0,0.005134683,1.032942,0.6791335,0.99918336,4256472251,630.65045,612.1382
498746,2022/9/13,600438.SHA,28.8526,-207936672.0,2.7155,35.322,14.172705,247540000000.0,0.005134683,1.0532465,0.8386438,0.9991832,3107898473,622.79675,616.9626
498747,2022/9/14,600438.SHA,28.8526,-207936672.0,2.7155,35.322,13.847961,241868000000.0,0.005134683,1.0244042,0.7757811,0.9993874,2476597033,604.5089,602.826
498748,2022/9/15,600438.SHA,28.8526,-207936672.0,2.7155,35.322,13.221672,230929000000.0,0.005134683,0.9020573,0.10155292,0.999387,4253534555,602.7138,575.5625
498749,2022/9/16,600438.SHA,28.8526,-207936672.0,2.7155,35.322,12.762908,222917000000.0,0.005134683,0.8735227,0.09765066,0.99897915,3144574212,569.16736,555.59174
498750,2022/9/19,600438.SHA,28.8526,-207936672.0,2.7155,35.322,12.853114,224492000000.0,0.005134683,0.88265485,0.12454063,0.9989802,2191376298,555.59174,559.51855
498751,2022/9/20,600438.SHA,28.8526,-207936672.0,2.7155,35.322,12.96394,226428000000.0,0.005134683,0.92192084,0.24021207,0.9985732,3119634994,566.13806,564.34296
498752,2022/9/21,600438.SHA,28.8526,-207936672.0,2.7155,35.322,12.909816,225483000000.0,0.005134683,0.91089296,0.14180928,0.9981666,2003607915,557.61127,561.9869
498753,2022/9/22,600438.SHA,28.8526,-207936672.0,2.7155,35.322,12.659815,221116000000.0,0.005134683,0.9142006,0.1375586,0.99837,2547067397,555.3673,551.1039
498754,2022/9/23,600438.SHA,28.8526,-207936672.0,2.7155,35.322,12.706207,221926000000.0,0.005134683,0.9610136,0.58382565,0.9989815,2884670406,560.6405,553.1234
498755,2022/9/26,600438.SHA,28.8526,-207936672.0,2.7155,35.322,12.546412,219135000000.0,0.005134683,0.9830371,0.74006927,0.9985755,2584589330,542.577,546.1673
498756,2022/9/27,600438.SHA,28.8526,-207936672.0,2.7155,35.322,12.711362,222016000000.0,0.005134683,0.9889714,0.44261295,0.9985758,2485868937,547.9624,553.34784
498757,2022/9/28,600438.SHA,28.8526,-207936672.0,2.7155,35.322,12.087649,211123000000.0,0.005134683,0.9324056,0.2556957,0.9987805,2989323782,556.1527,526.19653
498758,2022/9/29,600438.SHA,28.8526,-207936672.0,2.7155,35.322,12.366,215984000000.0,0.005134683,0.9578757,0.6459943,0.99878025,2818991213,532.4795,538.3136
498759,2022/9/30,600438.SHA,28.8526,-207936672.0,2.7155,35.322,12.103113,211393000000.0,0.005134683,0.9560261,0.6804962,0.9983736,1976588054,535.9575,526.8697
498760,2022/10/10,600438.SHA,28.8526,-207936672.0,2.7155,35.322,12.000461,209600000000.0,0.005134683,0.94442195,0.5698029,0.99837565,2507485214,532.9282,522.3819
498761,2022/10/11,600438.SHA,28.8526,-207936672.0,2.7155,35.322,12.227274,213561000000.0,0.005134683,0.97452754,0.57392365,0.99857956,2483133782,529.5624,532.25507
498762,2022/10/12,600438.SHA,28.8526,-207936672.0,2.7155,35.322,12.464396,217703000000.0,0.005134683,0.9805352,0.60653406,0.9985804,3354750611,532.1429,542.577
498763,2022/10/13,600438.SHA,28.8526,-207936672.0,2.7155,35.322,12.242738,213831000000.0,0.005134683,1.0127931,0.5612576,0.9983783,3029944226,535.73315,532.9282
498764,2022/10/14,600438.SHA,28.8526,-207936672.0,2.7155,35.322,12.977303,226661000000.0,0.005134683,1.0493956,0.674772,0.9985824,5766699538,540.7819,564.90393
498765,2022/10/17,600438.SHA,28.8526,-207936672.0,2.7155,35.322,12.825234,224005000000.0,0.005134683,1.0596253,0.5025329,0.9991898,3221290597,556.48926,558.2844
498766,2022/10/18,600438.SHA,28.8526,-207936672.0,2.7155,35.322,12.760799,222880000000.0,0.005134683,1.0633591,0.37857,0.9987852,2254022660,560.9771,555.47955
498767,2022/10/19,600438.SHA,28.8526,-207936672.0,2.7155,35.322,12.611309,220269000000.0,0.005134683,1.0314081,0.2718073,0.99878615,2431704706,554.24536,548.97217
498768,2022/10/20,600438.SHA,28.8526,-207936672.0,2.7155,35.322,12.178303,212706000000.0,0.005134683,0.9770472,0.10115314,0.9983825,2526344468,542.91364,530.12335
498769,2022/10/21,600438.SHA,28.8526,-207936672.0,2.7155,35.322,8.820222,211626000000.0,0.005134683,0.9896842,0.201132,0.9981811,2029928305,533.938,527.43066
498770,2022/10/24,600438.SHA,28.8526,-207936672.0,2.7155,35.322,8.596949,206269000000.0,0.005134683,0.91002977,0.051940177,0.9975748,2544519376,528.4404,514.0794
498771,2022/10/25,600438.SHA,28.8526,-207936672.0,2.7155,35.322,8.887767,213246000000.0,0.005134683,0.95196944,0.3042863,0.9973732,2679962419,511.38672,531.4697
498772,2022/10/26,600438.SHA,46.1249,9082522624.0,4.8273,35.2428,8.955162,214867000000.0,0.003273472,0.9640476,0.26258337,0.9973743,2975439523,533.60144,535.5087
498773,2022/10/27,600438.SHA,46.1249,9082522624.0,4.8273,35.2428,8.833208,211941000000.0,0.003273472,0.962191,0.21365105,0.9975767,2877638579,539.5478,528.21606
498774,2022/10/28,600438.SHA,46.1249,9082522624.0,4.8273,35.2428,8.474852,203342000000.0,0.003273472,0.9559789,0.44610417,0.99777955,2569632413,521.7087,506.7867
498775,2022/10/31,600438.SHA,46.1249,9082522624.0,4.8273,35.2428,8.161524,195825000000.0,0.003273472,0.92533505,0.19285138,0.99777865,2972183037,493.88425,488.05008
498776,2022/11/1,600438.SHA,46.1249,9082522624.0,4.8273,35.2428,8.454213,202847000000.0,0.003273472,0.98341334,0.28917608,0.9975782,3191951854,490.85495,505.55255
498777,2022/11/2,600438.SHA,46.1249,9082522624.0,4.8273,35.2428,8.529262,204648000000.0,0.003273472,0.95967907,0.12192168,0.9971763,2706445448,504.8794,510.04037
498778,2022/11/3,600438.SHA,46.1249,9082522624.0,4.8273,35.2428,8.508623,204153000000.0,0.003273472,0.95013624,0.104456544,0.9967742,2539776541,508.24524,508.80624
498779,2022/11/4,600438.SHA,46.1249,9082522624.0,4.8273,35.2428,8.949533,214732000000.0,0.003273472,1.013169,0.36477226,0.9975826,4385795469,507.1233,535.1722
498780,2022/11/7,600438.SHA,46.1249,9082522624.0,4.8273,35.2428,8.900752,213561000000.0,0.003273472,1.0502546,0.29909366,0.997585,2679835358,532.70386,532.25507
498781,2022/11/8,600438.SHA,46.1249,9082522624.0,4.8273,35.2428,8.788179,210860000000.0,0.003273472,1.0767816,0.64827865,0.9973843,2327921757,535.05994,525.5234
498782,2022/11/9,600438.SHA,46.1249,9082522624.0,4.8273,35.2428,8.546147,205053000000.0,0.003273472,1.0108744,0.25236467,0.99678004,2232254688,522.26965,511.05014
498783,2022/11/10,600438.SHA,46.1249,9082522624.0,4.8273,35.2428,8.442956,202577000000.0,0.003273472,0.9898812,0.2178198,0.9969831,1788365980,510.48917,504.8794
498784,2022/11/11,600438.SHA,46.1249,9082522624.0,4.8273,35.2428,8.611815,206629000000.0,0.003273472,1.0121279,0.41765535,0.99638045,2297015941,521.7087,514.977
498785,2022/11/14,600438.SHA,46.1249,9082522624.0,4.8273,35.2428,8.412936,201857000000.0,0.003273472,0.9400419,0.123114064,0.9945707,2352594716,517.2209,503.08426
498786,2022/11/15,600438.SHA,46.1249,9082522624.0,4.8273,35.2428,8.593053,206178000000.0,0.003273472,0.9654301,0.120852605,0.99457175,2469496610,503.19647,513.85504
498787,2022/11/16,600438.SHA,46.1249,9082522624.0,4.8273,35.2428,8.442956,202577000000.0,0.003273472,0.9607173,0.12567866,0.99437296,1900001937,514.977,504.8794
498788,2022/11/17,600438.SHA,46.1249,9082522624.0,4.8273,35.2428,8.289106,198886000000.0,0.003273472,0.96992314,0.15396985,0.99417204,2427545216,503.64523,495.67935
498789,2022/11/18,600438.SHA,46.1249,9082522624.0,4.8273,35.2428,8.244078,197805000000.0,0.003273472,0.9764444,0.18271357,0.9937714,1906224160,495.90375,492.98666
498790,2022/11/21,600438.SHA,46.1249,9082522624.0,4.8273,35.2428,8.264716,198300000000.0,0.003273472,0.959695,0.09562073,0.9937739,1531156431,489.8452,494.22083
498791,2022/11/22,600438.SHA,46.1249,9082522624.0,4.8273,35.2428,8.065837,193529000000.0,0.003273472,0.95874226,0.12126079,0.9935756,1879977247,492.5379,482.32812
498792,2022/11/23,600438.SHA,46.1249,9082522624.0,4.8273,35.2428,8.30224,199201000000.0,0.003273472,0.96615714,0.38759536,0.9947854,2368697951,481.87933,496.46472
498793,2022/11/24,600438.SHA,46.1249,9082522624.0,4.8273,35.2428,8.238449,197670000000.0,0.003273472,0.97577775,0.42923015,0.9953899,1348590334,497.5867,492.6501
498794,2022/11/25,600438.SHA,46.1249,9082522624.0,4.8273,35.2428,8.082724,193934000000.0,0.003273472,0.9751019,0.5403889,0.9947938,1543874445,489.9574,483.33786
498795,2022/11/28,600438.SHA,46.1249,9082522624.0,4.8273,35.2428,8.043323,192988000000.0,0.003273472,0.9756486,0.5283283,0.9943955,1469998543,471.22076,480.98175
498796,2022/11/29,600438.SHA,46.1249,9082522624.0,4.8273,35.2428,8.095857,194249000000.0,0.003273472,0.97956866,0.44937974,0.9932,1558022335,483.11346,484.12323
498797,2022/11/30,600438.SHA,46.1249,9082522624.0,4.8273,35.2428,8.127752,195014000000.0,0.003273472,1.0076761,0.5869174,0.99259853,1502377062,483.78665,486.03055
498798,2022/12/1,600438.SHA,46.1249,9082522624.0,4.8273,35.2428,8.234696,197580000000.0,0.003273472,0.9918644,0.28305662,0.991,2228832390,491.41595,492.4257
498799,2022/12/2,600438.SHA,46.1249,9082522624.0,4.8273,35.2428,8.06959,193619000000.0,0.003273472,0.9795035,0.16343269,0.9928014,2457391605,489.17203,482.5525
498800,2022/12/5,600438.SHA,46.1249,9082522624.0,4.8273,35.2428,7.904483,189657000000.0,0.003273472,0.977948,0.099639855,0.99339867,2680728918,480.7574,472.6793
498801,2022/12/6,600438.SHA,46.1249,9082522624.0,4.8273,35.2428,7.906359,189702000000.0,0.003273472,0.9829718,0.120024,0.9942,2551550720,472.6793,472.7915
498802,2022/12/7,600438.SHA,46.1249,9082522624.0,4.8273,35.2428,7.94576,190648000000.0,0.003273472,0.98146003,0.1836,0.99480206,2106866317,471.22076,475.1476
498803,2022/12/8,600438.SHA,46.1249,9082522624.0,4.8273,35.2428,7.9326262,190332000000.0,0.003273472,0.9759927,0.18012795,0.9956035,2059721796,472.3427,474.36224
498804,2022/12/9,600438.SHA,46.1249,9082522624.0,4.8273,35.2428,7.8782163,189027000000.0,0.003273472,0.95671,0.1237505,0.99580336,1740478150,475.59637,471.10858
498805,2022/12/12,600438.SHA,46.1249,9082522624.0,4.8273,35.2428,7.769396,186416000000.0,0.003273472,0.9627994,0.22648293,0.995008,1228930956,467.63052,464.60123
498806,2022/12/13,600438.SHA,46.1249,9082522624.0,4.8273,35.2428,7.6624517,183850000000.0,0.003273472,0.9693805,0.44029552,0.99441004,1799562439,465.94757,458.2061
498807,2022/12/14,600438.SHA,46.1249,9082522624.0,4.8273,35.2428,7.6455655,183445000000.0,0.003273472,0.96701473,0.3821885,0.993014,1483167611,458.2061,457.19635
498808,2022/12/15,600438.SHA,46.1249,9082522624.0,4.8273,35.2428,7.7675195,186371000000.0,0.003273472,0.97756785,0.4257485,0.99262065,1638345116,456.63535,464.48904
498809,2022/12/16,600438.SHA,46.1249,9082522624.0,4.8273,35.2428,7.596784,182274000000.0,0.003273472,0.9576632,0.28235295,0.99262804,1679709137,460.1134,454.27927
498810,2022/12/19,600438.SHA,46.1249,9082522624.0,4.8273,35.2428,7.5536313,181239000000.0,0.003273472,0.95879966,0.5661017,0.9930251,1200992638,450.5768,451.69876
498811,2022/12/20,600438.SHA,46.1249,9082522624.0,4.8273,35.2428,7.4842114,179573000000.0,0.003273472,0.96329385,0.5709446,0.993425,1283841450,451.24997,447.54752
498812,2022/12/21,600438.SHA,46.1249,9082522624.0,4.8273,35.2428,7.3359904,176017000000.0,0.003273472,0.9573947,0.56043077,0.9932217,1332587612,448.2207,438.68408
498813,2022/12/22,600438.SHA,46.1249,9082522624.0,4.8273,35.2428,7.1577506,171740000000.0,0.003273472,0.93619627,0.41947043,0.9936344,2187739753,442.9475,428.0255
498814,2022/12/23,600438.SHA,46.1249,9082522624.0,4.8273,35.2428,7.127731,171020000000.0,0.003273472,0.9176329,0.2917661,0.99383944,1212060397,425.89383,426.2304
510079,2022/1/10,600519.SHA,22.204,42780336128.0,29.67,17.8762,49.25936,2469680000000.0,0.005705581,0.9474699,0.19439092,0.99978596,5792738145,14409.467,14693.395
510080,2022/1/11,600519.SHA,22.204,42780336128.0,29.67,17.8762,48.621696,2437710000000.0,0.005705581,0.94660974,0.23394692,0.99978596,4332180604,14558.867,14503.1875
510081,2022/1/12,600519.SHA,22.204,42780336128.0,29.67,17.8762,49.284416,2470940000000.0,0.005705581,0.95893687,0.22838184,0.999786,5384359628,14558.867,14700.868
510082,2022/1/13,600519.SHA,22.204,42780336128.0,29.67,17.8762,47.03918,2358370000000.0,0.005705581,0.92756426,0.095655896,0.9997861,10781720544,14684.575,14031.1455
510083,2022/1/14,600519.SHA,22.204,42780336128.0,29.67,17.8762,46.778854,2345320000000.0,0.005705581,0.94187325,0.18934532,0.99978614,5506186026,14031.1455,13953.493
510084,2022/1/17,600519.SHA,22.204,42780336128.0,29.67,17.8762,46.643806,2338550000000.0,0.005705581,0.9586046,0.13970903,0.9997861,5074077665,13960.967,13913.21
510085,2022/1/18,600519.SHA,22.204,42780336128.0,29.67,17.8762,47.41201,2377070000000.0,0.005705581,0.9624974,0.25384945,0.99978626,5906705861,13913.732,14142.3545
510086,2022/1/19,600519.SHA,22.204,42780336128.0,29.67,17.8762,47.906357,2401850000000.0,0.005705581,0.98528767,0.43116716,0.9997863,5026993463,14342.128,14289.812
510087,2022/1/20,600519.SHA,22.204,42780336128.0,29.67,17.8762,49.347557,2474110000000.0,0.005705581,1.0012811,0.77649575,0.9997864,6665294954,14319.707,14719.702
510088,2022/1/21,600519.SHA,22.204,42780336128.0,29.67,17.8762,49.73517,2493540000000.0,0.005705581,1.0573137,0.92501605,0.99978644,6091427695,14648.552,14835.321
510089,2022/1/24,600519.SHA,22.204,42780336128.0,29.67,17.8762,48.863483,2449840000000.0,0.005705581,1.0445635,0.8947031,0.99978656,4685441775,14611.184,14575.31
510090,2022/1/25,600519.SHA,22.204,42780336128.0,29.67,17.8762,48.683083,2440790000000.0,0.005705581,1.0437201,0.9641256,0.9997866,4971078498,14521.498,14521.498
510091,2022/1/26,600519.SHA,22.204,42780336128.0,29.67,17.8762,48.98375,2455870000000.0,0.005705581,1.0331507,0.9538954,0.99978656,4655706528,14514.323,14611.184
510092,2022/1/27,600519.SHA,22.204,42780336128.0,29.67,17.8762,49.234306,2468430000000.0,0.005705581,1.0277197,0.97333616,1.0,8450329058,14955.051,14685.921
510093,2022/1/28,600519.SHA,22.204,42780336128.0,29.67,17.8762,47.27997,2370450000000.0,0.005705581,0.95810145,0.71583885,0.99978685,7889492895,14611.184,14102.968
510094,2022/2/7,600519.SHA,22.204,42780336128.0,29.67,17.8762,46.80291,2346530000000.0,0.005705581,0.9410425,0.3546462,0.999787,6601799703,14207.526,13960.668
510095,2022/2/8,600519.SHA,22.204,42780336128.0,29.67,17.8762,46.077297,2310150000000.0,0.005705581,0.94298023,0.2861709,0.99978703,7585130459,13967.544,13744.229
510096,2022/2/9,600519.SHA,22.204,42780336128.0,29.67,17.8762,47.504967,2381730000000.0,0.005705581,0.9758003,0.17333901,0.99978715,6346699784,13744.9,14170.082
510097,2022/2/10,600519.SHA,22.204,42780336128.0,29.67,17.8762,46.929188,2352860000000.0,0.005705581,0.9580563,0.15510638,0.9997874,4315456868,14200.127,13998.336
510098,2022/2/11,600519.SHA,22.204,42780336128.0,29.67,17.8762,46.352158,2323930000000.0,0.005705581,0.94146055,0.11588348,0.9997875,6296909575,13878.756,13826.215
510099,2022/2/14,600519.SHA,22.204,42780336128.0,29.67,17.8762,46.820698,2347420000000.0,0.005705581,0.99028623,0.29615468,0.9995751,3762313349,13751.702,13965.975
510100,2022/2/15,600519.SHA,22.204,42780336128.0,29.67,17.8762,47.37067,2374990000000.0,0.005705581,1.0121309,0.5951572,0.9995752,5131842112,13966.946,14130.023
510101,2022/2/16,600519.SHA,22.204,42780336128.0,29.67,17.8762,47.419025,2377420000000.0,0.005705581,1.029119,0.78202677,0.9987256,2769034316,14200.127,14144.447
510102,2022/2/17,600519.SHA,22.204,42780336128.0,29.67,17.8762,47.279716,2370430000000.0,0.005705581,0.99525845,0.62170774,0.9983015,3450265032,14204.686,14102.894
510103,2022/2/18,600519.SHA,22.204,42780336128.0,29.67,17.8762,47.78108,2395570000000.0,0.005705581,1.0181527,0.7344513,0.99808955,3670339742,14032.939,14252.443
510104,2022/2/21,600519.SHA,22.204,42780336128.0,29.67,17.8762,47.02916,2357870000000.0,0.005705581,1.0146056,0.35095543,0.9983015,3920377358,14200.127,14028.156
510105,2022/2/22,600519.SHA,22.204,42780336128.0,29.67,17.8762,45.297314,2271040000000.0,0.005705581,0.9674635,0.10320663,0.99893844,9473992638,13901.252,13511.57
510106,2022/2/23,600519.SHA,22.204,42780336128.0,29.67,17.8762,45.77688,2295090000000.0,0.005705581,0.96635497,0.067940556,0.9989391,5118197820,13538.027,13654.618
510107,2022/2/24,600519.SHA,22.204,42780336128.0,29.67,17.8762,44.200882,2216070000000.0,0.005705581,0.93213385,0.08994485,0.9993636,11578557075,13512.542,13184.519
510108,2022/2/25,600519.SHA,22.204,42780336128.0,29.67,17.8762,45.076576,2259980000000.0,0.005705581,0.953402,0.09949088,0.9997879,6999524161,13265.908,13445.727
510109,2022/2/28,600519.SHA,22.204,42780336128.0,29.67,17.8762,44.859592,2249100000000.0,0.005705581,0.93885684,0.09247084,0.9997879,5158148387,13356.041,13381.004
510110,2022/3/1,600519.SHA,22.204,42780336128.0,29.67,17.8762,46.56538,2334620000000.0,0.005705581,0.9901384,0.499046,1.0,8721229267,13467.699,13889.816
510111,2022/3/2,600519.SHA,22.204,42780336128.0,29.67,17.8762,46.224625,2317530000000.0,0.005705581,1.0204716,0.63395506,0.99978817,3690612341,13751.702,13788.174
510112,2022/3/3,600519.SHA,22.204,42780336128.0,29.67,17.8762,45.10013,2261160000000.0,0.005705581,0.98521626,0.4559322,1.0,5703580558,13795.05,13452.752
510113,2022/3/4,600519.SHA,22.204,42780336128.0,29.67,17.8762,44.61154,2236660000000.0,0.005705581,1.0092908,0.55051893,0.99978817,5509157654,13243.486,13307.014
510114,2022/3/7,600519.SHA,22.204,42780336128.0,29.67,17.8762,42.769955,2144330000000.0,0.005705581,0.9488289,0.27224576,0.9997883,8487507372,13155.297,12757.693
510115,2022/3/8,600519.SHA,22.204,42780336128.0,29.67,17.8762,43.927525,2202370000000.0,0.005705581,0.97922254,0.73665255,0.99978817,10087484369,13153.652,13102.98
510116,2022/3/9,600519.SHA,22.204,42780336128.0,29.67,17.8762,44.57847,2235000000000.0,0.005705581,0.95733076,0.74883425,0.99978805,10018590069,13184.444,13297.148
510117,2022/3/10,600519.SHA,22.204,42780336128.0,29.67,17.8762,44.960567,2254160000000.0,0.005705581,0.97265404,0.7789786,0.9997881,6587438866,13512.542,13411.123
510118,2022/3/11,600519.SHA,22.204,42780336128.0,29.67,17.8762,44.323654,2222230000000.0,0.005705581,0.9827834,0.792161,0.99978817,8335618341,13198.645,13221.141
510119,2022/3/14,600519.SHA,22.204,42780336128.0,29.67,17.8762,42.594566,2135540000000.0,0.005705581,0.95478797,0.715707,0.9997884,8416841920,12929.589,12705.377
510120,2022/3/15,600519.SHA,22.204,42780336128.0,29.67,17.8762,40.16417,2013690000000.0,0.005705581,0.9390744,0.80071926,0.9997885,14567142622,12331.689,11980.423
510121,2022/3/16,600519.SHA,22.204,42780336128.0,29.67,17.8762,41.966923,2104070000000.0,0.005705581,0.9553673,0.54187816,0.9997885,12753010156,12212.109,12518.159
510122,2022/3/17,600519.SHA,22.204,42780336128.0,29.67,17.8762,43.099438,2160850000000.0,0.005705581,0.9668218,0.33643475,0.9997886,11843531813,12854.852,12855.973
510123,2022/3/18,600519.SHA,22.204,42780336128.0,29.67,17.8762,42.78975,2145320000000.0,0.005705581,0.9517173,0.22372594,0.9997887,6564085394,12839.904,12763.598
510124,2022/3/21,600519.SHA,22.204,42780336128.0,29.67,17.8762,42.702305,2140940000000.0,0.005705581,0.96342015,0.27910417,0.9997888,4763083283,12884.747,12737.514
510125,2022/3/22,600519.SHA,22.204,42780336128.0,29.67,17.8762,42.469288,2129260000000.0,0.005705581,0.9970588,0.3555743,0.999578,3578291198,12883.85,12668.008
510126,2022/3/23,600519.SHA,22.204,42780336128.0,29.67,17.8762,43.902218,2201100000000.0,0.005705581,1.0930692,0.69050634,0.9995781,10096341448,12742.745,13095.432
510127,2022/3/24,600519.SHA,22.204,42780336128.0,29.67,17.8762,43.11898,2161830000000.0,0.005705581,1.0274516,0.52985865,0.9995781,4457504430,12989.379,12861.803
510128,2022/3/25,600519.SHA,22.204,42780336128.0,29.67,17.8762,42.34401,2122970000000.0,0.005705581,0.9824725,0.30765983,0.99957824,5054831352,12795.062,12630.64
510129,2022/3/28,600519.SHA,22.204,42780336128.0,29.67,17.8762,41.612385,2086290000000.0,0.005705581,0.9724848,0.35462788,0.9997892,9392008017,12144.846,12412.405
510130,2022/3/29,600519.SHA,22.204,42780336128.0,29.67,17.8762,41.76773,2094080000000.0,0.005705581,0.9781142,0.5929595,0.9997894,4343365464,12417.638,12458.743
510131,2022/3/30,600519.SHA,22.204,42780336128.0,29.67,17.8762,41.42855,2173350000000.0,0.005705581,1.020708,0.80037904,1.0,7276379091,12690.429,12930.337
510132,2022/3/31,600519.SHA,29.9036,46165172224.0,41.76,20.4705,41.162754,2159400000000.0,0.006513173,0.981058,0.50884956,0.999368,4338022922,12854.852,12847.378
510133,2022/4/1,600519.SHA,29.9036,46165172224.0,41.76,20.4705,42.623684,2236040000000.0,0.006513173,1.0343302,0.79646015,0.9995788,7936957252,12929.141,13303.352
510134,2022/4/6,600519.SHA,29.9036,46165172224.0,41.76,20.4705,42.26426,2217190000000.0,0.006513173,1.0443786,0.77054363,0.99978936,4910792426,13101.485,13191.171
510135,2022/4/7,600519.SHA,29.9036,46165172224.0,41.76,20.4705,42.26426,2217190000000.0,0.006513173,1.0627409,0.9026549,0.9991577,3568182341,13138.8545,13191.171
510136,2022/4/8,600519.SHA,29.9036,46165172224.0,41.76,20.4705,42.719227,2241060000000.0,0.006513173,1.0701859,0.88629186,0.9991579,4081618543,13213.592,13333.172
510137,2022/4/11,600519.SHA,29.9036,46165172224.0,41.76,20.4705,41.1867,2160660000000.0,0.006513173,0.99416214,0.77300483,0.9993684,7568782591,13228.539,12854.852
510138,2022/4/12,600519.SHA,29.9036,46165172224.0,41.76,20.4705,42.671337,2238540000000.0,0.006513173,1.0366492,0.86058503,0.9997896,7284546261,12922.115,13318.225
510139,2022/4/13,600519.SHA,29.9036,46165172224.0,41.76,20.4705,42.360043,2222210000000.0,0.006513173,0.99381465,0.77223974,0.9993692,5534915753,13206.118,13221.065
510140,2022/4/14,600519.SHA,29.9036,46165172224.0,41.76,20.4705,43.31787,2272460000000.0,0.006513173,1.0249292,0.88627285,0.9993696,6834657201,13363.066,13520.016
510141,2022/4/15,600519.SHA,29.9036,46165172224.0,41.76,20.4705,43.245796,2268680000000.0,0.006513173,1.0232238,0.8694006,0.999159,3800797635,13469.194,13497.52
510142,2022/4/18,600519.SHA,29.9036,46165172224.0,41.76,20.4705,42.882538,2249620000000.0,0.006513173,1.0038228,0.7826636,0.99936897,3525102977,13311.722,13384.143
510143,2022/4/19,600519.SHA,29.9036,46165172224.0,41.76,20.4705,42.870087,2248970000000.0,0.006513173,1.0408721,0.7962145,0.9993695,4359851980,13452.752,13380.257
510144,2022/4/20,600519.SHA,29.9036,46165172224.0,41.76,20.4705,43.03052,2257390000000.0,0.006513173,1.0084175,0.7698613,0.99915963,4342043328,13465.383,13430.33
510145,2022/4/21,600519.SHA,29.9036,46165172224.0,41.76,20.4705,42.622967,2236010000000.0,0.006513173,1.0062069,0.83641326,0.99916,5160788004,13379.509,13303.127
510146,2022/4/22,600519.SHA,29.9036,46165172224.0,41.76,20.4705,42.455826,2227240000000.0,0.006513173,0.9800995,0.7834489,0.9991602,4955360846,13176.223,13250.961
510147,2022/4/25,600519.SHA,29.9036,46165172224.0,41.76,20.4705,40.89935,2145590000000.0,0.006513173,0.9457417,0.84883475,0.99937016,9352986852,13079.064,12765.167
510148,2022/4/26,600519.SHA,29.9036,46165172224.0,41.76,20.4705,41.485542,2176340000000.0,0.006513173,0.9674227,0.9342437,0.9993704,7692845226,12730.265,12948.124
510149,2022/4/27,600519.SHA,8.7025,-13607684096.0,13.73,13.4988,40.443916,2254770000000.0,0.006055908,1.0025805,0.95127076,0.9997901,10289893014,13207.015,13414.785
510150,2022/4/28,600519.SHA,8.7025,-13607684096.0,13.73,13.4988,41.347015,2305120000000.0,0.006055908,1.0211464,0.95562565,0.99978983,8038681950,13400.436,13714.333
510151,2022/4/29,600519.SHA,8.7025,-13607684096.0,13.73,13.4988,41.19785,2296810000000.0,0.006055908,1.0271913,0.8828355,0.99978983,6384066537,13721.807,13664.856
510152,2022/5/5,600519.SHA,8.7025,-13607684096.0,13.73,13.4988,41.39208,2307640000000.0,0.006055908,1.0360969,0.8416578,0.9997875,6235017580,13676.964,13729.28
510153,2022/5/6,600519.SHA,8.7025,-13607684096.0,13.73,13.4988,40.400654,2252360000000.0,0.006055908,1.0497658,0.6493671,0.99978906,5138176680,13564.783,13400.436
510154,2022/5/9,600519.SHA,8.7025,-13607684096.0,13.73,13.4988,39.47682,2200860000000.0,0.006055908,1.0112671,0.1628692,0.99978906,5324616273,13303.276,13094.012
510155,2022/5/10,600519.SHA,8.7025,-13607684096.0,13.73,13.4988,39.79656,2218680000000.0,0.006055908,0.9839937,0.09782838,0.99978924,7018451097,12854.852,13200.064
510156,2022/5/11,600519.SHA,8.7025,-13607684096.0,13.73,13.4988,39.83734,2220960000000.0,0.006055908,0.96348774,0.038566913,0.9993683,5372950033,13116.433,13213.592
510157,2022/5/12,600519.SHA,8.7025,-13607684096.0,13.73,13.4988,39.717243,2214260000000.0,0.006055908,0.96406114,0.06297389,0.99936813,3888480084,13101.485,13173.757
510158,2022/5/13,600519.SHA,8.7025,-13607684096.0,13.73,13.4988,40.068073,2233820000000.0,0.006055908,0.9680131,0.06168421,0.9991581,3690141231,13303.276,13290.123
510159,2022/5/16,600519.SHA,8.7025,-13607684096.0,13.73,13.4988,39.61202,2208400000000.0,0.006055908,0.98047966,0.050526317,0.99957895,4881208653,13430.33,13138.8545
510160,2022/5/17,600519.SHA,8.7025,-13607684096.0,13.73,13.4988,39.83734,2220960000000.0,0.006055908,1.0091324,0.3226689,0.9991581,3557048801,13227.643,13213.592
510161,2022/5/18,600519.SHA,8.7025,-13607684096.0,13.73,13.4988,39.679615,2212160000000.0,0.006055908,0.99706143,0.2632133,0.99873656,4362486907,13255.894,13161.275
510162,2022/5/19,600519.SHA,8.7025,-13607684096.0,13.73,13.4988,39.56695,2205880000000.0,0.006055908,0.9932127,0.21129134,0.99873656,3459059182,13041.695,13123.907
510163,2022/5/20,600519.SHA,8.7025,-13607684096.0,13.73,13.4988,40.558605,2261170000000.0,0.006055908,1.0211837,0.4479057,0.99936867,7493460272,13153.727,13452.826
510164,2022/5/23,600519.SHA,8.7025,-13607684096.0,13.73,13.4988,40.130264,2237290000000.0,0.006055908,1.0015521,0.20795622,0.99936855,3950856594,13452.752,13310.751
510165,2022/5/24,600519.SHA,8.7025,-13607684096.0,13.73,13.4988,39.65708,2210910000000.0,0.006055908,1.0011376,0.6305263,0.99936855,4824599922,13348.119,13153.802
510166,2022/5/25,600519.SHA,8.7025,-13607684096.0,13.73,13.4988,39.555912,2205270000000.0,0.006055908,0.9929355,0.34896928,0.9993692,3929477102,13193.188,13120.244
510167,2022/5/26,600519.SHA,8.7025,-13607684096.0,13.73,13.4988,39.269524,2189300000000.0,0.006055908,0.989665,0.31806722,0.99936974,4888109192,13161.275,13025.253
510168,2022/5/27,600519.SHA,8.7025,-13607684096.0,13.73,13.4988,39.548023,2204830000000.0,0.006055908,0.9995216,0.47583017,0.99936986,4436904896,13153.727,13117.629
510169,2022/5/30,600519.SHA,8.7025,-13607684096.0,13.73,13.4988,40.071903,2234030000000.0,0.006055908,0.9880001,0.3906381,0.9993703,6135631304,13198.645,13291.394
510170,2022/5/31,600519.SHA,8.7025,-13607684096.0,13.73,13.4988,40.649185,2266220000000.0,0.006055908,1.0129309,0.65786165,0.99937147,7329201058,13264.189,13482.871
510171,2022/6/1,600519.SHA,8.7025,-13607684096.0,13.73,13.4988,40.293625,2246400000000.0,0.006055908,1.0160512,0.22119816,0.9993717,3897858999,13467.699,13364.936
510172,2022/6/2,600519.SHA,8.7025,-13607684096.0,13.73,13.4988,40.242924,2243570000000.0,0.006055908,1.0173682,0.3202094,0.99958134,3019718032,13362.843,13348.119
510173,2022/6/6,600519.SHA,8.7025,-13607684096.0,13.73,13.4988,40.28799,2246080000000.0,0.006055908,1.0259353,0.3318011,0.9991646,6535329352,13378.015,13363.066
510174,2022/6/7,600519.SHA,8.7025,-13607684096.0,13.73,13.4988,40.961708,2283640000000.0,0.006055908,1.0357461,0.4605428,0.99916494,6356031009,13334.218,13586.532
510175,2022/6/8,600519.SHA,8.7025,-13607684096.0,13.73,13.4988,42.036507,2343560000000.0,0.006055908,1.049027,0.6436326,0.99916494,8236953846,13639.596,13943.03
510176,2022/6/9,600519.SHA,8.7025,-13607684096.0,13.73,13.4988,41.752598,2327730000000.0,0.006055908,1.0271448,0.71351016,0.99916476,4897066622,13990.862,13848.86
510177,2022/6/10,600519.SHA,8.7025,-13607684096.0,13.73,13.4988,42.82514,2387530000000.0,0.006055908,1.0628268,0.82832706,0.9991658,8882462598,13789.1455,14204.611
510178,2022/6/13,600519.SHA,8.7025,-13607684096.0,13.73,13.4988,41.820194,2331500000000.0,0.006055908,1.0391937,0.76599294,0.9991674,6847248995,14125.39,13871.282
510179,2022/6/14,600519.SHA,8.7025,-13607684096.0,13.73,13.4988,42.15818,2350350000000.0,0.006055908,1.0464206,0.8427411,0.99916685,5467949348,13706.859,13983.388
510180,2022/6/15,600519.SHA,8.7025,-13607684096.0,13.73,13.4988,42.250565,2355500000000.0,0.006055908,1.0314648,0.8078284,0.99916786,6354869100,13975.914,14014.03
510181,2022/6/16,600519.SHA,8.7025,-13607684096.0,13.73,13.4988,42.293377,2357880000000.0,0.006055908,1.0061105,0.573808,0.9991674,5087605391,14159.694,14028.23
510182,2022/6/17,600519.SHA,8.7025,-13607684096.0,13.73,13.4988,43.960777,2450840000000.0,0.006055908,1.0528872,0.731194,0.999375,9749530916,14036.377,14581.288
510183,2022/6/20,600519.SHA,8.7025,-13607684096.0,13.73,13.4988,43.758434,2439560000000.0,0.006055908,1.0217931,0.53685963,0.999167,6802792459,14573.814,14514.174
510184,2022/6/21,600519.SHA,8.7025,-13607684096.0,13.73,13.4988,43.842255,2444230000000.0,0.006055908,1.0483513,0.7793505,0.9987516,4617805127,14566.341,14541.977
510185,2022/6/22,600519.SHA,8.7025,-13607684096.0,13.73,13.4988,43.62279,2432000000000.0,0.006055908,1.0347408,0.76615256,0.9989579,3813775294,14611.184,14469.182
510186,2022/6/23,600519.SHA,8.7025,-13607684096.0,13.73,13.4988,44.098225,2458500000000.0,0.006055908,1.043731,0.7032715,0.9989581,5239860443,14519.256,14626.878
510187,2022/6/24,600519.SHA,8.7025,-13607684096.0,13.73,13.4988,45.267883,2523710000000.0,0.006055908,1.0703304,0.79770595,0.9995832,7921199792,14723.289,15014.841
510188,2022/6/27,600519.SHA,8.7025,-13607684096.0,13.73,13.4988,45.30258,2525650000000.0,0.006055908,1.0305228,0.5875547,0.9991663,8124448900,15096.528,15026.35
510189,2022/6/28,600519.SHA,8.7025,-13607684096.0,13.73,13.4988,45.876034,2557620000000.0,0.006055908,1.0483929,0.68473727,0.99854046,5112298787,15095.034,15216.557
510190,2022/6/29,600519.SHA,8.7025,-13607684096.0,13.73,13.4988,45.740837,2550080000000.0,0.006055908,1.0433049,0.77341956,0.9987492,6142508408,15156.767,15171.715
510191,2022/6/30,600519.SHA,8.7025,-13607684096.0,13.73,13.4988,46.078827,2568920000000.0,0.006055908,1.0676992,0.75,0.99937475,7984019438,15108.786,15448.733
510192,2022/7/1,600519.SHA,8.7025,-13607684096.0,13.73,13.4988,45.719433,2548890000000.0,0.006055908,1.0479503,0.7673401,0.9989592,4385555299,15524.277,15328.241
510193,2022/7/4,600519.SHA,8.7025,-13607684096.0,13.73,13.4988,45.47045,2535010000000.0,0.006055908,1.0153131,0.58024174,0.99854106,5042804258,15259.949,15244.765
510194,2022/7/5,600519.SHA,8.7025,-13607684096.0,13.73,13.4988,45.808662,2553860000000.0,0.006055908,1.0220816,0.73583335,0.99833333,5345189852,15299.761,15358.156
510195,2022/7/6,600519.SHA,8.7025,-13607684096.0,13.73,13.4988,45.109932,2514910000000.0,0.006055908,0.99391043,0.71532696,0.99875104,6566374982,15350.526,15123.895
510196,2022/7/7,600519.SHA,8.7025,-13607684096.0,13.73,13.4988,44.839542,2499830000000.0,0.006055908,0.990873,0.5013533,0.99833506,4179088240,15146.558,15033.242
510197,2022/7/8,600519.SHA,8.7025,-13607684096.0,13.73,13.4988,45.04233,2511140000000.0,0.006055908,0.9775061,0.38439125,0.9979197,3134903462,15146.558,15101.231
510198,2022/7/11,600519.SHA,8.7025,-13607684096.0,13.73,13.4988,44.244686,2466670000000.0,0.006055908,0.9677435,0.36836627,0.99791884,4709248310,15034.753,14833.806
510199,2022/7/12,600519.SHA,8.7025,-13607684096.0,13.73,13.4988,43.902416,2447590000000.0,0.006055908,0.9655154,0.5396627,0.99791926,4562731381,14844.382,14719.055
510200,2022/7/13,600519.SHA,8.7025,-13607684096.0,13.73,13.4988,44.138557,2460750000000.0,0.006055908,0.96354175,0.33714882,0.99792016,3893406034,14693.294,14798.225
510201,2022/7/14,600519.SHA,8.7025,-13607684096.0,13.73,13.4988,44.00584,2453350000000.0,0.006055908,0.9755245,0.31878635,0.997715,4014985518,14806.61,14753.7295
510202,2022/7/15,600519.SHA,8.7025,-13607684096.0,13.73,13.4988,43.92698,2448960000000.0,0.006055908,0.97964823,0.5833852,0.998132,6588730699,14694.125,14727.289
510203,2022/7/18,600519.SHA,8.7025,-13607684096.0,13.73,13.4988,43.975647,2451670000000.0,0.006055908,0.9763182,0.35352698,0.9983406,4701936868,14748.895,14743.606
510204,2022/7/19,600519.SHA,8.7025,-13607684096.0,13.73,13.4988,43.782772,2440920000000.0,0.006055908,0.98956007,0.31161827,0.9987557,4250852886,14693.294,14678.941
510205,2022/7/20,600519.SHA,8.7025,-13607684096.0,13.73,13.4988,43.9405,2449710000000.0,0.006055908,1.0008674,0.23973455,0.99875623,3659970961,14797.167,14731.822
510206,2022/7/21,600519.SHA,8.7025,-13607684096.0,13.73,13.4988,43.690388,2435770000000.0,0.006055908,0.9898463,0.25373134,0.99875623,2735503093,14678.941,14647.968
510207,2022/7/22,600519.SHA,8.7025,-13607684096.0,13.73,13.4988,43.870647,2445820000000.0,0.006055908,0.9969278,0.34286898,0.998757,4894378605,14725.174,14708.403
510208,2022/7/25,600519.SHA,8.7025,-13607684096.0,13.73,13.4988,43.817696,2442870000000.0,0.006055908,0.9975122,0.26509023,0.9985483,3285451347,14727.364,14690.65
510209,2022/7/26,600519.SHA,8.7025,-13607684096.0,13.73,13.4988,43.942974,2449850000000.0,0.006055908,0.999257,0.37015545,0.9989637,4041100077,14753.654,14732.652
510210,2022/7/27,600519.SHA,8.7025,-13607684096.0,13.73,13.4988,43.253258,2411400000000.0,0.006055908,0.9879059,0.28642488,0.9985492,4149807166,14670.631,14501.413
510211,2022/7/28,600519.SHA,8.7025,-13607684096.0,13.73,13.4988,42.766556,2384260000000.0,0.006055908,0.9732834,0.17678757,0.99937826,6669448409,14512.744,14338.238
510212,2022/7/29,600519.SHA,8.7025,-13607684096.0,13.73,13.4988,42.77647,2384820000000.0,0.006055908,0.979082,0.24170813,0.9995857,7028415881,14316.33,14341.562
510213,2022/8/1,600519.SHA,8.7025,-13607684096.0,13.73,13.4988,42.59306,2374590000000.0,0.006055908,0.9708783,0.15179126,0.99937916,3988198590,14277.878,14280.069
510214,2022/8/2,600519.SHA,8.7025,-13607684096.0,13.73,13.4988,42.360523,2361630000000.0,0.006055908,0.96674466,0.44807613,0.9993795,5284516568,14202.259,14202.107
510215,2022/8/3,600519.SHA,15.6135,36417970176.0,23.72,-27.2313,41.109898,2367930000000.0,0.006848706,0.9665626,0.54983455,0.9995865,4642442196,14277.728,14240.031
510216,2022/8/4,600519.SHA,15.6135,36417970176.0,23.72,-27.2313,41.786194,2406890000000.0,0.006848706,0.99812984,0.73309904,0.9995866,5797110733,14277.803,14474.293
510217,2022/8/5,600519.SHA,15.6135,36417970176.0,23.72,-27.2313,41.959576,2416870000000.0,0.006848706,1.0136775,0.77816826,0.9991736,3857406327,14563.358,14534.35
510218,2022/8/8,600519.SHA,15.6135,36417970176.0,23.72,-27.2313,41.688488,2401260000000.0,0.006848706,1.0068952,0.628176,0.9987608,3220702892,14467.796,14440.449
510219,2022/8/9,600519.SHA,15.6135,36417970176.0,23.72,-27.2313,41.65512,2399340000000.0,0.006848706,1.0104216,0.6741016,0.9985549,2651800008,14440.449,14428.891
510220,2022/8/10,600519.SHA,15.6135,36417970176.0,23.72,-27.2313,40.913616,2356630000000.0,0.006848706,0.99788296,0.2046675,0.9985543,5259452686,14428.739,14172.041
510221,2022/8/11,600519.SHA,15.6135,36417970176.0,23.72,-27.2313,41.587513,2395440000000.0,0.006848706,1.011618,0.14049587,0.9991737,4940834195,14247.585,14405.472
510222,2022/8/12,600519.SHA,15.6135,36417970176.0,23.72,-27.2313,42.047684,2421950000000.0,0.006848706,1.0062578,0.2007435,0.9985558,3882570566,14405.472,14564.87
510223,2022/8/15,600519.SHA,15.6135,36417970176.0,23.72,-27.2313,41.87081,2411760000000.0,0.006848706,0.9978846,0.21800165,0.9985561,3717178491,14507.909,14503.604
510224,2022/8/16,600519.SHA,15.6135,36417970176.0,23.72,-27.2313,41.826103,2409190000000.0,0.006848706,1.003301,0.32460842,0.9983515,2854189586,14534.199,14488.117
510225,2022/8/17,600519.SHA,15.6135,36417970176.0,23.72,-27.2313,41.829594,2409390000000.0,0.006848706,1.0041885,0.32852432,0.99855787,3508295541,14579.979,14489.326
510226,2022/8/18,600519.SHA,15.6135,36417970176.0,23.72,-27.2313,41.33889,2381120000000.0,0.006848706,1.0103945,0.45252317,0.998147,4384060205,14413.782,14319.352
510227,2022/8/19,600519.SHA,15.6135,36417970176.0,23.72,-27.2313,41.328205,2380510000000.0,0.006848706,0.99376476,0.5326333,0.99753034,2572000762,14338.238,14315.65
510228,2022/8/22,600519.SHA,15.6135,36417970176.0,23.72,-27.2313,41.30574,2379210000000.0,0.006848706,0.98235476,0.32461917,0.99773616,2925285473,14240.106,14307.869
510229,2022/8/23,600519.SHA,15.6135,36417970176.0,23.72,-27.2313,40.78298,2349100000000.0,0.006848706,0.97401935,0.26322287,0.9979428,4452538978,14342.7705,14126.79
510230,2022/8/24,600519.SHA,15.6135,36417970176.0,23.72,-27.2313,40.438183,2329240000000.0,0.006848706,0.96681684,0.49825138,0.9981493,3486382969,14126.64,14007.355
510231,2022/8/25,600519.SHA,15.6135,36417970176.0,23.72,-27.2313,41.109898,2367930000000.0,0.006848706,0.9827946,0.65789473,0.99815196,4107597895,14043.616,14240.031
510232,2022/8/26,600519.SHA,15.6135,36417970176.0,23.72,-27.2313,41.393414,2384260000000.0,0.006848706,1.0013189,0.7533881,0.9983583,4397161135,14353.347,14338.238
510233,2022/8/29,600519.SHA,15.6135,36417970176.0,23.72,-27.2313,40.975117,2360170000000.0,0.006848706,0.9914565,0.61128205,0.9985647,2555981192,14224.922,14193.345
510234,2022/8/30,600519.SHA,15.6135,36417970176.0,23.72,-27.2313,40.782764,2349090000000.0,0.006848706,0.98733884,0.63153577,0.99877,3400091358,14220.012,14126.715
510235,2022/8/31,600519.SHA,15.6135,36417970176.0,23.72,-27.2313,41.960445,2416920000000.0,0.006848706,1.0288715,0.9198606,0.9989752,8518225337,14051.927,14534.652
510236,2022/9/1,600519.SHA,15.6135,36417970176.0,23.72,-27.2313,41.020264,2362770000000.0,0.006848706,1.0143944,0.8027476,0.99938524,5088658955,14445.133,14208.982
510237,2022/9/2,600519.SHA,15.6135,36417970176.0,23.72,-27.2313,40.891808,2355370000000.0,0.006848706,0.99469495,0.59934455,0.9993858,3635162804,14277.35,14164.487
510238,2022/9/5,600519.SHA,15.6135,36417970176.0,23.72,-27.2313,40.01945,2305120000000.0,0.006848706,0.9668072,0.31572482,0.9995907,6764549173,14071.114,13862.312
510239,2022/9/6,600519.SHA,15.6135,36417970176.0,23.72,-27.2313,40.237537,2317680000000.0,0.006848706,0.98199934,0.3701126,0.9993859,3832086313,13865.03,13937.855
510240,2022/9/7,600519.SHA,15.6135,36417970176.0,23.72,-27.2313,39.648914,2283780000000.0,0.006848706,0.97219783,0.22538383,0.999591,5151537330,13862.538,13733.962
510241,2022/9/8,600519.SHA,15.6135,36417970176.0,23.72,-27.2313,39.58327,2280000000000.0,0.006848706,0.9433472,0.059497036,0.9993869,3026766448,13748.995,13711.224
510242,2022/9/9,600519.SHA,15.6135,36417970176.0,23.72,-27.2313,40.23296,2317420000000.0,0.006848706,0.98080695,0.1555283,0.9993875,4991679523,13786.768,13936.269
510243,2022/9/13,600519.SHA,15.6135,36417970176.0,23.72,-27.2313,40.979042,2360400000000.0,0.006848706,1.0021333,0.44852942,0.9997958,5387987148,14202.259,14194.704
510244,2022/9/15,600519.SHA,15.6135,36417970176.0,23.72,-27.2313,41.000854,2361650000000.0,0.006848706,1.0189701,0.861463,0.99959135,3917954256,14126.715,14202.259
510245,2022/9/16,600519.SHA,15.6135,36417970176.0,23.72,-27.2313,40.542866,2335270000000.0,0.006848706,1.0225466,0.9172625,0.9993875,4501527357,14140.3125,14043.616
510246,2022/9/19,600519.SHA,15.6135,36417970176.0,23.72,-27.2313,40.81853,2351150000000.0,0.006848706,1.0312066,0.9365047,0.99938816,3479680771,14013.399,14139.1045
510247,2022/9/20,600519.SHA,15.6135,36417970176.0,23.72,-27.2313,40.957233,2359140000000.0,0.006848706,1.018002,0.90660685,0.9993885,2645281859,14126.563,14187.15
510248,2022/9/21,600519.SHA,15.6135,36417970176.0,23.72,-27.2313,40.302967,2321450000000.0,0.006848706,0.9835019,0.82436836,0.9993889,3904096421,14177.103,13960.519
510249,2022/9/22,600519.SHA,15.6135,36417970176.0,23.72,-27.2313,39.70998,2287300000000.0,0.006848706,0.97421616,0.75484,0.99938875,4147900996,13900.083,13755.114
510250,2022/9/23,600519.SHA,15.6135,36417970176.0,23.72,-27.2313,40.00702,2304410000000.0,0.006848706,0.97576064,0.72377264,0.9993889,5191904760,13755.114,13858.005
510251,2022/9/26,600519.SHA,15.6135,36417970176.0,23.72,-27.2313,40.6301,2340300000000.0,0.006848706,1.0021517,0.83845997,0.999593,6566771227,13748.995,14073.834
510252,2022/9/27,600519.SHA,15.6135,36417970176.0,23.72,-27.2313,41.175323,2371700000000.0,0.006848706,1.008741,0.6880342,0.9995931,5422668135,14118.103,14262.694
510253,2022/9/28,600519.SHA,15.6135,36417970176.0,23.72,-27.2313,41.06628,2365420000000.0,0.006848706,1.0026624,0.8696094,0.99979675,4042506330,14206.036,14224.922
510254,2022/9/29,600519.SHA,15.6135,36417970176.0,23.72,-27.2313,41.008488,2362090000000.0,0.006848706,1.0175054,0.8969093,0.9997967,4075515187,14338.087,14204.903
510255,2022/9/30,600519.SHA,15.6135,36417970176.0,23.72,-27.2313,40.837284,2352230000000.0,0.006848706,1.0283885,0.92861503,0.9997967,4000917951,14342.922,14145.601
510256,2022/10/10,600519.SHA,15.6135,36417970176.0,23.72,-27.2313,38.95081,2243570000000.0,0.006848706,0.97359943,0.7669173,1.0,8865386496,14277.803,13492.1455
510257,2022/10/11,600519.SHA,15.6135,36417970176.0,23.72,-27.2313,38.819736,2236020000000.0,0.006848706,0.95544285,0.3945979,1.0,5712249507,13514.809,13446.744
510258,2022/10/12,600519.SHA,15.6135,36417970176.0,23.72,-27.2313,38.383778,2210910000000.0,0.006848706,0.93220335,0.18364447,1.0,8372252823,13398.925,13295.731
510259,2022/10/13,600519.SHA,15.6135,36417970176.0,23.72,-27.2313,37.07502,2135520000000.0,0.006848706,0.9028094,0.049087223,1.0,10919727537,12997.031,12842.393
510260,2022/10/14,600519.SHA,15.6135,36417970176.0,23.72,-27.2313,37.895473,2182780000000.0,0.006848706,0.9240886,0.037487336,1.0,8045032623,12918.012,13126.589
510261,2022/10/17,600519.SHA,22.4101,36177276928.0,35.34,16.3916,36.22485,2158780000000.0,0.006885867,0.91775703,0.01762918,1.0,5740146639,13038.882,12982.225
510262,2022/10/18,600519.SHA,22.4101,36177276928.0,35.34,16.3916,35.957775,2142860000000.0,0.006885867,0.955112,0.016204173,1.0,4800689502,13031.328,12886.51
510263,2022/10/19,600519.SHA,22.4101,36177276928.0,35.34,16.3916,34.738754,2070210000000.0,0.006885867,0.9258479,0.009512245,1.0,9997656284,12857.426,12449.64
510264,2022/10/20,600519.SHA,22.4101,36177276928.0,35.34,16.3916,34.643898,2064560000000.0,0.006885867,0.93380684,0.0289298,1.0,7020555512,12245.671,12415.645
510265,2022/10/21,600519.SHA,22.4101,36177276928.0,35.34,16.3916,34.232853,2040070000000.0,0.006885867,0.95529974,0.06286638,1.0,6317945876,12389.204,12268.334
510266,2022/10/24,600519.SHA,22.4101,36177276928.0,35.34,16.3916,31.645994,1885900000000.0,0.006885867,0.8639913,0.01414713,1.0,20217576174,11860.397,11341.259
510267,2022/10/25,600519.SHA,22.4101,36177276928.0,35.34,16.3916,31.192156,1858860000000.0,0.006885867,0.8610707,0.020622725,1.0,12136909034,11176.12,11178.613
510268,2022/10/26,600519.SHA,22.4101,36177276928.0,35.34,16.3916,30.861843,1839170000000.0,0.006885867,0.8582801,0.016777845,1.0,12120993864,11246.98,11060.235
510269,2022/10/27,600519.SHA,22.4101,36177276928.0,35.34,16.3916,29.532158,1759930000000.0,0.006885867,0.8501214,0.015145396,1.0,15258551283,11180.502,10583.705
510270,2022/10/28,600519.SHA,22.4101,36177276928.0,35.34,16.3916,28.667906,1708430000000.0,0.006885867,0.8275023,0.017763423,1.0,12823821843,10506.423,10273.975
510271,2022/10/31,600519.SHA,22.4101,36177276928.0,35.34,16.3916,28.457111,1695870000000.0,0.006885867,0.8312808,0.021405492,1.0,9758303071,10198.431,10198.431
510272,2022/11/1,600519.SHA,22.4101,36177276928.0,35.34,16.3916,30.818209,1836570000000.0,0.006885867,0.9738423,0.23121971,1.0,16859775304,10266.42,11044.598
510273,2022/11/2,600519.SHA,22.4101,36177276928.0,35.34,16.3916,31.027948,1849070000000.0,0.006885867,0.9947356,0.2741219,1.0,11717204099,11029.414,11119.765
510274,2022/11/3,600519.SHA,22.4101,36177276928.0,35.34,16.3916,30.343714,1808300000000.0,0.006885867,0.98321134,0.2544868,1.0,6509550787,10905.295,10874.549
510275,2022/11/4,600519.SHA,22.4101,36177276928.0,35.34,16.3916,31.968298,1905110000000.0,0.006885867,1.082491,0.84985894,1.0,11996968945,10862.915,11456.766
510276,2022/11/7,600519.SHA,22.4101,36177276928.0,35.34,16.3916,31.768887,1893230000000.0,0.006885867,1.1081691,0.7488419,1.0,6414049133,11286.641,11385.301
510277,2022/11/8,600519.SHA,22.4101,36177276928.0,35.34,16.3916,31.300293,1865300000000.0,0.006885867,1.0999111,0.7809543,1.0,5842320995,11392.024,11217.367
510278,2022/11/9,600519.SHA,22.4101,36177276928.0,35.34,16.3916,30.773731,1833920000000.0,0.006885867,0.9985568,0.15153955,1.0,5276777530,11210.342,11028.658
510279,2022/11/10,600519.SHA,22.4101,36177276928.0,35.34,16.3916,31.09203,1852890000000.0,0.006885867,1.0020652,0.32381335,1.0,5518325849,10908.544,11142.7295
510280,2022/11/11,600519.SHA,22.4101,36177276928.0,35.34,16.3916,32.2124,1919660000000.0,0.006885867,1.0615839,0.81017494,1.0,11252112275,11543.112,11544.246
510281,2022/11/14,600519.SHA,22.4101,36177276928.0,35.34,16.3916,32.314632,1925750000000.0,0.006885867,1.0108337,0.57412994,1.0,8858049581,11660.206,11580.885
510282,2022/11/15,600519.SHA,22.4101,36177276928.0,35.34,16.3916,33.473995,1994840000000.0,0.006885867,1.0536723,0.829077,1.0,8858377894,11573.33,11996.376
510283,2022/11/16,600519.SHA,22.4101,36177276928.0,35.34,16.3916,33.416027,1991390000000.0,0.006885867,1.0675946,0.8791474,1.0,4250886805,11943.495,11975.602
510284,2022/11/17,600519.SHA,22.4101,36177276928.0,35.34,16.3916,33.03133,1968460000000.0,0.006885867,1.0733612,0.8751759,1.0,4793001162,12015.262,11837.733
510285,2022/11/18,600519.SHA,22.4101,36177276928.0,35.34,16.3916,33.03407,1968630000000.0,0.006885867,1.062461,0.8520603,1.0,3703793426,11905.724,11838.716
510286,2022/11/21,600519.SHA,22.4101,36177276928.0,35.34,16.3916,32.04018,1909400000000.0,0.006885867,0.99465364,0.34813178,0.99979913,5917086070,11643.964,11482.526
510287,2022/11/22,600519.SHA,22.4101,36177276928.0,35.34,16.3916,32.461132,1934480000000.0,0.006885867,1.0045335,0.56695443,0.99979925,4582790131,11463.338,11633.388
510288,2022/11/23,600519.SHA,22.4101,36177276928.0,35.34,16.3916,32.6519,1945850000000.0,0.006885867,0.9754408,0.48956242,0.9993983,3428793052,11543.112,11701.755
510289,2022/11/24,600519.SHA,22.4101,36177276928.0,35.34,16.3916,32.04039,1909410000000.0,0.006885867,0.958833,0.2584202,0.9995991,4241974248,11777.299,11482.602
510290,2022/11/25,600519.SHA,22.4101,36177276928.0,35.34,16.3916,32.08297,1911950000000.0,0.006885867,0.9712891,0.5033073,0.9993993,2833988373,11486.53,11497.861
510291,2022/11/28,600519.SHA,22.4101,36177276928.0,35.34,16.3916,31.827276,1896710000000.0,0.006885867,0.96346825,0.4154154,0.99979985,7040991068,11216.611,11406.227
510292,2022/11/29,600519.SHA,22.4101,36177276928.0,35.34,16.3916,33.705868,2008660000000.0,0.006885867,1.0519875,0.8865546,0.9998,11587859176,11857.073,12079.475
510293,2022/11/30,600519.SHA,22.4101,36177276928.0,35.34,16.3916,33.705868,2008660000000.0,0.006885867,1.0383455,0.8263653,0.99979997,5019450678,11989.729,12079.475
510294,2022/12/1,600519.SHA,22.4101,36177276928.0,35.34,16.3916,34.37619,2048610000000.0,0.006885867,1.0528083,0.84076816,0.9998,8480772923,12540.292,12319.704
510295,2022/12/2,600519.SHA,22.4101,36177276928.0,35.34,16.3916,34.441116,2052480000000.0,0.006885867,1.0749282,0.890178,1.0,3910860618,12351.433,12342.972
510296,2022/12/5,600519.SHA,22.4101,36177276928.0,35.34,16.3916,35.094997,2091440000000.0,0.006885867,1.0938824,0.89575833,1.0,6018521304,12600.728,12577.309
510297,2022/12/6,600519.SHA,22.4101,36177276928.0,35.34,16.3916,35.58193,2120460000000.0,0.006885867,1.1179696,0.9313863,1.0,7477917194,12502.5205,12751.815
510298,2022/12/7,600519.SHA,22.4101,36177276928.0,35.34,16.3916,35.497612,2115440000000.0,0.006885867,1.0531582,0.8238,0.9996002,6012253045,12674.836,12721.598
510299,2022/12/8,600519.SHA,22.4101,36177276928.0,35.34,16.3916,35.56127,2119230000000.0,0.006885867,1.0550469,0.8294682,0.9996003,3323420877,12706.489,12744.412
510300,2022/12/9,600519.SHA,22.4101,36177276928.0,35.34,16.3916,36.467262,2173220000000.0,0.006885867,1.060829,0.88544583,0.99980015,6716944493,12782.033,13069.1
510301,2022/12/12,600519.SHA,22.4101,36177276928.0,35.34,16.3916,36.6574,2184550000000.0,0.006885867,1.0643499,0.90553224,0.9998003,6063957619,12962.281,13137.24
510302,2022/12/13,600519.SHA,22.4101,36177276928.0,35.34,16.3916,36.888847,2198350000000.0,0.006885867,1.0511142,0.89616615,0.9998004,3735089152,13121.98,13220.1875
510303,2022/12/14,600519.SHA,22.4101,36177276928.0,35.34,16.3916,37.328773,2224560000000.0,0.006885867,1.0490936,0.8979633,0.9998004,5141262368,13167.307,13377.848
510304,2022/12/15,600519.SHA,22.4101,36177276928.0,35.34,16.3916,37.668575,2244810000000.0,0.006885867,1.061158,0.9399202,0.99980056,5497063390,13635.68,13499.625
510305,2022/12/16,600519.SHA,22.4101,36177276928.0,35.34,16.3916,37.666042,2244660000000.0,0.006885867,1.0591872,0.94037884,0.99980074,5901587128,13395.827,13498.718
510306,2022/12/19,600519.SHA,22.4101,36177276928.0,35.34,16.3916,37.373672,2227240000000.0,0.006885867,1.0248555,0.92781657,0.99980074,4447236356,13588.842,13393.938
510307,2022/12/20,600519.SHA,22.4101,36177276928.0,35.34,16.3916,36.151073,2154380000000.0,0.006885867,0.98618764,0.8274213,0.99980074,7944120661,13335.997,12955.784
510308,2022/12/21,600519.SHA,22.4101,36177276928.0,35.34,16.3916,36.656975,2184530000000.0,0.006885867,0.99371433,0.8861189,0.9998006,3948926227,13023.773,13137.09
510309,2022/12/22,600519.SHA,22.4101,36177276928.0,35.34,16.3916,37.268276,2220960000000.0,0.006885867,0.99837935,0.924348,1.0,4093861570,13270.802,13356.167
510310,2022/12/23,600519.SHA,22.4101,36177276928.0,35.34,16.3916,37.331516,2224730000000.0,0.006885867,0.991052,0.9077168,1.0,3063608409,13238.318,13378.83
514360,2022/1/10,600547.SHA,-4.3108,725432320.0,-0.28,110.4139,-102.21233,85889846880.0,0.0039992,1.0328133,0.7210447,0.7752569,306082473,416.28552,421.11075
514361,2022/1/11,600547.SHA,-4.3108,725432320.0,-0.28,110.4139,-102.957634,86516127014.0,0.0039992,1.0276302,0.73137844,0.7940925,391928134,422.8654,424.18137
514362,2022/1/12,600547.SHA,-4.3108,725432320.0,-0.28,110.4139,-103.6497,87097672852.0,0.0039992,1.029614,0.8037243,0.8039803,348822223,426.59396,427.03262
514363,2022/1/13,600547.SHA,-4.3108,725432320.0,-0.28,110.4139,-104.44823,87768687281.0,0.0039992,1.028302,0.7596833,0.82887703,574812153,428.56793,430.32257
514364,2022/1/14,600547.SHA,-4.3108,725432320.0,-0.28,110.4139,-103.0641,86605595604.0,0.0039992,1.0136126,0.7817715,0.8387511,345411494,431.19986,424.62003
514365,2022/1/17,600547.SHA,-4.3108,725432320.0,-0.28,110.4139,-102.05263,85755643994.0,0.0039992,1.0089474,0.50470686,0.843389,264576734,422.8654,420.45276
514366,2022/1/18,600547.SHA,-4.3108,725432320.0,-0.28,110.4139,-101.62674,85397769632.0,0.0039992,0.99427086,0.567793,0.8352212,256962777,420.6721,418.69815
514367,2022/1/19,600547.SHA,-4.3108,725432320.0,-0.28,110.4139,-102.478516,86113518356.0,0.0039992,0.9953464,0.5290722,0.8294872,294162273,416.9435,422.2074
514368,2022/1/20,600547.SHA,-4.3108,725432320.0,-0.28,110.4139,-103.8094,87231875738.0,0.0039992,1.0015409,0.7775641,0.8496048,638372327,430.10324,427.6906
514369,2022/1/21,600547.SHA,-4.3108,725432320.0,-0.28,110.4139,-105.35323,88529170300.0,0.0039992,1.0086646,0.8209784,0.8521999,595934167,425.4973,434.05115
514370,2022/1/24,600547.SHA,-4.3108,725432320.0,-0.28,110.4139,-104.71441,87992358757.0,0.0039992,1.0160123,0.82486117,0.8614728,378008065,429.8839,431.4192
514371,2022/1/25,600547.SHA,-4.3108,725432320.0,-0.28,110.4139,-107.37618,90229073519.0,0.0039992,1.0521649,0.9692505,0.90994453,1171759555,435.36713,442.38562
514372,2022/1/26,600547.SHA,-4.3108,725432320.0,-0.28,110.4139,-105.77912,88887044662.0,0.0039992,1.040859,0.9611526,0.92785484,662322507,436.46375,435.80576
514373,2022/1/27,600547.SHA,-4.3108,725432320.0,-0.28,110.4139,-98.80526,83026851984.0,0.0039992,0.96415585,0.881186,0.9462572,868894053,425.4973,407.07373
514374,2022/1/28,600547.SHA,-4.3108,725432320.0,-0.28,110.4139,-99.816734,83876803594.0,0.0039992,0.96153843,0.744191,0.9441603,366289823,401.3712,411.24097
514375,2022/2/7,600547.SHA,-4.3108,725432320.0,-0.28,110.4139,-100.02968,84055740775.0,0.0039992,0.9494694,0.41645354,0.9401364,309009738,412.55695,412.1183
514376,2022/2/8,600547.SHA,-4.3108,725432320.0,-0.28,110.4139,-101.62674,85397769632.0,0.0039992,0.9705135,0.45258898,0.93929714,249588751,415.84686,418.69815
514377,2022/2/9,600547.SHA,-4.3108,725432320.0,-0.28,110.4139,-102.478516,86113518356.0,0.0039992,0.9543877,0.11839864,0.90974885,241646737,421.33008,422.2074
514378,2022/2/10,600547.SHA,-4.3108,725432320.0,-0.28,110.4139,-102.69145,86292455537.0,0.0039992,0.9708103,0.19510639,0.88900703,292589369,424.4007,423.08472
514379,2022/2/11,600547.SHA,-4.3108,725432320.0,-0.28,110.4139,-100.987915,84860958089.0,0.0039992,1.0220906,0.41505423,0.83807904,238729528,419.1368,416.0662
514380,2022/2/14,600547.SHA,-4.3108,725432320.0,-0.28,110.4139,-106.31148,89334387614.0,0.0039992,1.0650667,0.8087954,0.8899511,1157267287,427.47128,437.99905
514381,2022/2/15,600547.SHA,-4.3108,725432320.0,-0.28,110.4139,-107.163246,90050136338.0,0.0039992,1.0713145,0.8986831,0.90739167,643978858,445.89487,441.5083
514382,2022/2/16,600547.SHA,-4.3108,725432320.0,-0.28,110.4139,-102.79793,86381924128.0,0.0039992,1.0115243,0.63926065,0.92162275,626270685,426.8133,423.52338
514383,2022/2/17,600547.SHA,-4.3108,725432320.0,-0.28,110.4139,-107.6956,90497479291.0,0.0039992,1.0509092,0.90654206,0.9428875,1075747448,427.6906,443.7016
514384,2022/2/18,600547.SHA,-4.3108,725432320.0,-0.28,110.4139,-105.99206,89065981843.0,0.0039992,1.032141,0.8180853,0.9530885,688149886,450.06213,436.68307
514385,2022/2/21,600547.SHA,-4.3108,725432320.0,-0.28,110.4139,-105.672646,88797576071.0,0.0039992,1.0463891,0.6838641,0.9579618,363547200,437.5604,435.36713
514386,2022/2/22,600547.SHA,-4.3108,725432320.0,-0.28,110.4139,-108.92002,91526368082.0,0.0039992,1.0245368,0.6041622,0.9579618,1260502772,445.89487,448.74615
514387,2022/2/23,600547.SHA,-4.3108,725432320.0,-0.28,110.4139,-106.15177,89200184729.0,0.0039992,0.99056137,0.16157113,0.957352,750064994,439.97302,437.34106
514388,2022/2/24,600547.SHA,-4.3108,725432320.0,-0.28,110.4139,-113.9774,95776126130.0,0.0039992,1.1087519,0.9439966,0.97475606,2893065923,440.8503,469.58237
514389,2022/2/25,600547.SHA,-4.3108,725432320.0,-0.28,110.4139,-110.51709,92868396939.0,0.0039992,1.0261987,0.7051336,0.9781594,1925005399,446.99152,455.32602
514390,2022/2/28,600547.SHA,-4.3108,725432320.0,-0.28,110.4139,-110.51709,92868396939.0,0.0039992,1.0426922,0.8063627,0.97964376,1241527353,454.01004,455.32602
514391,2022/3/1,600547.SHA,-4.3108,725432320.0,-0.28,110.4139,-108.65384,91302696605.0,0.0039992,1.0282116,0.7757049,0.98050433,698250821,446.7722,447.6495
514392,2022/3/2,600547.SHA,-4.3108,725432320.0,-0.28,110.4139,-109.3459,91884242444.0,0.0039992,1.0039101,0.47075033,0.97923726,730824662,454.88736,450.5008
514393,2022/3/3,600547.SHA,-4.3108,725432320.0,-0.28,110.4139,-108.6006,91257962310.0,0.0039992,1.0230693,0.7639831,0.9775424,541777607,443.7016,447.43018
514394,2022/3/4,600547.SHA,-4.3108,725432320.0,-0.28,110.4139,-107.6956,90497479291.0,0.0039992,0.94488555,0.10230883,0.9622961,689870965,450.93942,443.7016
514395,2022/3/7,600547.SHA,-4.3108,725432320.0,-0.28,110.4139,-112.4868,94523565863.0,0.0039992,1.0178227,0.77627116,0.96337074,2035898008,456.64197,463.44116
514396,2022/3/8,600547.SHA,-4.3108,725432320.0,-0.28,110.4139,-112.43357,94478831568.0,0.0039992,1.017341,0.8954449,0.96101695,1114327807,460.37057,463.22183
514397,2022/3/9,600547.SHA,-4.3108,725432320.0,-0.28,110.4139,-116.16006,97610232236.0,0.0039992,1.0690838,0.9648156,0.9749894,2465493843,467.16974,478.57483
514398,2022/3/10,600547.SHA,-4.3108,725432320.0,-0.28,110.4139,-114.243576,95999797607.0,0.0039992,1.0447906,0.9425726,0.9771138,1523614592,454.66803,470.67902
514399,2022/3/11,600547.SHA,-4.3108,725432320.0,-0.28,110.4139,-111.528564,93718348549.0,0.0039992,1.0269608,0.90995765,0.97881806,1177799184,466.07312,459.49326
514400,2022/3/14,600547.SHA,-4.3108,725432320.0,-0.28,110.4139,-108.12148,90855353653.0,0.0039992,1.0039545,0.8971211,0.9786289,838789651,451.37808,445.45624
514401,2022/3/15,600547.SHA,-4.3108,725432320.0,-0.28,110.4139,-101.04115,84905692385.0,0.0039992,0.8982489,0.5290882,0.9752538,1305551973,434.27048,416.28552
514402,2022/3/16,600547.SHA,-4.3108,725432320.0,-0.28,110.4139,-100.34909,84324146546.0,0.0039992,0.89251894,0.10469543,0.9744132,789486586,414.75024,413.43427
514403,2022/3/17,600547.SHA,-4.3108,725432320.0,-0.28,110.4139,-101.46703,85263566747.0,0.0039992,0.87351054,0.021780504,0.9621565,940690785,414.75024,418.04016
514404,2022/3/18,600547.SHA,-4.3108,725432320.0,-0.28,110.4139,-100.93468,84816223794.0,0.0039992,0.88350415,0.024318038,0.953508,555052865,420.01413,415.84686
514405,2022/3/21,600547.SHA,-4.3108,725432320.0,-0.28,110.4139,-101.52027,85308301042.0,0.0039992,0.9102625,0.033593915,0.94530094,510478923,411.67963,418.2595
514406,2022/3/22,600547.SHA,-4.3108,725432320.0,-0.28,110.4139,-103.8094,87231875738.0,0.0039992,0.9601181,0.09712838,0.9415488,663733315,416.0662,427.6906
514407,2022/3/23,600547.SHA,-4.3108,725432320.0,-0.28,110.4139,-103.86264,87276610033.0,0.0039992,1.0279242,0.15337552,0.9257541,385412262,423.30405,427.90994
514408,2022/3/24,600547.SHA,-4.3108,725432320.0,-0.28,110.4139,-111.901215,94031488616.0,0.0039992,1.1151193,0.8968137,0.9485341,1745009181,431.85785,461.02853
514409,2022/3/25,600547.SHA,-4.3108,725432320.0,-0.28,110.4139,-114.722694,96402406264.0,0.0039992,1.13064,0.94998944,0.96035427,1664005015,464.5378,472.65295
514410,2022/3/28,600547.SHA,-4.3108,725432320.0,-0.28,110.4139,-115.94711,97431295055.0,0.0039992,1.1487342,0.9761754,0.97006744,1345949380,471.99496,477.6975
514411,2022/3/29,600547.SHA,-0.6681,15729497088.0,-0.09,875.0308,-503.49594,97520763645.0,0.003998784,1.1431568,0.9810287,0.97662663,1138138370,466.07312,478.13617
514412,2022/3/30,600547.SHA,-0.6681,15729497088.0,-0.09,875.0308,-497.95285,96447140559.0,0.003998784,1.105641,0.9639924,0.9778994,694054841,473.96893,472.87228
514413,2022/3/31,600547.SHA,-0.6681,15729497088.0,-0.09,875.0308,-496.56708,96178734788.0,0.003998784,1.1019989,0.96523386,0.97830206,619987079,473.0916,471.5563
514414,2022/4/1,600547.SHA,-0.6681,15729497088.0,-0.09,875.0308,-498.4148,96536609150.0,0.003998784,1.0266414,0.75537294,0.9665122,492111048,472.65295,473.31094
514415,2022/4/6,600547.SHA,-0.6681,15729497088.0,-0.09,875.0308,-502.80304,97386560759.0,0.003998784,1.0102088,0.5535188,0.95765746,729396945,470.67902,477.47818
514416,2022/4/7,600547.SHA,-0.6681,15729497088.0,-0.09,875.0308,-506.0365,98012840893.0,0.003998784,1.0059688,0.6626633,0.94314593,541556359,473.53027,480.5488
514417,2022/4/8,600547.SHA,-0.6681,15729497088.0,-0.09,875.0308,-534.6757,103560000000.0,0.003998784,1.0619266,0.8679722,0.9555789,1831736587,484.71603,507.7455
514418,2022/4/11,600547.SHA,-0.6681,15729497088.0,-0.09,875.0308,-532.3661,103113000000.0,0.003998784,1.0691094,0.9361971,0.9631579,1230746957,511.91278,505.55225
514419,2022/4/12,600547.SHA,-0.6681,15729497088.0,-0.09,875.0308,-538.833,104365000000.0,0.003998784,1.0851164,0.94276094,0.9661267,884240629,500.5077,511.69345
514420,2022/4/13,600547.SHA,-0.6681,15729497088.0,-0.09,875.0308,-532.59705,103157000000.0,0.003998784,1.068582,0.94363827,0.97140455,907623163,513.8867,505.77158
514421,2022/4/14,600547.SHA,-0.6681,15729497088.0,-0.09,875.0308,-524.2825,101547000000.0,0.003998784,1.0427194,0.9163338,0.97142255,798968816,505.55225,497.87573
514422,2022/4/15,600547.SHA,-0.6681,15729497088.0,-0.09,875.0308,-501.1863,97073420693.0,0.003998784,0.99041533,0.7463722,0.9741379,984974574,495.9018,475.9429
514423,2022/4/18,600547.SHA,-0.6681,15729497088.0,-0.09,875.0308,-508.80804,98549652436.0,0.003998784,0.95161986,0.40563855,0.964451,596488366,482.52274,483.18073
514424,2022/4/19,600547.SHA,-0.6681,15729497088.0,-0.09,875.0308,-507.88422,98370715255.0,0.003998784,0.954013,0.18401682,0.95754516,500301026,477.47818,482.3034
514425,2022/4/20,600547.SHA,1.0716,-4861491712.0,0.05,-70.3032,211.76076,93136802711.0,0.005024822,0.89241314,0.08532997,0.9577731,823442690,471.5563,456.64197
514426,2022/4/21,600547.SHA,1.0716,-4861491712.0,0.05,-70.3032,203.62393,89558059091.0,0.005024822,0.86816996,0.07076859,0.95674086,669237319,460.5899,439.0957
514427,2022/4/22,600547.SHA,1.0716,-4861491712.0,0.05,-70.3032,205.55643,90408010700.0,0.005024822,0.8903084,0.20268852,0.9550703,597469445,438.65704,443.26294
514428,2022/4/25,600547.SHA,1.0716,-4861491712.0,0.05,-70.3032,189.79134,83474194937.0,0.005024822,0.8599078,0.3852614,0.95654,901213046,431.85785,409.26703
514429,2022/4/26,600547.SHA,1.0716,-4861491712.0,0.05,-70.3032,184.4007,81103277288.0,0.005024822,0.82296866,0.39726892,0.9603358,758098730,409.26703,397.6426
514430,2022/4/27,600547.SHA,1.0716,-4861491712.0,0.05,-70.3032,189.38449,83295257756.0,0.005024822,0.84674853,0.40243647,0.9588581,616052405,393.6947,408.3897
514431,2022/4/28,600547.SHA,1.0716,-4861491712.0,0.05,-70.3032,186.02806,81819026012.0,0.005024822,0.8784822,0.64016825,0.95313156,476211215,401.3712,401.15186
514432,2022/4/29,600547.SHA,1.0716,-4861491712.0,0.05,-70.3032,194.87685,85710909699.0,0.005024822,0.957043,0.663862,0.94934845,655962833,405.3191,420.23346
514433,2022/5/5,600547.SHA,1.0716,-4861491712.0,0.05,-70.3032,193.45291,85084629566.0,0.005024822,0.94111824,0.4233794,0.94177645,489407350,416.50485,417.16284
514434,2022/5/6,600547.SHA,1.0716,-4861491712.0,0.05,-70.3032,187.452,82445306146.0,0.005024822,0.9876742,0.29683545,0.9303944,393660273,405.75775,404.22247
514435,2022/5/9,600547.SHA,1.0716,-4861491712.0,0.05,-70.3032,186.43489,81997963193.0,0.005024822,1.0110314,0.16202532,0.91919833,345491935,404.66113,402.02917
514436,2022/5/10,600547.SHA,1.0716,-4861491712.0,0.05,-70.3032,185.72293,81684823127.0,0.005024822,0.9806659,0.09065992,0.914647,483983423,396.54596,400.49387
514437,2022/5/11,600547.SHA,1.0716,-4861491712.0,0.05,-70.3032,185.21437,81461151650.0,0.005024822,0.9956261,0.07312961,0.9140872,561134878,394.13336,399.39725
514438,2022/5/12,600547.SHA,1.0716,-4861491712.0,0.05,-70.3032,182.4682,80253325679.0,0.005024822,0.93632567,0.033487786,0.9142797,546905968,399.61658,393.47537
514439,2022/5/13,600547.SHA,1.0716,-4861491712.0,0.05,-70.3032,183.587,80745402926.0,0.005024822,0.949001,0.034105264,0.91243947,355566149,389.52747,395.88797
514440,2022/5/16,600547.SHA,1.0716,-4861491712.0,0.05,-70.3032,182.16307,80119122793.0,0.005024822,0.9717851,0.036,0.91326314,376867072,395.66864,392.81738
514441,2022/5/17,600547.SHA,1.0716,-4861491712.0,0.05,-70.3032,183.38359,80655934336.0,0.005024822,0.98363334,0.11892233,0.9090718,364274094,394.79132,395.4493
514442,2022/5/18,600547.SHA,1.0716,-4861491712.0,0.05,-70.3032,181.04425,79627045545.0,0.005024822,0.97480834,0.11939356,0.9113498,427461727,392.37872,390.40475
514443,2022/5/19,600547.SHA,1.0716,-4861491712.0,0.05,-70.3032,180.84084,79537576955.0,0.005024822,0.97638655,0.11986518,0.91008633,434033239,388.65015,389.9661
514444,2022/5/20,600547.SHA,1.0716,-4861491712.0,0.05,-70.3032,184.29898,81058542993.0,0.005024822,1.0100334,0.31740686,0.90551347,496362838,393.47537,397.42328
514445,2022/5/23,600547.SHA,1.0716,-4861491712.0,0.05,-70.3032,188.16397,82758446213.0,0.005024822,1.0249307,0.4199116,0.9158072,627353751,399.17792,405.75775
514446,2022/5/24,600547.SHA,1.0716,-4861491712.0,0.05,-70.3032,182.26477,80163857088.0,0.005024822,1.0005584,0.62715787,0.9166491,470469517,402.46783,393.0367
514447,2022/5/25,600547.SHA,1.0716,-4861491712.0,0.05,-70.3032,187.96056,82668977622.0,0.005024822,1.0249584,0.65460664,0.93334734,800843543,395.66864,405.3191
514448,2022/5/26,600547.SHA,1.0716,-4861491712.0,0.05,-70.3032,188.06226,82713711917.0,0.005024822,1.038764,0.77163863,0.930042,384596456,402.46783,405.53842
514449,2022/5/27,600547.SHA,1.0716,-4861491712.0,0.05,-70.3032,188.26569,82803180508.0,0.005024822,1.0410573,0.81778055,0.931737,456413862,406.1964,405.97708
514450,2022/5/30,600547.SHA,1.0716,-4861491712.0,0.05,-70.3032,188.06226,82713711917.0,0.005024822,1.0204194,0.7057095,0.9280017,341408398,402.9065,405.53842
514451,2022/5/31,600547.SHA,1.0716,-4861491712.0,0.05,-70.3032,187.04517,82266368965.0,0.005024822,0.9940541,0.46037737,0.9203855,452768006,402.46783,403.34515
514452,2022/6/1,600547.SHA,1.0716,-4861491712.0,0.05,-70.3032,184.70583,81237480174.0,0.005024822,1.0133928,0.20506912,0.9233508,471057226,399.61658,398.3006
514453,2022/6/2,600547.SHA,1.0716,-4861491712.0,0.05,-70.3032,185.5195,81595354536.0,0.005024822,0.987013,0.14596859,0.9003559,346822586,398.73926,400.0552
514454,2022/6/6,600547.SHA,1.0716,-4861491712.0,0.05,-70.3032,185.92635,81774291717.0,0.005024822,0.9886425,0.121813625,0.9058062,623908732,395.01065,400.93253
514455,2022/6/7,600547.SHA,1.0716,-4861491712.0,0.05,-70.3032,184.70583,81237480174.0,0.005024822,0.9810913,0.10271399,0.9008351,438710553,398.3006,398.3006
514456,2022/6/8,600547.SHA,1.0716,-4861491712.0,0.05,-70.3032,186.5366,82042697489.0,0.005024822,0.9918875,0.18162839,0.90605426,526164647,399.39725,402.2485
514457,2022/6/9,600547.SHA,1.0716,-4861491712.0,0.05,-70.3032,189.68962,83429460641.0,0.005024822,1.0141381,0.6222593,0.9229484,915385477,401.80984,409.0477
514458,2022/6/10,600547.SHA,1.0716,-4861491712.0,0.05,-70.3032,187.14687,82311103260.0,0.005024822,1.0132159,0.54297036,0.93222106,840909807,403.56448,403.56448
518387,2022/1/10,600570.SHA,15.1568,140440960.0,0.47,-105.7194,54.549915,86202837110.0,0.007951907,0.9543689,0.21943909,0.91352737,468903970,2009.7412,2019.3276
518388,2022/1/11,600570.SHA,15.1568,140440960.0,0.47,-105.7194,53.569534,84653583002.0,0.007951907,0.9319388,0.18364726,0.9105308,390537548,2014.8768,1983.0359
518389,2022/1/12,600570.SHA,15.1568,140440960.0,0.47,-105.7194,54.568413,86232068320.0,0.007951907,0.9444533,0.16802226,0.909908,517245338,1992.6224,2020.0125
518390,2022/1/13,600570.SHA,15.1568,140440960.0,0.47,-105.7194,54.096718,85486672475.0,0.007951907,0.93136936,0.105071686,0.90631014,415608322,2025.1481,2002.5513
518391,2022/1/14,600570.SHA,15.1568,140440960.0,0.47,-105.7194,53.301315,84229730462.0,0.007951907,0.9661358,0.36285836,0.8864414,505475048,1990.9105,1973.107
518392,2022/1/17,600570.SHA,15.1568,140440960.0,0.47,-105.7194,54.050476,85413594451.0,0.007951907,0.9938776,0.37740692,0.889816,686614171,1985.0902,2000.8395
518393,2022/1/18,600570.SHA,15.1568,140440960.0,0.47,-105.7194,55.35457,87474394728.0,0.007951907,1.0147507,0.72476476,0.9145116,1175249356,2006.3174,2049.1143
518394,2022/1/19,600570.SHA,15.1568,140440960.0,0.47,-105.7194,55.419308,87576703962.0,0.007951907,1.0345304,0.7890124,0.9183761,551993390,2030.6261,2051.511
518395,2022/1/20,600570.SHA,15.1568,140440960.0,0.47,-105.7194,55.678276,87985940896.0,0.007951907,1.020339,0.8489316,0.9154027,509787350,2064.8635,2061.0974
518396,2022/1/21,600570.SHA,15.1568,140440960.0,0.47,-105.7194,55.9095,88351331016.0,0.007951907,1.03351,0.88485366,0.92481846,761910087,2064.5212,2069.6567
518397,2022/1/24,600570.SHA,15.1568,140440960.0,0.47,-105.7194,56.630913,89491348190.0,0.007951907,1.0624675,0.9228962,0.92913556,488980963,2081.2976,2096.362
518398,2022/1/25,600570.SHA,15.1568,140440960.0,0.47,-105.7194,54.2447,85720522152.0,0.007951907,1.0035934,0.9147982,0.92957747,604307816,2088.4875,2008.0293
518399,2022/1/26,600570.SHA,15.1568,140440960.0,0.47,-105.7194,54.92912,86802076907.0,0.007951907,0.99231416,0.8928495,0.91782284,446971341,2012.8225,2033.3651
518400,2022/1/27,600570.SHA,15.1568,140440960.0,0.47,-105.7194,55.308323,87401316704.0,0.007951907,0.99799734,0.9509386,0.9443378,1388201500,2037.1312,2047.4025
518401,2022/1/28,600570.SHA,15.1568,140440960.0,0.47,-105.7194,54.17071,85603597314.0,0.007951907,0.9729236,0.82136005,0.9548167,835448618,2056.6465,2005.2903
518402,2022/2/7,600570.SHA,15.1568,140440960.0,0.47,-105.7194,53.93024,85223591589.0,0.007951907,0.9645989,0.5507246,0.95291865,572463909,2031.3108,1996.3885
518403,2022/2/8,600570.SHA,15.1568,140440960.0,0.47,-105.7194,53.699017,84858201469.0,0.007951907,0.948228,0.3140848,0.95825344,846812720,1989.1987,1987.8292
518404,2022/2/9,600570.SHA,15.1568,140440960.0,0.47,-105.7194,54.642403,86348993158.0,0.007951907,1.0073316,0.31622657,0.9559387,503770913,2002.209,2022.7515
518405,2022/2/10,600570.SHA,15.1568,140440960.0,0.47,-105.7194,52.228443,82534320306.0,0.007951907,0.95083344,0.13787234,0.96172655,765112740,2012.4802,1933.3916
518406,2022/2/11,600570.SHA,15.1568,140440960.0,0.47,-105.7194,49.657253,78471182171.0,0.007951907,0.8978261,0.048267063,0.9530387,974247061,1926.2017,1838.2113
518407,2022/2/14,600570.SHA,15.1568,140440960.0,0.47,-105.7194,48.29767,76322688266.0,0.007951907,0.8915827,0.04142766,0.94922453,696812868,1816.2993,1787.8822
518408,2022/2/15,600570.SHA,15.1568,140440960.0,0.47,-105.7194,50.674633,80078898699.0,0.007951907,0.939633,0.07986406,0.9471113,547127015,1797.1263,1875.8726
518409,2022/2/16,600570.SHA,15.1568,140440960.0,0.47,-105.7194,50.221436,79362734064.0,0.007951907,0.9352394,0.04652645,0.93500423,287888696,1882.3777,1859.0962
518410,2022/2/17,600570.SHA,15.1568,140440960.0,0.47,-105.7194,49.721996,78573491405.0,0.007951907,0.9099526,0.039719626,0.93524414,369314860,1850.8792,1840.6079
518411,2022/2/18,600570.SHA,15.1568,140440960.0,0.47,-105.7194,49.47228,78178870075.0,0.007951907,0.94722855,0.09594566,0.93271065,528999676,1837.8689,1831.3638
518412,2022/2/21,600570.SHA,15.1568,140440960.0,0.47,-105.7194,49.222557,77784248746.0,0.007951907,0.9912461,0.16284502,0.9239915,637060192,1831.7062,1822.1198
518413,2022/2/22,600570.SHA,15.1568,140440960.0,0.47,-105.7194,47.899967,75694217259.0,0.007951907,0.99176556,0.24612445,0.92271763,792711149,1808.7671,1773.16
518414,2022/2/23,600570.SHA,15.1568,140440960.0,0.47,-105.7194,49.01908,77462705440.0,0.007951907,0.9673298,0.07070064,0.93040526,927923627,1776.2415,1814.5874
518415,2022/2/24,600570.SHA,15.1568,140440960.0,0.47,-105.7194,47.234047,74641893714.0,0.007951907,0.94051564,0.11540093,0.9386932,905149627,1799.1805,1748.509
518416,2022/2/25,600570.SHA,15.1568,140440960.0,0.47,-105.7194,48.343914,76395766290.0,0.007951907,0.97228426,0.19876963,0.9416879,635114467,1757.4108,1789.5941
518417,2022/2/28,600570.SHA,15.1568,140440960.0,0.47,-105.7194,48.316166,76351919475.0,0.007951907,0.97663116,0.3300106,0.937447,360885293,1801.5771,1788.5669
518418,2022/3/1,600570.SHA,15.1568,140440960.0,0.47,-105.7194,48.242176,76234994637.0,0.007951907,0.9800827,0.38923043,0.9300699,325005120,1788.5669,1785.828
518419,2022/3/2,600570.SHA,15.1568,140440960.0,0.47,-105.7194,47.548508,75138824277.0,0.007951907,0.99266267,0.3505723,0.91800845,360861444,1773.5024,1760.1498
518420,2022/3/3,600570.SHA,15.1568,140440960.0,0.47,-105.7194,47.38203,74875743390.0,0.007951907,0.9666038,0.29004237,0.9006356,435621888,1764.6007,1753.987
518421,2022/3/4,600570.SHA,15.1568,140440960.0,0.47,-105.7194,46.521885,73516492144.0,0.007951907,0.9849227,0.33149755,0.8923957,617838404,1737.5531,1722.1462
518422,2022/3/7,600570.SHA,15.1568,140440960.0,0.47,-105.7194,45.63399,72113394083.0,0.007951907,0.9439449,0.24152543,0.89519376,607128852,1717.6953,1689.2782
518423,2022/3/8,600570.SHA,15.1568,140440960.0,0.47,-105.7194,45.134552,71324151424.0,0.007951907,0.9341501,0.3762712,0.90381354,647530816,1692.3596,1670.7899
518424,2022/3/9,600570.SHA,15.1568,140440960.0,0.47,-105.7194,44.39464,70154903040.0,0.007951907,0.92024535,0.45654938,0.9188215,840036493,1686.5392,1643.3999
518425,2022/3/10,600570.SHA,15.1568,140440960.0,0.47,-105.7194,43.183037,68240258811.0,0.007951907,0.9081891,0.25662217,0.9271032,743574048,1670.4476,1598.5488
518426,2022/3/11,600570.SHA,15.1568,140440960.0,0.47,-105.7194,43.867455,69321813566.0,0.007951907,0.9258247,0.30974576,0.93115866,675988486,1574.9249,1623.8845
518427,2022/3/14,600570.SHA,15.1568,140440960.0,0.47,-105.7194,41.97143,66325614582.0,0.007951907,0.9021869,0.24936494,0.9327127,737199718,1607.4506,1553.6978
518428,2022/3/15,600570.SHA,15.1568,140440960.0,0.47,-105.7194,40.602596,64162505072.0,0.007951907,0.88974464,0.45610324,0.9342217,832077609,1547.5349,1503.0262
518429,2022/3/16,600570.SHA,15.1568,140440960.0,0.47,-105.7194,41.629223,65784837205.0,0.007951907,0.92233604,0.25190356,0.9357158,816622985,1533.4976,1541.0298
518430,2022/3/17,600570.SHA,15.1568,140440960.0,0.47,-105.7194,43.118294,68137949578.0,0.007951907,0.97125006,0.3791499,0.9374207,880813518,1585.1962,1596.1522
518431,2022/3/18,600570.SHA,15.1568,140440960.0,0.47,-105.7194,42.82233,67670250224.0,0.007951907,0.991647,0.58786213,0.93406594,463301731,1594.7827,1585.1962
518432,2022/3/21,600570.SHA,15.1568,140440960.0,0.47,-105.7194,42.82233,67670250224.0,0.007951907,0.9761754,0.40608492,0.92925024,388492226,1596.8369,1585.1962
518433,2022/3/22,600570.SHA,15.1568,140440960.0,0.47,-105.7194,43.40501,68591033326.0,0.007951907,1.034156,0.6866554,0.9225575,442220855,1585.1962,1606.7659
518434,2022/3/23,600570.SHA,15.1568,140440960.0,0.47,-105.7194,43.15529,68196411997.0,0.007951907,1.0628701,0.43164557,0.91267663,330712891,1607.4506,1597.5217
518435,2022/3/24,600570.SHA,15.1568,140440960.0,0.47,-105.7194,42.914818,67816406272.0,0.007951907,1.0308821,0.55982274,0.8928496,199057132,1588.2776,1588.62
518436,2022/3/25,600570.SHA,15.1568,140440960.0,0.47,-105.7194,42.285896,66822545146.0,0.007951907,0.980695,0.2971091,0.862927,321182481,1598.8912,1565.3385
518437,2022/3/28,600570.SHA,15.1568,140440960.0,0.47,-105.7194,41.555233,65667912366.0,0.007951907,0.97041035,0.33691755,0.8610877,411884355,1540.6875,1538.2908
518438,2022/3/29,600570.SHA,15.1568,140440960.0,0.47,-105.7194,41.203777,65112519384.0,0.007951907,0.9622031,0.45046374,0.8566014,263430238,1550.6163,1525.2806
518439,2022/3/30,600570.SHA,15.1568,140440960.0,0.47,-105.7194,43.14604,68181796392.0,0.007951907,0.99403363,0.6011792,0.8562408,454847731,1540.6875,1597.1793
518440,2022/3/31,600570.SHA,28.5595,1216183936.0,1.01,2594.6921,44.3999,64980978941.0,0.011281461,0.9528504,0.28318584,0.89298505,922456862,1597.1793,1522.1992
518441,2022/4/1,600570.SHA,28.5595,1216183936.0,1.01,2594.6921,42.961845,62876331850.0,0.011281461,0.92715514,0.11883692,0.9300758,1120254943,1509.8737,1472.8972
518442,2022/4/6,600570.SHA,28.5595,1216183936.0,1.01,2594.6921,42.49248,62189398424.0,0.011281461,0.93066484,0.0897598,0.9361702,655053515,1473.9243,1456.8055
518443,2022/4/7,600570.SHA,28.5595,1216183936.0,1.01,2594.6921,41.993156,61458618184.0,0.011281461,0.9359004,0.16055626,0.9387239,581769069,1465.365,1439.6869
518444,2022/4/8,600570.SHA,28.5595,1216183936.0,1.01,2594.6921,41.433914,60640144315.0,0.011281461,0.9313131,0.15182143,0.9408421,413224032,1421.8833,1420.5138
518445,2022/4/11,600570.SHA,28.5595,1216183936.0,1.01,2594.6921,39.5964,57950873032.0,0.011281461,0.84994644,0.07201516,0.9471579,635565827,1415.3782,1357.5168
518446,2022/4/12,600570.SHA,28.5595,1216183936.0,1.01,2594.6921,39.945927,58462419200.0,0.011281461,0.89968514,0.15256734,0.94045866,661910489,1359.9135,1369.5
518447,2022/4/13,600570.SHA,28.5595,1216183936.0,1.01,2594.6921,38.867386,56883933882.0,0.011281461,0.90469545,0.26414302,0.9278806,514974947,1356.1473,1332.5234
518448,2022/4/14,600570.SHA,28.5595,1216183936.0,1.01,2594.6921,39.266846,57468558074.0,0.011281461,0.9240894,0.3779693,0.92855644,603422068,1342.4524,1346.2185
518449,2022/4/15,600570.SHA,28.5595,1216183936.0,1.01,2594.6921,38.248226,55977766384.0,0.011281461,0.9108204,0.2502629,0.9245164,527817161,1331.8387,1311.2963
518450,2022/4/18,600570.SHA,28.5595,1216183936.0,1.01,2594.6921,38.677643,56606237390.0,0.011281461,0.93347794,0.27077636,0.92742956,405114952,1307.8724,1326.0183
518451,2022/4/19,600570.SHA,28.5595,1216183936.0,1.01,2594.6921,38.098427,55758532312.0,0.011281461,0.962169,0.22902209,0.9277007,480668582,1334.2354,1306.1606
518452,2022/4/20,600570.SHA,28.5595,1216183936.0,1.01,2594.6921,37.529198,54925442838.0,0.011281461,0.93950003,0.2513661,0.9212185,439975681,1311.2963,1286.6453
518453,2022/4/21,600570.SHA,28.5595,1216183936.0,1.01,2594.6921,36.260914,53069261029.0,0.011281461,0.93293935,0.3450231,0.9271315,665087799,1257.2009,1243.1636
518454,2022/4/22,600570.SHA,28.5595,1216183936.0,1.01,2594.6921,35.432037,51856165830.0,0.011281461,0.90233976,0.26612055,0.9342851,771140324,1235.289,1214.7465
518455,2022/4/25,600570.SHA,28.5595,1216183936.0,1.01,2594.6921,33.474686,48991507290.0,0.011281461,0.8751958,0.50010496,0.9475121,929297380,1191.1226,1147.641
518456,2022/4/26,600570.SHA,28.5595,1216183936.0,1.01,2594.6921,31.996687,46828397779.0,0.011281461,0.82726574,0.42542017,0.95487934,698968066,1146.9562,1096.9695
518457,2022/4/27,600570.SHA,28.5595,1216183936.0,1.01,2594.6921,34.952686,51154616800.0,0.011281461,0.9174312,0.80088216,0.9643157,1154894161,1096.9695,1198.3125
518458,2022/4/28,600570.SHA,-0.7253,-677391488.0,-0.03,-105.2963,40.362556,50599223818.0,0.009520818,0.92123467,0.7957939,0.97015554,893465156,1177.0852,1185.3022
518459,2022/4/29,600570.SHA,-0.7253,-677391488.0,-0.03,-105.2963,44.39648,55656223078.0,0.009520818,1.0487468,0.91417754,0.9730979,1260851668,1191.465,1303.7639
518460,2022/5/5,600570.SHA,-0.7253,-677391488.0,-0.03,-105.2963,42.64767,53463882358.0,0.009520818,1.0310034,0.8303932,0.97365063,1207049607,1283.9062,1252.4077
518461,2022/5/6,600570.SHA,-0.7253,-677391488.0,-0.03,-105.2963,42.29791,53025414214.0,0.009520818,1.0823389,0.7795359,0.97194684,676051136,1229.1262,1242.1365
518462,2022/5/9,600570.SHA,-0.7253,-677391488.0,-0.03,-105.2963,42.402836,53156954658.0,0.009520818,1.1351436,0.7822785,0.97025317,416693601,1239.3975,1245.2179
518463,2022/5/10,600570.SHA,-0.7253,-677391488.0,-0.03,-105.2963,43.079044,54004659736.0,0.009520818,1.0557142,0.46088973,0.96691257,678591117,1233.2347,1265.0756
518464,2022/5/11,600570.SHA,-0.7253,-677391488.0,-0.03,-105.2963,44.20994,55422373402.0,0.009520818,1.0953206,0.57702845,0.96251845,825978186,1263.3638,1298.286
518465,2022/5/12,600570.SHA,-0.7253,-677391488.0,-0.03,-105.2963,43.906815,55042367677.0,0.009520818,0.9889706,0.13310868,0.9507161,300532796,1294.8622,1289.3842
518466,2022/5/13,600570.SHA,-0.7253,-677391488.0,-0.03,-105.2963,43.77857,54881596024.0,0.009520818,1.0265172,0.42442104,0.9288571,278259406,1296.9165,1285.618
518467,2022/5/16,600570.SHA,-0.7253,-677391488.0,-0.03,-105.2963,43.59203,54647746347.0,0.009520818,1.0305954,0.33894736,0.9168421,285122403,1293.4927,1280.1401
518468,2022/5/17,600570.SHA,-0.7253,-677391488.0,-0.03,-105.2963,43.533733,54574668323.0,0.009520818,1.0266703,0.50368345,0.90549356,241033843,1275.0045,1278.4282
518469,2022/5/18,600570.SHA,-0.7253,-677391488.0,-0.03,-105.2963,43.440464,54457743485.0,0.009520818,1.0083897,0.39376712,0.8858707,291042201,1285.9604,1275.6892
518470,2022/5/19,600570.SHA,-0.7253,-677391488.0,-0.03,-105.2963,42.83421,53697732035.0,0.009520818,0.96888185,0.09416474,0.8515477,257238734,1250.0111,1257.8857
518471,2022/5/20,600570.SHA,-0.7253,-677391488.0,-0.03,-105.2963,43.242264,54209278203.0,0.009520818,0.98486465,0.1378657,0.8632155,453790462,1257.2009,1269.8689
518472,2022/5/23,600570.SHA,-0.7253,-677391488.0,-0.03,-105.2963,42.91582,53800041269.0,0.009520818,0.980293,0.10313618,0.86655444,344673017,1277.7434,1260.2823
518473,2022/5/24,600570.SHA,-0.7253,-677391488.0,-0.03,-105.2963,40.572414,50862304704.0,0.009520818,0.9307301,0.0968421,0.8720269,433667956,1263.3638,1191.465
518474,2022/5/25,600570.SHA,-0.7253,-677391488.0,-0.03,-105.2963,40.81725,51169232405.0,0.009520818,0.9376004,0.05405974,0.8814129,377136836,1180.5089,1198.6548
518475,2022/5/26,600570.SHA,-0.7253,-677391488.0,-0.03,-105.2963,42.192978,52893873771.0,0.009520818,0.97128284,0.18487395,0.8926471,504715636,1205.1599,1239.055
518476,2022/5/27,600570.SHA,-0.7253,-677391488.0,-0.03,-105.2963,42.146343,52835411352.0,0.009520818,0.98394114,0.32198402,0.9021214,397724123,1261.6519,1237.6855
518477,2022/5/30,600570.SHA,-0.7253,-677391488.0,-0.03,-105.2963,43.603687,54662361952.0,0.009520818,1.008358,0.5980269,0.90827036,536123914,1242.8212,1280.4824
518478,2022/5/31,600570.SHA,-0.7253,-677391488.0,-0.03,-105.2963,46.751545,58608575248.0,0.009520818,1.0893779,0.9379455,0.9369369,1193047713,1281.5096,1372.9237
518479,2022/6/1,600570.SHA,-0.7253,-677391488.0,-0.03,-105.2963,45.935436,57585482912.0,0.009520818,1.1321839,0.9162128,0.94911,786900905,1367.7881,1348.9575
518480,2022/6/2,600570.SHA,-0.7253,-677391488.0,-0.03,-105.2963,46.961403,58871656134.0,0.009520818,1.1505284,0.9256545,0.95813274,911044966,1348.6151,1379.0864
518481,2022/6/6,600570.SHA,-0.7253,-677391488.0,-0.03,-105.2963,49.199883,61677852256.0,0.009520818,1.1660681,0.9076473,0.9634503,1107994919,1376.3474,1444.8225
518482,2022/6/7,600570.SHA,-0.7253,-677391488.0,-0.03,-105.2963,50.42405,63212490760.0,0.009520818,1.196404,0.9526096,0.9668059,1051764359,1444.8225,1480.7719
518483,2022/6/8,600570.SHA,-0.7253,-677391488.0,-0.03,-105.2963,49.94604,62613250963.0,0.009520818,1.1454546,0.9223382,0.9636743,573745865,1480.087,1466.7345
518484,2022/6/9,600570.SHA,-0.7253,-677391488.0,-0.03,-105.2963,48.255524,60493988267.0,0.009520818,1.0321696,0.7450407,0.9574024,737194643,1466.7345,1417.0901
518485,2022/6/10,600570.SHA,-0.7253,-677391488.0,-0.03,-105.2963,50.015995,62700944592.0,0.009520818,1.0888324,0.88819355,0.9549531,743744187,1403.3951,1468.7887
518486,2022/6/13,600570.SHA,-0.7253,-677391488.0,-0.03,-105.2963,48.990025,61414771370.0,0.009520818,1.0431976,0.77974576,0.94525397,436822539,1453.3818,1438.6597
518487,2022/6/14,600570.SHA,-0.7253,-677391488.0,-0.03,-105.2963,49.176563,61648621046.0,0.009520818,0.999526,0.6202874,0.93522185,581551685,1403.7374,1444.1377
518488,2022/6/15,600570.SHA,-0.7253,-677391488.0,-0.03,-105.2963,51.13523,64104042653.0,0.009520818,1.014104,0.71694773,0.93842316,1551615157,1444.8225,1501.6567
518489,2022/6/16,600570.SHA,-0.7253,-677391488.0,-0.03,-105.2963,48.686897,61034765645.0,0.009520818,0.97478986,0.21902977,0.94587845,1095343086,1513.9822,1429.7579
518490,2022/6/17,600570.SHA,-0.7253,-677391488.0,-0.03,-105.2963,49.876087,62525557334.0,0.009520818,1.0335829,0.6005418,0.94458336,740666167,1410.585,1464.6802
518491,2022/6/20,600570.SHA,-0.7253,-677391488.0,-0.03,-105.2963,49.88775,62540172939.0,0.009520818,0.9974359,0.2923782,0.9410662,692106960,1468.104,1465.0226
518492,2022/6/21,600570.SHA,-0.7253,-677391488.0,-0.03,-105.2963,52.697502,66062533696.0,0.009520818,1.0756782,0.87822646,0.95318353,1220068289,1472.2124,1547.5349
518493,2022/6/22,600570.SHA,-0.7253,-677391488.0,-0.03,-105.2963,50.33078,63095565922.0,0.009520818,1.0234709,0.70883703,0.95727384,852087732,1537.6061,1478.0328
518494,2022/6/23,600570.SHA,-0.7253,-677391488.0,-0.03,-105.2963,52.475986,65784837205.0,0.009520818,1.0262197,0.5940821,0.95582414,1078293328,1475.6362,1541.0298
518495,2022/6/24,600570.SHA,-0.7253,-677391488.0,-0.03,-105.2963,52.7558,66135611720.0,0.009520818,1.0835729,0.8408759,0.9520634,736163271,1544.1112,1549.2468
518496,2022/6/27,600570.SHA,-0.7253,-677391488.0,-0.03,-105.2963,53.268784,66778698331.0,0.009520818,1.0680224,0.796748,0.95227176,867137302,1554.3824,1564.3113
518497,2022/6/28,600570.SHA,-0.7253,-677391488.0,-0.03,-105.2963,53.28044,66793313936.0,0.009520818,1.0680065,0.7858632,0.9491243,493137940,1563.6266,1564.6537
518498,2022/6/29,600570.SHA,-0.7253,-677391488.0,-0.03,-105.2963,51.61324,64703282450.0,0.009520818,0.97942483,0.18631338,0.9399625,867875527,1565.3385,1515.6941
518499,2022/6/30,600570.SHA,-0.7253,-677391488.0,-0.03,-105.2963,50.762154,63636343299.0,0.009520818,1.0085708,0.3025438,0.93622345,725406662,1515.6941,1490.7007
518500,2022/7/1,600570.SHA,-0.7253,-677391488.0,-0.03,-105.2963,50.13258,62847100640.0,0.009520818,0.95534325,0.10456155,0.92443794,387305905,1496.1787,1472.2124
518501,2022/7/4,600570.SHA,-0.7253,-677391488.0,-0.03,-105.2963,53.65352,67261013290.0,0.009520818,1.0170166,0.5962901,0.9303877,1109089177,1487.9617,1575.6097
518502,2022/7/5,600570.SHA,-0.7253,-677391488.0,-0.03,-105.2963,52.569256,65901762043.0,0.009520818,0.986868,0.44645834,0.92645836,575187806,1568.0775,1543.7688
518503,2022/7/6,600570.SHA,-0.7253,-677391488.0,-0.03,-105.2963,51.89305,65054056965.0,0.009520818,0.97396064,0.56726366,0.9267277,558632234,1543.7688,1523.9111
518504,2022/7/7,600570.SHA,-0.7253,-677391488.0,-0.03,-105.2963,50.832104,63724036928.0,0.009520818,0.9848656,0.44097438,0.9215401,466891556,1522.8839,1492.755
518505,2022/7/8,600570.SHA,-0.7253,-677391488.0,-0.03,-105.2963,50.948692,63870192976.0,0.009520818,1.0036747,0.6574402,0.91200334,341480273,1499.9448,1496.1787
518506,2022/7/11,600570.SHA,-0.7253,-677391488.0,-0.03,-105.2963,48.75685,61122459274.0,0.009520818,0.9725582,0.42164412,0.923205,679506835,1485.9075,1431.8123
518507,2022/7/12,600570.SHA,-0.7253,-677391488.0,-0.03,-105.2963,47.427753,59456280326.0,0.009520818,0.88396347,0.039142203,0.9082397,545497131,1432.1545,1392.7815
518508,2022/7/13,600570.SHA,-0.7253,-677391488.0,-0.03,-105.2963,47.63761,59719361213.0,0.009520818,0.90618765,0.054110304,0.9045341,325613347,1401.3408,1398.9442
518509,2022/7/14,600570.SHA,-0.7253,-677391488.0,-0.03,-105.2963,48.546993,60859378387.0,0.009520818,0.93552005,0.083333336,0.8996676,405722973,1398.9442,1425.6494
518510,2022/7/15,600570.SHA,-0.7253,-677391488.0,-0.03,-105.2963,45.13098,56577006181.0,0.009520818,0.887844,0.031360332,0.9252802,1222324522,1391.7544,1325.3336
518511,2022/7/18,600570.SHA,-0.7253,-677391488.0,-0.03,-105.2963,48.045666,60230907381.0,0.009520818,0.94302064,0.1246888,0.935698,796568715,1325.3336,1410.9274
518512,2022/7/19,600570.SHA,-0.7253,-677391488.0,-0.03,-105.2963,47.521023,59573205165.0,0.009520818,0.9746533,0.20062241,0.92824554,344201867,1406.4764,1395.5205
518513,2022/7/20,600570.SHA,-0.7253,-677391488.0,-0.03,-105.2963,48.26718,60508603872.0,0.009520818,1.0176991,0.35524678,0.9245439,406850030,1410.585,1417.4325
518514,2022/7/21,600570.SHA,-0.7253,-677391488.0,-0.03,-105.2963,47.812492,59938595285.0,0.009520818,1.003671,0.36007464,0.92558044,411776022,1411.2697,1404.0798
518515,2022/7/22,600570.SHA,-0.7253,-677391488.0,-0.03,-105.2963,47.99903,60172444962.0,0.009520818,0.98871285,0.26803482,0.92790556,477915599,1410.585,1409.5579
518516,2022/7/25,600570.SHA,-0.7253,-677391488.0,-0.03,-105.2963,48.045666,60230907381.0,0.009520818,1.0645828,0.7884256,0.9010784,344320925,1416.7477,1410.9274
518517,2022/7/26,600570.SHA,-0.7253,-677391488.0,-0.03,-105.2963,49.083294,61531696208.0,0.009520818,1.0215967,0.61160624,0.8889119,478170809,1409.2155,1441.3987
518518,2022/7/27,600570.SHA,-0.7253,-677391488.0,-0.03,-105.2963,49.68955,62291707658.0,0.009520818,1.0456328,0.8022798,0.894715,430741116,1437.2902,1459.2021
518519,2022/7/28,600570.SHA,-0.7253,-677391488.0,-0.03,-105.2963,49.806137,62437863706.0,0.009520818,1.0318841,0.73886013,0.8980311,502109587,1467.0768,1462.626
518520,2022/7/29,600570.SHA,-0.7253,-677391488.0,-0.03,-105.2963,49.50301,62057857981.0,0.009520818,1.0353572,0.7705224,0.90118086,442629813,1462.626,1453.7242
518521,2022/8/1,600570.SHA,-0.7253,-677391488.0,-0.03,-105.2963,49.258175,61750930280.0,0.009520818,1.0262326,0.6556223,0.89362586,380747622,1448.2462,1446.5343
518522,2022/8/2,600570.SHA,-0.7253,-677391488.0,-0.03,-105.2963,47.90576,60055520123.0,0.009520818,0.9970881,0.6719073,0.8907963,417140145,1433.8665,1406.8188
518523,2022/8/3,600570.SHA,-0.7253,-677391488.0,-0.03,-105.2963,47.91742,60070135728.0,0.009520818,0.9762471,0.6141439,0.8759562,365928602,1417.4325,1407.1613
518524,2022/8/4,600570.SHA,-0.7253,-677391488.0,-0.03,-105.2963,48.2905,60537835082.0,0.009520818,0.97184426,0.5455861,0.8639934,280500845,1426.6766,1418.1172
518525,2022/8/5,600570.SHA,-0.7253,-677391488.0,-0.03,-105.2963,51.846416,64995594546.0,0.009520818,1.0409645,0.87016743,0.8880165,816957854,1429.0732,1522.5416
518526,2022/8/8,600570.SHA,-0.7253,-677391488.0,-0.03,-105.2963,51.205185,64191736282.0,0.009520818,1.0343853,0.78599465,0.8843453,368359229,1526.9924,1503.7109
518527,2022/8/9,600570.SHA,-0.7253,-677391488.0,-0.03,-105.2963,50.190876,62920178664.0,0.009520818,1.018935,0.73254853,0.8821222,344788559,1489.6736,1473.9243
518528,2022/8/10,600570.SHA,-0.7253,-677391488.0,-0.03,-105.2963,48.873436,61268615322.0,0.009520818,1.0201995,0.39425856,0.8843453,366992895,1472.2124,1435.236
518529,2022/8/11,600570.SHA,-0.7253,-677391488.0,-0.03,-105.2963,50.902058,63811730557.0,0.009520818,1.0622871,0.5797521,0.89361703,467615756,1444.1377,1494.8092
518530,2022/8/12,600570.SHA,-0.7253,-677391488.0,-0.03,-105.2963,50.50566,63314799994.0,0.009520818,1.0458716,0.609872,0.887353,250951182,1489.3312,1483.1685
518531,2022/8/15,600570.SHA,-0.7253,-677391488.0,-0.03,-105.2963,49.67789,62277092053.0,0.009520818,0.95817405,0.057803467,0.8510726,281233322,1490.016,1458.8599
518532,2022/8/16,600570.SHA,-0.7253,-677391488.0,-0.03,-105.2963,47.882442,60026288914.0,0.009520818,0.93510926,0.025350371,0.8769833,757081377,1469.1311,1406.134
518533,2022/8/17,600570.SHA,-0.7253,-677391488.0,-0.03,-105.2963,48.325478,60581681896.0,0.009520818,0.9628339,0.08841715,0.87968683,376707179,1407.1613,1419.1443
518534,2022/8/18,600570.SHA,-0.7253,-677391488.0,-0.03,-105.2963,47.408546,59432201506.0,0.009520818,0.9723136,0.12935118,0.8725551,285278630,1440.5586,1395.4994
518535,2022/8/19,600570.SHA,-0.7253,-677391488.0,-0.03,-105.2963,47.317608,59318201119.0,0.009520818,0.9317728,0.09162034,0.85532004,271758831,1383.8999,1392.8226
518536,2022/8/22,600570.SHA,-0.7253,-677391488.0,-0.03,-105.2963,47.24183,59223200797.0,0.009520818,0.9375819,0.06772334,0.865816,377109858,1383.0077,1390.5919
518537,2022/8/23,600570.SHA,-0.7253,-677391488.0,-0.03,-105.2963,47.484325,59527201828.0,0.009520818,0.9580975,0.15435275,0.86484265,267540048,1391.4841,1397.73
518538,2022/8/24,600570.SHA,-0.7253,-677391488.0,-0.03,-105.2963,45.938396,57589195257.0,0.009520818,0.9616612,0.45751902,0.823977,311321200,1402.6375,1352.2246
518539,2022/8/25,600570.SHA,-0.7253,-677391488.0,-0.03,-105.2963,46.180893,57893196288.0,0.009520818,0.9578749,0.46484375,0.8096509,226537963,1356.2397,1359.3627
518540,2022/8/26,600570.SHA,-1.6805,-587150528.0,-0.05,-31.9787,94.43964,61636208978.0,0.009392582,1.0370843,0.8889117,0.8791299,1036880350,1367.8392,1447.2506
518541,2022/8/29,600570.SHA,-1.6805,-587150528.0,-0.05,-31.9787,95.19655,62130210653.0,0.009392582,1.0474055,0.8830769,0.9062949,603424283,1427.1747,1458.8501
518542,2022/8/30,600570.SHA,-1.6805,-587150528.0,-0.05,-31.9787,97.03062,63327214712.0,0.009392582,1.0692974,0.95386505,0.91553915,520249830,1454.3887,1486.9563
518543,2022/8/31,600570.SHA,-1.6805,-587150528.0,-0.05,-31.9787,97.93309,63916216709.0,0.009392582,1.0737313,0.9651568,0.9292888,571133142,1474.4646,1500.7864
518544,2022/9/1,600570.SHA,-1.6805,-587150528.0,-0.05,-31.9787,100.43673,65550222249.0,0.009392582,1.1382382,0.9852368,0.94344264,656015375,1505.6938,1539.1537
518545,2022/9/2,600570.SHA,-1.6805,-587150528.0,-0.05,-31.9787,100.05827,65303221412.0,0.009392582,1.1279948,0.98033595,0.947584,316330428,1539.1537,1533.354
518546,2022/9/5,600570.SHA,-1.6805,-587150528.0,-0.05,-31.9787,98.1951,64087217289.0,0.009392582,1.0397657,0.8519656,0.93553007,453006040,1525.7698,1504.8016
518547,2022/9/6,600570.SHA,-1.6805,-587150528.0,-0.05,-31.9787,97.99131,63954216838.0,0.009392582,1.0293578,0.8302968,0.9250768,261700436,1515.5088,1501.6787
518548,2022/9/7,600570.SHA,-1.6805,-587150528.0,-0.05,-31.9787,97.78753,63821216387.0,0.009392582,1.0078008,0.6366428,0.9143149,321831816,1496.7712,1498.5558
518549,2022/9/8,600570.SHA,-1.6805,-587150528.0,-0.05,-31.9787,98.95201,64581218964.0,0.009392582,1.0104043,0.48088324,0.90844065,335667772,1499.448,1516.401
518550,2022/9/9,600570.SHA,-1.6805,-587150528.0,-0.05,-31.9787,102.76569,67070227403.0,0.009392582,1.0231885,0.5814429,0.9044508,612443086,1515.0626,1574.8442
518551,2022/9/13,600570.SHA,-1.6805,-587150528.0,-0.05,-31.9787,105.24023,68685232878.0,0.009392582,1.0517893,0.83374184,0.91892993,623102538,1587.3359,1612.7654
518552,2022/9/14,600570.SHA,-1.6805,-587150528.0,-0.05,-31.9787,105.6769,68970233845.0,0.009392582,1.0761932,0.9179089,0.92485195,570153859,1596.2585,1619.4574
518553,2022/9/15,600570.SHA,-1.6805,-587150528.0,-0.05,-31.9787,103.95929,67849230044.0,0.009392582,1.0609031,0.9448304,0.9288925,429581886,1617.6729,1593.1356
518554,2022/9/16,600570.SHA,-1.6805,-587150528.0,-0.05,-31.9787,98.95201,64581218964.0,0.009392582,1.0119083,0.8945863,0.9524296,1218509836,1597.1508,1516.401
518555,2022/9/19,600570.SHA,-1.6805,-587150528.0,-0.05,-31.9787,98.07865,64011217031.0,0.009392582,0.9911739,0.86096364,0.9583928,515515683,1523.093,1503.0171
518556,2022/9/20,600570.SHA,-1.6805,-587150528.0,-0.05,-31.9787,95.40034,62263211104.0,0.009392582,0.9283286,0.307708,0.9576029,423834105,1503.0171,1461.9729
518557,2022/9/21,600570.SHA,-1.6805,-587150528.0,-0.05,-31.9787,95.312996,62206210911.0,0.009392582,0.9056708,0.11572942,0.95579547,372897722,1457.0656,1460.6345
518558,2022/9/22,600570.SHA,-1.6805,-587150528.0,-0.05,-31.9787,95.48767,62320211298.0,0.009392582,0.90358126,0.08966782,0.95028526,233906092,1446.8044,1463.3114
518559,2022/9/23,600570.SHA,-1.6805,-587150528.0,-0.05,-31.9787,94.67253,61788209494.0,0.009392582,0.9106693,0.1226319,0.9488694,249477806,1463.7574,1450.8197
518560,2022/9/26,600570.SHA,-1.6805,-587150528.0,-0.05,-31.9787,93.275154,60876206402.0,0.009392582,0.94263023,0.33570993,0.9232804,351086309,1448.1428,1429.4054
518561,2022/9/27,600570.SHA,-1.6805,-587150528.0,-0.05,-31.9787,98.020424,63973216902.0,0.009392582,0.9994063,0.5860806,0.9214649,451762474,1441.4509,1502.1248
518562,2022/9/28,600570.SHA,-1.6805,-587150528.0,-0.05,-31.9787,97.554634,63669215871.0,0.009392582,1.0225817,0.91659886,0.9107724,288722133,1499.0018,1494.9867
518563,2022/9/29,600570.SHA,-1.6805,-587150528.0,-0.05,-31.9787,97.58374,63688215936.0,0.009392582,1.0238241,0.9066694,0.9125839,402772723,1511.0475,1495.4329
518564,2022/9/30,600570.SHA,-1.6805,-587150528.0,-0.05,-31.9787,98.66089,64391218319.0,0.009392582,1.0332317,0.9345129,0.9207156,348552134,1507.4784,1511.9397
518565,2022/10/10,600570.SHA,-1.6805,-587150528.0,-0.05,-31.9787,97.40907,63574215549.0,0.009392582,1.0289053,0.9219671,0.9230457,294297575,1511.9397,1492.756
518566,2022/10/11,600570.SHA,-1.6805,-587150528.0,-0.05,-31.9787,94.43964,61636208978.0,0.009392582,1.0124843,0.838749,0.92633927,372804775,1507.9246,1447.2506
518567,2022/10/12,600570.SHA,-1.6805,-587150528.0,-0.05,-31.9787,97.26351,63479215227.0,0.009392582,0.99227804,0.71814126,0.9223281,411701222,1445.4661,1490.5254
518568,2022/10/13,600570.SHA,-1.6805,-587150528.0,-0.05,-31.9787,99.8836,65189221025.0,0.009392582,1.0238734,0.6689655,0.93026555,530331547,1482.9412,1530.6772
518569,2022/10/14,600570.SHA,-1.6805,-587150528.0,-0.05,-31.9787,102.037895,66595225792.0,0.009392582,1.0456444,0.6431611,0.92446333,376904969,1538.7075,1563.6909
518570,2022/10/17,600570.SHA,-1.6805,-587150528.0,-0.05,-31.9787,102.9986,67222227918.0,0.009392582,1.0439658,0.3710233,0.9173587,357384054,1561.9064,1578.4133
518571,2022/10/18,600570.SHA,-1.6805,-587150528.0,-0.05,-31.9787,99.82537,65151220896.0,0.009392582,1.0248058,0.14239417,0.9163798,365334909,1577.521,1529.7849
518572,2022/10/19,600570.SHA,-1.6805,-587150528.0,-0.05,-31.9787,100.23294,65417221798.0,0.009392582,1.061344,0.48552924,0.90795064,312353225,1529.7849,1536.0308
518573,2022/10/20,600570.SHA,-1.6805,-587150528.0,-0.05,-31.9787,101.74677,66405225148.0,0.009392582,1.046094,0.59882665,0.90760213,464358684,1526.662,1559.2296
518574,2022/10/21,600570.SHA,-1.6805,-587150528.0,-0.05,-31.9787,99.76715,65113220767.0,0.009392582,0.99883413,0.27107337,0.89874697,368821029,1570.8291,1528.8927
518575,2022/10/24,600570.SHA,-1.6805,-587150528.0,-0.05,-31.9787,98.13687,64049217160.0,0.009392582,0.9617689,0.25444624,0.9139046,672601868,1516.8472,1503.9093
518576,2022/10/25,600570.SHA,-1.6805,-587150528.0,-0.05,-31.9787,93.275154,60876206402.0,0.009392582,0.9055964,0.069551155,0.9331178,760907702,1516.401,1429.4054
518577,2022/10/26,600570.SHA,-1.6805,-587150528.0,-0.05,-31.9787,98.9229,64562218899.0,0.009392582,0.99095947,0.5120275,0.9420319,755762803,1426.7285,1515.9548
518578,2022/10/27,600570.SHA,0.2015,-381750912.0,0.01,296.858,89.76552,71022240802.0,0.010683989,1.0856811,0.9299273,0.9598142,1362689408,1570.3829,1667.6395
518579,2022/10/28,600570.SHA,0.2015,-381750912.0,0.01,296.858,92.33505,73055247695.0,0.010683989,1.1001431,0.9644731,0.980218,2386780831,1667.6395,1715.3756
518580,2022/10/31,600570.SHA,0.2015,-381750912.0,0.01,296.858,100.09168,79192268503.0,0.010683989,1.2162241,0.9892973,0.98828757,2210970661,1695.2997,1859.4761
518581,2022/11/1,600570.SHA,0.2015,-381750912.0,0.01,296.858,100.66802,79648270049.0,0.010683989,1.2435479,0.99192244,0.9895055,1579951420,1857.2455,1870.1833
518582,2022/11/2,600570.SHA,0.2015,-381750912.0,0.01,296.858,97.97842,77520262834.0,0.010683989,1.2734082,0.9882923,0.9895119,1325966258,1858.1377,1820.2166
518583,2022/11/3,600570.SHA,0.2015,-381750912.0,0.01,296.858,92.88738,73492249177.0,0.010683989,1.1383168,0.9620891,0.99173385,1746259616,1785.8644,1725.6367
518584,2022/11/4,600570.SHA,0.2015,-381750912.0,0.01,296.858,97.20996,76912260772.0,0.010683989,1.0829321,0.8514712,0.99012893,1380376772,1725.1906,1805.9403
518585,2022/11/7,600570.SHA,0.2015,-381750912.0,0.01,296.858,95.12071,75259255168.0,0.010683989,1.0301691,0.17220543,0.98671764,1080079800,1771.1421,1767.127
518586,2022/11/8,600570.SHA,0.2015,-381750912.0,0.01,296.858,97.13792,76855260579.0,0.010683989,0.97048944,0.03442722,0.9828974,765287692,1769.3575,1804.6019
518587,2022/11/9,600570.SHA,0.2015,-381750912.0,0.01,296.858,95.216774,75335255425.0,0.010683989,0.9458492,0.022338498,0.9784665,544440115,1785.4183,1768.9114
518588,2022/11/10,600570.SHA,0.2015,-381750912.0,0.01,296.858,96.993835,76741260192.0,0.010683989,0.989951,0.21882543,0.97747386,766743742,1764.8962,1801.9252
518589,2022/11/11,600570.SHA,0.2015,-381750912.0,0.01,296.858,98.698845,78090264766.0,0.010683989,1.0625646,0.815001,0.96903276,1151115906,1873.7523,1833.6005
518590,2022/11/14,600570.SHA,0.2015,-381750912.0,0.01,296.858,99.73146,78907267536.0,0.010683989,1.0259387,0.69402534,0.9613915,780572300,1872.8601,1852.7842
518591,2022/11/15,600570.SHA,0.2015,-381750912.0,0.01,296.858,103.50171,81890277650.0,0.010683989,1.088109,0.9091092,0.9638118,1224957748,1826.4624,1922.8268
518592,2022/11/16,600570.SHA,0.2015,-381750912.0,0.01,296.858,102.75727,81301275653.0,0.010683989,1.0578492,0.8465715,0.96262056,532863074,1920.5962,1908.9967
518593,2022/11/17,600570.SHA,0.2015,-381750912.0,0.01,296.858,103.74185,82080278294.0,0.010683989,1.0895334,0.9129648,0.96342444,749251021,1909.4429,1927.2881
518594,2022/11/18,600570.SHA,0.2015,-381750912.0,0.01,296.858,104.89454,82992281387.0,0.010683989,1.0814558,0.9029146,0.9644364,919065865,1927.7343,1948.7024
518595,2022/11/21,600570.SHA,0.2015,-381750912.0,0.01,296.858,101.77268,80522273012.0,0.010683989,1.0311435,0.71253514,0.96163887,744402325,1941.5643,1890.7053
518596,2022/11/22,600570.SHA,0.2015,-381750912.0,0.01,296.858,101.55655,80351272432.0,0.010683989,1.0183,0.7159205,0.9598474,461129124,1889.367,1886.6902
518597,2022/11/23,600570.SHA,0.2015,-381750912.0,0.01,296.858,102.44508,81054274816.0,0.010683989,0.9897912,0.64773184,0.951063,508312983,1878.6598,1903.197
518598,2022/11/24,600570.SHA,0.2015,-381750912.0,0.01,296.858,98.33863,77805263800.0,0.010683989,0.9569993,0.24218124,0.95570254,684347685,1904.9816,1826.9086
518599,2022/11/25,600570.SHA,0.2015,-381750912.0,0.01,296.858,97.13792,76855260579.0,0.010683989,0.9363426,0.2142714,0.9585503,809977221,1830.4775,1804.6019
518600,2022/11/28,600570.SHA,0.2015,-381750912.0,0.01,296.858,95.913185,75886257293.0,0.010683989,0.91437733,0.1045045,0.95776623,603488703,1784.526,1781.8492
518601,2022/11/29,600570.SHA,0.2015,-381750912.0,0.01,296.858,96.29742,76190258324.0,0.010683989,0.946201,0.19667867,0.9544,614219511,1786.3105,1788.9873
518602,2022/11/30,600570.SHA,0.2015,-381750912.0,0.01,296.858,95.96122,75924257422.0,0.010683989,0.9449042,0.123024605,0.9519904,474712094,1780.0647,1782.7415
518603,2022/12/1,600570.SHA,0.2015,-381750912.0,0.01,296.858,98.21856,77710263478.0,0.010683989,0.9587436,0.08481696,0.9516,663770942,1806.8326,1824.6779
518604,2022/12/2,600570.SHA,0.2015,-381750912.0,0.01,296.858,96.29742,76190258324.0,0.010683989,0.9792429,0.16243249,0.9470106,609067049,1804.6019,1788.9873
518605,2022/12/5,600570.SHA,0.2015,-381750912.0,0.01,296.858,96.7777,76570259613.0,0.010683989,0.99629176,0.1664666,0.9363873,548529116,1806.8326,1797.91
518606,2022/12/6,600570.SHA,0.2015,-381750912.0,0.01,296.858,95.98523,75943257487.0,0.010683989,1.0007511,0.20804161,0.928,462076967,1793.4487,1783.1876
518607,2022/12/7,600570.SHA,0.2015,-381750912.0,0.01,296.858,95.360855,75449255812.0,0.010683989,0.99027437,0.2496,0.92383045,451494066,1785.4183,1771.5883
518608,2022/12/8,600570.SHA,0.2015,-381750912.0,0.01,296.858,95.14473,75278255232.0,0.010683989,0.9914915,0.32207116,0.9228617,465544715,1772.0343,1767.573
518609,2022/12/9,600570.SHA,0.2015,-381750912.0,0.01,296.858,94.85656,75050254459.0,0.010683989,0.9657702,0.18232706,0.92965627,864685306,1767.127,1762.2195
521188,2022/1/10,600585.SHA,13.3885,-13095370752.0,4.23,-18.6325,7.089231,232533000000.0,0.002874695,1.0847961,0.9019482,0.9715325,1105379303,218.69379,218.2958
521189,2022/1/11,600585.SHA,13.3885,-13095370752.0,4.23,-18.6325,7.013298,230043000000.0,0.002874695,1.0771712,0.91074485,0.9751712,949369724,219.44002,215.95763
521190,2022/1/12,600585.SHA,13.3885,-13095370752.0,4.23,-18.6325,6.714413,220239000000.0,0.002874695,0.99736017,0.5220462,0.97924244,1632165980,214.91292,206.75418
521191,2022/1/13,600585.SHA,13.3885,-13095370752.0,4.23,-18.6325,6.5270042,214092000000.0,0.002874695,0.9559867,0.20201156,0.977754,1090534971,207.30142,200.98337
521192,2022/1/14,600585.SHA,13.3885,-13095370752.0,4.23,-18.6325,6.3105145,206991000000.0,0.002874695,0.9022869,0.055626873,0.97433704,1280434801,199.9884,194.3171
521193,2022/1/17,600585.SHA,13.3885,-13095370752.0,4.23,-18.6325,6.3024364,206726000000.0,0.002874695,0.8873977,0.016260162,0.96940523,807440657,194.51608,194.06836
521194,2022/1/18,600585.SHA,13.3885,-13095370752.0,4.23,-18.6325,6.493077,212979000000.0,0.002874695,0.915907,0.054106075,0.9679419,1139447158,194.4166,199.93866
521195,2022/1/19,600585.SHA,13.3885,-13095370752.0,4.23,-18.6325,6.9373655,227552000000.0,0.002874695,0.98917305,0.46772125,0.9809829,2875018630,199.04318,213.61946
521196,2022/1/20,600585.SHA,13.3885,-13095370752.0,4.23,-18.6325,6.8937445,226121000000.0,0.002874695,1.0267084,0.8645299,0.97885066,1256008784,213.61946,212.27625
521197,2022/1/21,600585.SHA,13.3885,-13095370752.0,4.23,-18.6325,6.6546364,218278000000.0,0.002874695,1.0195545,0.8525956,0.9805639,1409099003,212.42549,204.9135
521198,2022/1/24,600585.SHA,13.3885,-13095370752.0,4.23,-18.6325,6.770959,222094000000.0,0.002874695,1.0729647,0.9352841,0.9792956,899523131,210.68431,208.49538
521199,2022/1/25,600585.SHA,13.3885,-13095370752.0,4.23,-18.6325,6.59809,216424000000.0,0.002874695,1.046911,0.96668804,0.97951347,688731667,206.60493,203.1723
521200,2022/1/26,600585.SHA,13.3885,-13095370752.0,4.23,-18.6325,6.59809,216424000000.0,0.002874695,1.0161731,0.9346852,0.9810032,945640696,201.58035,203.1723
521201,2022/1/27,600585.SHA,13.3885,-13095370752.0,4.23,-18.6325,6.4413776,211283000000.0,0.002874695,0.9285049,0.7261092,0.9669439,660113885,201.38136,198.34671
521202,2022/1/28,600585.SHA,13.3885,-13095370752.0,4.23,-18.6325,6.3347483,207786000000.0,0.002874695,0.91891265,0.35365593,0.9665388,756462143,200.03816,195.06332
521203,2022/2/7,600585.SHA,13.3885,-13095370752.0,4.23,-18.6325,6.8129644,223472000000.0,0.002874695,1.0237921,0.8994032,0.97102684,1565540045,198.19746,209.78883
521204,2022/2/8,600585.SHA,13.3885,-13095370752.0,4.23,-18.6325,6.7806525,222412000000.0,0.002874695,1.0014317,0.6920946,0.97103304,1022081748,209.78883,208.79387
521205,2022/2/9,600585.SHA,13.3885,-13095370752.0,4.23,-18.6325,6.7968087,222942000000.0,0.002874695,1.0301175,0.48764905,0.9755215,1001496562,208.89336,209.29135
521206,2022/2/10,600585.SHA,13.3885,-13095370752.0,4.23,-18.6325,7.0407634,230944000000.0,0.002874695,1.0670911,0.8259574,0.9774612,1609400800,209.29135,216.80336
521207,2022/2/11,600585.SHA,13.3885,-13095370752.0,4.23,-18.6325,7.121543,233593000000.0,0.002874695,1.1055932,0.8807144,0.9813005,1735001619,216.90285,219.29077
521208,2022/2/14,600585.SHA,13.3885,-13095370752.0,4.23,-18.6325,6.858201,224955000000.0,0.002874695,1.082632,0.86849374,0.98130447,1060114286,217.35059,211.1818
521209,2022/2/15,600585.SHA,13.3885,-13095370752.0,4.23,-18.6325,6.8016553,223101000000.0,0.002874695,0.9983401,0.43606627,0.9787596,875093665,212.57474,209.4406
521210,2022/2/16,600585.SHA,13.3885,-13095370752.0,4.23,-18.6325,6.8646636,225167000000.0,0.002874695,1.0123898,0.6466964,0.9774851,772084272,211.33104,211.38078
521211,2022/2/17,600585.SHA,13.3885,-13095370752.0,4.23,-18.6325,6.887282,225909000000.0,0.002874695,1.0133111,0.767842,0.97579616,817609185,211.38078,212.07726
521212,2022/2/18,600585.SHA,13.3885,-13095370752.0,4.23,-18.6325,7.0326853,230679000000.0,0.002874695,0.99885267,0.559966,0.97304183,948291786,210.4853,216.55461
521213,2022/2/21,600585.SHA,13.3885,-13095370752.0,4.23,-18.6325,6.9729085,228718000000.0,0.002874695,0.9791289,0.107855625,0.96518046,727454177,216.60435,214.71393
521214,2022/2/22,600585.SHA,13.3885,-13095370752.0,4.23,-18.6325,6.8646636,225167000000.0,0.002874695,1.0009422,0.3414738,0.9619958,704993371,212.2265,211.38078
521215,2022/2/23,600585.SHA,13.3885,-13095370752.0,4.23,-18.6325,6.762881,221829000000.0,0.002874695,0.99429923,0.18704884,0.95904946,889617100,210.93304,208.24663
521216,2022/2/24,600585.SHA,13.3885,-13095370752.0,4.23,-18.6325,6.5560846,215046000000.0,0.002874695,0.95504826,0.18328384,0.9596945,1265131601,206.50545,201.87885
521217,2022/2/25,600585.SHA,13.3885,-13095370752.0,4.23,-18.6325,6.5124636,213615000000.0,0.002874695,0.9455783,0.077216804,0.9575912,883781673,203.37129,200.53564
521218,2022/2/28,600585.SHA,13.3885,-13095370752.0,4.23,-18.6325,6.510848,213562000000.0,0.002874695,0.9257983,0.057264052,0.95313823,728942353,201.48087,200.48589
521219,2022/3/1,600585.SHA,13.3885,-13095370752.0,4.23,-18.6325,6.5883965,216106000000.0,0.002874695,0.9448563,0.120839514,0.9504132,643959168,201.13261,202.87381
521220,2022/3/2,600585.SHA,13.3885,-13095370752.0,4.23,-18.6325,6.5560846,215046000000.0,0.002874695,0.95504826,0.089656636,0.9504237,733103283,202.62508,201.87885
521221,2022/3/3,600585.SHA,13.3885,-13095370752.0,4.23,-18.6325,6.6497893,218119000000.0,0.002874695,0.9832776,0.43728814,0.95211864,877671809,202.92355,204.76425
521222,2022/3/4,600585.SHA,13.3885,-13095370752.0,4.23,-18.6325,6.4543023,211707000000.0,0.002874695,0.98447514,0.32810846,0.9557297,1286528288,202.97331,198.7447
521223,2022/3/7,600585.SHA,13.3885,-13095370752.0,4.23,-18.6325,6.4914613,212926000000.0,0.002874695,0.996775,0.6398305,0.9559602,1100480119,198.7447,199.88892
521224,2022/3/8,600585.SHA,13.3885,-13095370752.0,4.23,-18.6325,6.300821,206673000000.0,0.002874695,0.96774197,0.6503178,0.95805085,1008727864,198.69495,194.0186
521225,2022/3/9,600585.SHA,13.3885,-13095370752.0,4.23,-18.6325,6.1699576,202380000000.0,0.002874695,0.93648845,0.60491735,0.96142435,1136934128,196.45627,189.98898
521226,2022/3/10,600585.SHA,13.3885,-13095370752.0,4.23,-18.6325,6.1990385,203334000000.0,0.002874695,0.9455397,0.59122694,0.9593134,775141007,194.0186,190.88446
521227,2022/3/11,600585.SHA,13.3885,-13095370752.0,4.23,-18.6325,6.1473393,201638000000.0,0.002874695,0.9244412,0.29618645,0.9616607,1020763967,187.70056,189.29251
521228,2022/3/14,600585.SHA,13.3885,-13095370752.0,4.23,-18.6325,6.013245,197240000000.0,0.002874695,0.9316645,0.5099492,0.95641136,676799896,186.95433,185.16339
521229,2022/3/15,600585.SHA,13.3885,-13095370752.0,4.23,-18.6325,5.614193,184151000000.0,0.002874695,0.8648581,0.24222551,0.95917934,1503282607,184.11868,172.87555
521230,2022/3/16,600585.SHA,13.3885,-13095370752.0,4.23,-18.6325,5.7499027,188602000000.0,0.002874695,0.9125641,0.18802877,0.9608797,1210401121,174.76599,177.05441
521231,2022/3/17,600585.SHA,13.3885,-13095370752.0,4.23,-18.6325,5.976086,196021000000.0,0.002874695,0.96857816,0.3558892,0.96067655,1228107446,180.08907,184.01918
521232,2022/3/18,600585.SHA,13.3885,-13095370752.0,4.23,-18.6325,6.0827155,199519000000.0,0.002874695,0.9812354,0.49016705,0.9628064,759553593,184.26793,187.30258
521233,2022/3/21,600585.SHA,13.3885,-13095370752.0,4.23,-18.6325,5.9987044,196763000000.0,0.002874695,0.9758213,0.40228185,0.9609293,717354231,188.0488,184.71567
521234,2022/3/22,600585.SHA,13.3885,-13095370752.0,4.23,-18.6325,6.011629,197187000000.0,0.002874695,0.99973136,0.37964526,0.9596961,491360407,183.77045,185.11365
521235,2022/3/23,600585.SHA,13.3885,-13095370752.0,4.23,-18.6325,6.00032,196816000000.0,0.002874695,1.068777,0.4886076,0.9464248,489498516,184.56642,184.76541
521236,2022/3/24,600585.SHA,13.3885,-13095370752.0,4.23,-18.6325,5.958315,195438000000.0,0.002874695,1.0362462,0.6039249,0.93630034,515305535,184.06894,183.47195
521237,2022/3/25,600585.SHA,13.3885,-13095370752.0,4.23,-18.6325,5.956699,195385000000.0,0.002874695,0.99675596,0.42582825,0.92492616,487780122,183.27296,183.42221
521238,2022/3/28,600585.SHA,19.2569,26517766144.0,6.28,46.2118,6.00545,199784000000.0,0.003016955,1.001328,0.6305081,0.93043846,862424345,184.11868,187.55132
521239,2022/3/29,600585.SHA,19.2569,26517766144.0,6.28,46.2118,6.0022635,199678000000.0,0.003016955,1.0148128,0.8153457,0.92798483,564216246,186.45685,187.45183
521240,2022/3/30,600585.SHA,19.2569,26517766144.0,6.28,46.2118,6.1711173,205295000000.0,0.003016955,1.0411179,0.8780796,0.94085455,1062563428,188.0488,192.72514
521241,2022/3/31,600585.SHA,19.2569,26517766144.0,6.28,46.2118,6.290589,209269000000.0,0.003016955,1.063274,0.9214075,0.9549189,1372314924,191.73018,196.45627
521242,2022/4/1,600585.SHA,19.2569,26517766144.0,6.28,46.2118,6.324041,210382000000.0,0.003016955,1.0764642,0.914665,0.95850885,912589464,194.51608,197.50099
521243,2022/4/6,600585.SHA,19.2569,26517766144.0,6.28,46.2118,6.5199747,216900000000.0,0.003016955,1.1101166,0.93721026,0.96819043,1236883211,197.05325,203.62004
521244,2022/4/7,600585.SHA,19.2569,26517766144.0,6.28,46.2118,6.4530706,214675000000.0,0.003016955,1.0745358,0.9216182,0.9749421,1443821657,202.97331,201.53061
521245,2022/4/8,600585.SHA,19.2569,26517766144.0,6.28,46.2118,6.518382,216847000000.0,0.003016955,1.0859872,0.91514003,0.97936845,1312763895,202.37633,203.57028
521246,2022/4/11,600585.SHA,19.2569,26517766144.0,6.28,46.2118,6.4514775,214622000000.0,0.003016955,1.0454311,0.9056643,0.98,1098533177,203.86877,201.48087
521247,2022/4/12,600585.SHA,19.2569,26517766144.0,6.28,46.2118,6.445106,214410000000.0,0.003016955,1.0245632,0.82723063,0.9770671,861405533,200.1874,201.28186
521248,2022/4/13,600585.SHA,19.2569,26517766144.0,6.28,46.2118,6.3160763,210117000000.0,0.003016955,0.9987405,0.7909569,0.9743482,697288437,200.1874,197.25224
521249,2022/4/14,600585.SHA,19.2569,26517766144.0,6.28,46.2118,6.4196186,213562000000.0,0.003016955,0.9846078,0.7500526,0.9722631,874728300,197.55074,200.48589
521250,2022/4/15,600585.SHA,19.2569,26517766144.0,6.28,46.2118,6.3622723,211654000000.0,0.003016955,0.98592937,0.7232387,0.9621531,474501985,199.29193,198.69495
521251,2022/4/18,600585.SHA,19.2569,26517766144.0,6.28,46.2118,6.3097043,209905000000.0,0.003016955,0.96798635,0.54533976,0.9522507,428982270,197.69998,197.05325
521252,2022/4/19,600585.SHA,19.2569,26517766144.0,6.28,46.2118,6.1950116,206090000000.0,0.003016955,0.96024686,0.21745531,0.94808745,701534856,196.50603,193.47137
521253,2022/4/20,600585.SHA,19.2569,26517766144.0,6.28,46.2118,6.054831,201426000000.0,0.003016955,0.9394464,0.25115594,0.94411767,614108292,193.52112,189.09352
521254,2022/4/21,600585.SHA,19.2569,26517766144.0,6.28,46.2118,5.9576607,198194000000.0,0.003016955,0.9432535,0.43175137,0.9414112,603794228,187.94931,186.05887
521255,2022/4/22,600585.SHA,19.2569,26517766144.0,6.28,46.2118,6.1042128,203069000000.0,0.003016955,0.9508685,0.60932577,0.9401638,694637564,184.56642,190.63571
521256,2022/4/25,600585.SHA,19.2569,26517766144.0,6.28,46.2118,5.908279,196551000000.0,0.003016955,0.9286429,0.7986563,0.95024145,773310361,189.04376,184.51666
521257,2022/4/26,600585.SHA,19.2569,26517766144.0,6.28,46.2118,5.999078,199572000000.0,0.003016955,0.95077,0.9142857,0.95928645,818140433,184.56642,187.35233
521258,2022/4/27,600585.SHA,19.2569,26517766144.0,6.28,46.2118,6.290589,209269000000.0,0.003016955,1.0154281,0.96072257,0.9764903,2315509000,189.8895,196.45627
521259,2022/4/28,600585.SHA,19.2569,26517766144.0,6.28,46.2118,6.387759,212502000000.0,0.003016955,1.0549855,0.97497374,0.97835225,1143715165,196.25728,199.49092
521260,2022/4/29,600585.SHA,2.6484,-10265200640.0,0.93,-54.7183,6.5391064,211760000000.0,0.003137747,1.0684491,0.9360539,0.9787726,1105502429,196.904,198.79445
521261,2022/5/5,600585.SHA,2.6484,-10265200640.0,0.93,-54.7183,6.607836,213986000000.0,0.003137747,1.0537579,0.87821466,0.9787505,965232540,198.89394,200.88388
521262,2022/5/6,600585.SHA,2.6484,-10265200640.0,0.93,-54.7183,6.370556,206302000000.0,0.003137747,1.0496091,0.6481013,0.97869647,676104635,196.50603,193.67036
521263,2022/5/9,600585.SHA,2.6484,-10265200640.0,0.93,-54.7183,6.3378277,205242000000.0,0.003137747,1.0284121,0.2299578,0.978481,425432504,193.47137,192.6754
521264,2022/5/10,600585.SHA,2.6484,-10265200640.0,0.93,-54.7183,6.3427367,205401000000.0,0.003137747,0.98151433,0.092346616,0.96480507,591421952,189.79,192.82465
521265,2022/5/11,600585.SHA,2.6484,-10265200640.0,0.93,-54.7183,6.2723713,203122000000.0,0.003137747,0.9558604,0.033719704,0.95535904,782003489,193.91911,190.68547
521266,2022/5/12,600585.SHA,2.6484,-10265200640.0,0.93,-54.7183,6.203642,200897000000.0,0.003137747,0.9486987,0.04507161,0.94860995,576620501,189.69049,188.59604
521267,2022/5/13,600585.SHA,2.6484,-10265200640.0,0.93,-54.7183,6.2543707,202539000000.0,0.003137747,0.94650817,0.031578947,0.93959165,572950511,188.79503,190.13823
521268,2022/5/16,600585.SHA,2.6484,-10265200640.0,0.93,-54.7183,6.2380066,202009000000.0,0.003137747,0.97919345,0.048210528,0.93663156,601337527,191.92917,189.64075
521269,2022/5/17,600585.SHA,2.6484,-10265200640.0,0.93,-54.7183,6.215097,201268000000.0,0.003137747,0.98063517,0.10818775,0.94001263,625316664,189.64075,188.94427
521270,2022/5/18,600585.SHA,2.6484,-10265200640.0,0.93,-54.7183,6.1021843,197611000000.0,0.003137747,0.9620743,0.077489994,0.94777846,804092404,187.94931,185.51163
521271,2022/5/19,600585.SHA,2.6484,-10265200640.0,0.93,-54.7183,6.1430945,198936000000.0,0.003137747,0.9793895,0.13060881,0.9498842,568727071,183.82019,186.75534
521272,2022/5/20,600585.SHA,2.6484,-10265200640.0,0.93,-54.7183,6.2134604,201215000000.0,0.003137747,1.0015826,0.24058093,0.9501263,629500065,187.50157,188.89452
521273,2022/5/23,600585.SHA,2.6484,-10265200640.0,0.93,-54.7183,6.136549,198724000000.0,0.003137747,0.9811617,0.10629341,0.9496948,537532595,188.89452,186.55635
521274,2022/5/24,600585.SHA,2.6484,-10265200640.0,0.93,-54.7183,6.041637,195650000000.0,0.003137747,0.96852046,0.30821052,0.94906336,704008434,187.30258,183.67094
521275,2022/5/25,600585.SHA,2.6484,-10265200640.0,0.93,-54.7183,6.074365,196710000000.0,0.003137747,0.9773565,0.22275978,0.94575274,467801083,183.67094,184.66591
521276,2022/5/26,600585.SHA,2.6484,-10265200640.0,0.93,-54.7183,6.1676407,199731000000.0,0.003137747,1.0107268,0.52689075,0.94957983,1014362821,186.15836,187.50157
521277,2022/5/27,600585.SHA,2.6484,-10265200640.0,0.93,-54.7183,6.090729,197240000000.0,0.003137747,0.99147576,0.39176124,0.95652175,1035760515,187.55132,185.16339
521278,2022/5/30,600585.SHA,2.6484,-10265200640.0,0.93,-54.7183,6.0678196,196498000000.0,0.003137747,0.9765605,0.29471034,0.9588581,615708016,184.31767,184.46692
521279,2022/5/31,600585.SHA,2.6484,-10265200640.0,0.93,-54.7183,6.0269094,195173000000.0,0.003137747,0.9821333,0.3375262,0.96228784,886030138,184.46692,183.2232
521280,2022/6/1,600585.SHA,2.6484,-10265200640.0,0.93,-54.7183,6.082547,196975000000.0,0.003137747,1.0067714,0.17239213,0.96293193,646281491,183.2232,184.91466
521281,2022/6/2,600585.SHA,2.6484,-10265200640.0,0.93,-54.7183,5.927088,191941000000.0,0.003137747,0.97575426,0.107853405,0.9746703,1657409186,185.01414,180.18855
521282,2022/6/6,600585.SHA,2.6484,-10265200640.0,0.93,-54.7183,5.7618103,186588000000.0,0.003137747,0.9342,0.027998328,0.9791145,2240400780,177.99963,175.16397
521283,2022/6/7,600585.SHA,2.6484,-10265200640.0,0.93,-54.7183,5.809266,188125000000.0,0.003137747,0.9537883,0.047390398,0.9789144,1196406582,174.66649,176.60667
521284,2022/6/8,600585.SHA,2.6484,-10265200640.0,0.93,-54.7183,5.850177,189450000000.0,0.003137747,0.9641316,0.07348643,0.9780793,1049934295,176.70618,177.85039
521285,2022/6/9,600585.SHA,2.6484,-10265200640.0,0.93,-54.7183,5.820721,188496000000.0,0.003137747,0.9657887,0.17916058,0.9770307,849878326,177.80064,176.95491
521286,2022/6/10,600585.SHA,2.6484,-10265200640.0,0.93,-54.7183,5.82563,188655000000.0,0.003137747,0.9577616,0.104297034,0.9760167,721337201,175.61171,177.10416
521287,2022/6/13,600585.SHA,2.6484,-10265200640.0,0.93,-54.7183,5.8109026,188178000000.0,0.003137747,0.98039764,0.30318817,0.9673189,880453738,176.10919,176.65643
521288,2022/6/14,600585.SHA,2.6484,-10265200640.0,0.93,-54.7183,5.9205422,191729000000.0,0.003137747,1.027549,0.7833785,0.95959175,1281824638,175.36298,179.98956
521289,2022/6/15,600585.SHA,2.6484,-10265200640.0,0.93,-54.7183,6.0350914,195438000000.0,0.003137747,1.0388733,0.83364564,0.96068233,1572879483,179.98956,183.47195
521290,2022/6/16,600585.SHA,2.6484,-10265200640.0,0.93,-54.7183,5.977817,193584000000.0,0.003137747,1.0218182,0.716219,0.9592007,883317573,183.37245,181.73076
521291,2022/6/17,600585.SHA,2.6484,-10265200640.0,0.93,-54.7183,6.0710926,196604000000.0,0.003137747,1.0430138,0.67368203,0.9629167,1301080760,179.64133,184.56642
521292,2022/6/20,600585.SHA,2.6484,-10265200640.0,0.93,-54.7183,6.0710926,196604000000.0,0.003137747,1.0421349,0.7034569,0.9668888,1163545533,185.16339,184.56642
521293,2022/6/21,600585.SHA,2.6484,-10265200640.0,0.93,-54.7183,5.6488976,182932000000.0,0.003137747,1.0387578,0.72522897,0.9671244,918435982,185.52327,183.50325
521294,2022/6/22,600585.SHA,2.6484,-10265200640.0,0.93,-54.7183,5.5212574,178798000000.0,0.003137747,0.99648494,0.4754064,0.9658191,1079507333,183.50325,179.35689
521295,2022/6/23,600585.SHA,2.6484,-10265200640.0,0.93,-54.7183,5.5441675,179540000000.0,0.003137747,0.98162746,0.21379454,0.9583247,609868793,179.35689,180.1011
521296,2022/6/24,600585.SHA,2.6484,-10265200640.0,0.93,-54.7183,5.5572586,179964000000.0,0.003137747,0.9933727,0.2903024,0.9587328,833214921,180.739,180.52637
521297,2022/6/27,600585.SHA,2.6484,-10265200640.0,0.93,-54.7183,5.617806,181925000000.0,0.003137747,0.98876727,0.20262665,0.95498127,946122799,180.52637,182.49324
521298,2022/6/28,600585.SHA,2.6484,-10265200640.0,0.93,-54.7183,5.630897,182349000000.0,0.003137747,0.9910714,0.17379066,0.9464137,754211411,182.33376,182.9185
521299,2022/6/29,600585.SHA,2.6484,-10265200640.0,0.93,-54.7183,5.671808,183674000000.0,0.003137747,1.0040556,0.44982266,0.948301,1094251929,182.81218,184.24747
521300,2022/6/30,600585.SHA,2.6484,-10265200640.0,0.93,-54.7183,5.7732654,186959000000.0,0.003137747,1.0456431,0.63177645,0.94789493,1277377819,184.99168,187.54329
521301,2022/7/1,600585.SHA,2.6484,-10265200640.0,0.93,-54.7183,5.8190846,188443000000.0,0.003137747,1.0495868,0.77588004,0.9577435,1150015965,188.2875,189.03174
521302,2022/7/4,600585.SHA,2.6484,-10265200640.0,0.93,-54.7183,5.891087,190775000000.0,0.003137747,1.0600708,0.8307628,0.9606086,1131523652,190.14806,191.37071
521303,2022/7/5,600585.SHA,2.6484,-10265200640.0,0.93,-54.7183,5.8730865,190192000000.0,0.003137747,1.0454413,0.84208333,0.9610417,964876615,191.53018,190.78596
521304,2022/7/6,600585.SHA,2.6484,-10265200640.0,0.93,-54.7183,5.7209,185264000000.0,0.003137747,1.0159837,0.81507707,0.9610741,855563761,190.04175,185.84222
521305,2022/7/7,600585.SHA,2.6484,-10265200640.0,0.93,-54.7183,5.701263,184628000000.0,0.003137747,1.0051932,0.63085574,0.95775235,492219863,185.78906,185.20432
521306,2022/7/8,600585.SHA,2.6484,-10265200640.0,0.93,-54.7183,5.7274456,185476000000.0,0.003137747,0.9920635,0.5498439,0.9498648,475869930,186.0017,186.05486
521307,2022/7/11,600585.SHA,2.6484,-10265200640.0,0.93,-54.7183,5.7519917,186270000000.0,0.003137747,0.98847014,0.5845994,0.9431842,793037502,183.92851,186.85223
521308,2022/7/12,600585.SHA,2.6484,-10265200640.0,0.93,-54.7183,5.8567224,189662000000.0,0.003137747,0.9941667,0.75723505,0.94361216,1095551577,186.58644,190.25438
521309,2022/7/13,600585.SHA,2.6484,-10265200640.0,0.93,-54.7183,5.78472,187330000000.0,0.003137747,0.98495406,0.5350676,0.94113976,631848475,190.78596,187.9154
521310,2022/7/14,600585.SHA,2.6484,-10265200640.0,0.93,-54.7183,5.6898084,184257000000.0,0.003137747,0.99456525,0.5074813,0.9366431,508259016,186.69276,184.83221
521311,2022/7/15,600585.SHA,2.6484,-10265200640.0,0.93,-54.7183,5.563804,180176000000.0,0.003137747,0.9758898,0.5524403,0.9400166,675661990,183.92851,180.739
521312,2022/7/18,600585.SHA,2.6484,-10265200640.0,0.93,-54.7183,5.745446,186059000000.0,0.003137747,1.0031428,0.6076763,0.9437876,721010418,180.739,186.6396
521313,2022/7/19,600585.SHA,2.6484,-10265200640.0,0.93,-54.7183,5.684899,184098000000.0,0.003137747,0.98833567,0.30124483,0.9411033,531063562,185.94853,184.67273
521314,2022/7/20,600585.SHA,2.6484,-10265200640.0,0.93,-54.7183,5.653807,183091000000.0,0.003137747,0.9653534,0.07631688,0.9218491,365654781,185.84222,183.66272
521315,2022/7/21,600585.SHA,2.6484,-10265200640.0,0.93,-54.7183,5.567077,180282000000.0,0.003137747,0.96237624,0.1119403,0.9143864,457611284,182.33376,180.84532
521316,2022/7/22,600585.SHA,2.6484,-10265200640.0,0.93,-54.7183,5.4459825,176361000000.0,0.003137747,0.95714694,0.10323383,0.93142736,1017177336,180.739,176.91159
521317,2022/7/25,600585.SHA,2.6484,-10265200640.0,0.93,-54.7183,5.431255,175884000000.0,0.003137747,0.9761765,0.15308027,0.9296972,505362056,176.96475,176.43317
521318,2022/7/26,600585.SHA,2.6484,-10265200640.0,0.93,-54.7183,5.4688926,177103000000.0,0.003137747,0.95186555,0.08621762,0.9253886,516960415,176.43317,177.6558
521319,2022/7/27,600585.SHA,2.6484,-10265200640.0,0.93,-54.7183,5.385435,174400000000.0,0.003137747,0.94732296,0.05492228,0.92704666,570289932,177.28369,174.94472
521320,2022/7/28,600585.SHA,2.6484,-10265200640.0,0.93,-54.7183,5.39689,174771000000.0,0.003137747,0.9545586,0.091606215,0.9287047,376692789,175.42314,175.31683
521321,2022/7/29,600585.SHA,2.6484,-10265200640.0,0.93,-54.7183,5.318342,172227000000.0,0.003137747,0.9553204,0.10924544,0.9345349,584304378,175.4763,172.76523
521322,2022/8/1,600585.SHA,2.6484,-10265200640.0,0.93,-54.7183,5.2954326,171485000000.0,0.003137747,0.9723557,0.16214538,0.91328645,450477764,172.39311,172.021
521323,2022/8/2,600585.SHA,2.6484,-10265200640.0,0.93,-54.7183,5.1252456,165974000000.0,0.003137747,0.94365776,0.2393463,0.91499484,705301616,169.73518,166.49252
521324,2022/8/3,600585.SHA,2.6484,-10265200640.0,0.93,-54.7183,5.0532436,163642000000.0,0.003137747,0.9239976,0.2076096,0.90779406,490535529,165.80145,164.15353
521325,2022/8/4,600585.SHA,2.6484,-10265200640.0,0.93,-54.7183,5.1039724,165285000000.0,0.003137747,0.94773626,0.30990285,0.9001654,355984830,165.32303,165.80145
521326,2022/8/5,600585.SHA,2.6484,-10265200640.0,0.93,-54.7183,5.2414308,169737000000.0,0.003137747,0.9711946,0.47901592,0.91157025,597345775,166.17357,170.26677
521327,2022/8/8,600585.SHA,2.6484,-10265200640.0,0.93,-54.7183,5.3265243,172492000000.0,0.003137747,1.0015385,0.5864491,0.91057414,540777192,170.26677,173.03102
521328,2022/8/9,600585.SHA,2.6484,-10265200640.0,0.93,-54.7183,5.318342,172227000000.0,0.003137747,1.0043263,0.6292854,0.9104046,382631925,172.97786,172.76523
521329,2022/8/10,600585.SHA,2.6484,-10265200640.0,0.93,-54.7183,5.297069,171538000000.0,0.003137747,1.0335249,0.50289136,0.9031392,465121050,172.76523,172.07416
521330,2022/8/11,600585.SHA,2.6484,-10265200640.0,0.93,-54.7183,5.3543434,173393000000.0,0.003137747,1.0595856,0.5559917,0.89795494,399857974,172.9247,173.93471
521331,2022/8/12,600585.SHA,2.6484,-10265200640.0,0.93,-54.7183,5.380526,174241000000.0,0.003137747,1.0541841,0.68133,0.8918919,308555138,173.66891,174.78525
521332,2022/8/15,600585.SHA,2.6484,-10265200640.0,0.93,-54.7183,5.3461614,173128000000.0,0.003137747,1.0199813,0.46490502,0.88325083,427968798,174.78525,173.66891
521333,2022/8/16,600585.SHA,2.6484,-10265200640.0,0.93,-54.7183,5.359253,173552000000.0,0.003137747,1.0061444,0.35387468,0.8705955,386354021,174.14734,174.0942
521334,2022/8/17,600585.SHA,2.6484,-10265200640.0,0.93,-54.7183,5.360889,173605000000.0,0.003137747,1.0079999,0.36253092,0.8788628,503467323,174.2005,174.14734
521335,2022/8/18,600585.SHA,2.6484,-10265200640.0,0.93,-54.7183,5.174338,167564000000.0,0.003137747,0.97683036,0.15447992,0.90096766,917477970,173.29681,168.08727
521336,2022/8/19,600585.SHA,2.6484,-10265200640.0,0.93,-54.7183,5.2201576,169048000000.0,0.003137747,0.9749389,0.34712785,0.9045071,543295670,168.14043,169.57571
521337,2022/8/22,600585.SHA,2.6484,-10265200640.0,0.93,-54.7183,5.2659774,170532000000.0,0.003137747,0.9787105,0.28880197,0.91129863,467699380,169.52255,171.06415
521338,2022/8/23,600585.SHA,2.6484,-10265200640.0,0.93,-54.7183,5.1497917,166769000000.0,0.003137747,0.96326905,0.18563491,0.9195639,632813825,171.06415,167.28989
521339,2022/8/24,600585.SHA,2.6484,-10265200640.0,0.93,-54.7183,5.07779,164437000000.0,0.003137747,0.94748086,0.3466365,0.92329836,585465256,167.23674,164.95091
521340,2022/8/25,600585.SHA,2.6484,-10265200640.0,0.93,-54.7183,5.252886,170108000000.0,0.003137747,0.9798535,0.6352796,0.9406571,990533264,166.49252,170.63889
521341,2022/8/26,600585.SHA,5.4245,2951681024.0,1.86,-0.216,5.987105,168571000000.0,0.00283409,1.006009,0.7790554,0.93658936,609152433,169.41623,169.09729
521342,2022/8/29,600585.SHA,5.4245,2951681024.0,1.86,-0.216,5.913701,166504000000.0,0.00283409,0.984953,0.5634872,0.9386918,486001089,167.71516,167.02411
521343,2022/8/30,600585.SHA,5.4245,2951681024.0,1.86,-0.216,5.832769,164225000000.0,0.00283409,0.9630205,0.44966167,0.94403446,641252083,166.86462,164.73828
521344,2022/8/31,600585.SHA,5.4245,2951681024.0,1.86,-0.216,6.007808,169154000000.0,0.00283409,1.0142994,0.88173807,0.9547038,1110548626,164.2067,169.68202
521345,2022/9/1,600585.SHA,5.4245,2951681024.0,1.86,-0.216,5.94758,167458000000.0,0.00283409,1.0183693,0.82263684,0.9604508,820155776,167.44937,167.98096
521346,2022/9/2,600585.SHA,5.4245,2951681024.0,1.86,-0.216,5.8666472,165179000000.0,0.00283409,0.97102803,0.4014748,0.95802623,557260057,167.98096,165.69514
521347,2022/9/5,600585.SHA,5.4245,2951681024.0,1.86,-0.216,5.836533,164331000000.0,0.00283409,0.97485065,0.36609337,0.9611134,697498301,165.00407,164.8446
521348,2022/9/6,600585.SHA,5.4245,2951681024.0,1.86,-0.216,5.834651,164278000000.0,0.00283409,0.98663265,0.41166836,0.96131015,625308510,165.05724,164.79144
521349,2022/9/7,600585.SHA,5.4245,2951681024.0,1.86,-0.216,5.723604,161152000000.0,0.00283409,0.9812843,0.30460593,0.96421266,896206639,163.72827,161.65509
521350,2022/9/8,600585.SHA,5.4245,2951681024.0,1.86,-0.216,5.684079,160039000000.0,0.00283409,0.9461153,0.06419955,0.9581034,603234919,161.33614,160.53876
521351,2022/9/9,600585.SHA,5.4245,2951681024.0,1.86,-0.216,5.90429,166239000000.0,0.00283409,0.99272156,0.23175965,0.96570027,1396199309,160.64508,166.75832
521352,2022/9/13,600585.SHA,5.4245,2951681024.0,1.86,-0.216,6.015337,169366000000.0,0.00283409,1.0253448,0.6954657,0.9701858,1009415197,166.75832,169.89467
521353,2022/9/15,600585.SHA,5.4245,2951681024.0,1.86,-0.216,6.066155,170797000000.0,0.00283409,1.0396774,0.91111565,0.97261953,836909350,168.19359,171.32994
521354,2022/9/16,600585.SHA,5.4245,2951681024.0,1.86,-0.216,5.870412,165285000000.0,0.00283409,1.0256494,0.9240041,0.9750919,1061994356,170.21361,165.80145
521355,2022/9/19,600585.SHA,5.4245,2951681024.0,1.86,-0.216,5.731133,161364000000.0,0.00283409,1.0082781,0.90118414,0.97532123,655938750,165.80145,161.86772
521356,2022/9/20,600585.SHA,5.4245,2951681024.0,1.86,-0.216,5.567386,156753000000.0,0.00283409,0.9429391,0.48980424,0.974521,1165191494,162.71826,157.24294
521357,2022/9/21,600585.SHA,5.4245,2951681024.0,1.86,-0.216,5.4921002,154634000000.0,0.00283409,0.91301626,0.15668297,0.97229576,708548536,156.33923,155.1166
521358,2022/9/22,600585.SHA,5.4245,2951681024.0,1.86,-0.216,5.407404,152249000000.0,0.00283409,0.909465,0.11391889,0.9729014,520467773,153.46867,152.72446
521359,2022/9/23,600585.SHA,5.4245,2951681024.0,1.86,-0.216,5.394229,151878000000.0,0.00283409,0.8892336,0.059686292,0.97086984,406882426,152.72446,152.35234
521360,2022/9/26,600585.SHA,5.4245,2951681024.0,1.86,-0.216,5.332118,150129000000.0,0.00283409,0.908304,0.099816665,0.96581197,419157435,151.50182,150.59811
521361,2022/9/27,600585.SHA,5.4245,2951681024.0,1.86,-0.216,5.384818,151613000000.0,0.00283409,0.93957305,0.06532357,0.9619532,380576883,150.75758,152.08655
521362,2022/9/28,600585.SHA,5.4245,2951681024.0,1.86,-0.216,5.326472,149970000000.0,0.00283409,0.9567275,0.525834,0.9473577,444691103,151.50182,150.43864
521363,2022/9/29,600585.SHA,5.4245,2951681024.0,1.86,-0.216,5.290711,148963000000.0,0.00283409,0.9633311,0.6917446,0.94307786,524692211,150.91707,149.42863
521364,2022/9/30,600585.SHA,5.4245,2951681024.0,1.86,-0.216,5.422461,152673000000.0,0.00283409,1.0027845,0.87899125,0.95222604,821581162,149.80074,153.14972
521365,2022/10/10,600585.SHA,5.4245,2951681024.0,1.86,-0.216,5.305768,149387000000.0,0.00283409,0.9836009,0.8077626,0.9524873,455599757,152.72446,149.8539
521366,2022/10/11,600585.SHA,5.4245,2951681024.0,1.86,-0.216,5.2605968,148116000000.0,0.00283409,0.9865867,0.6848091,0.95190746,368517836,149.96022,148.5781
521367,2022/10/12,600585.SHA,5.4245,2951681024.0,1.86,-0.216,5.334,150182000000.0,0.00283409,0.9905628,0.7033279,0.95274794,403686564,148.04651,150.65128
521368,2022/10/13,600585.SHA,5.4245,2951681024.0,1.86,-0.216,5.388582,151719000000.0,0.00283409,1.0116607,0.548073,0.9515508,550592536,149.37547,152.19287
521369,2022/10/14,600585.SHA,5.4245,2951681024.0,1.86,-0.216,5.4394,153150000000.0,0.00283409,1.0281038,0.44599798,0.94491696,449663764,153.09657,153.62816
521370,2022/10/17,600585.SHA,5.4245,2951681024.0,1.86,-0.216,5.388582,151719000000.0,0.00283409,0.9937522,0.08774063,0.9331578,475239030,153.09657,152.19287
521371,2022/10/18,600585.SHA,5.4245,2951681024.0,1.86,-0.216,5.341529,150394000000.0,0.00283409,1.00674,0.07717237,0.9228589,310911715,152.88393,150.8639
521372,2022/10/19,600585.SHA,5.4245,2951681024.0,1.86,-0.216,5.273772,148486000000.0,0.00283409,1.0025045,0.10524186,0.9192798,407306895,150.59811,148.9502
521373,2022/10/20,600585.SHA,5.4245,2951681024.0,1.86,-0.216,5.236129,147427000000.0,0.00283409,0.9816513,0.11996763,0.9114436,308958596,147.78072,147.88702
521374,2022/10/21,600585.SHA,5.4245,2951681024.0,1.86,-0.216,5.230482,147268000000.0,0.00283409,0.97066015,0.102082066,0.9060226,444188724,148.36546,147.72755
521375,2022/10/24,600585.SHA,5.4245,2951681024.0,1.86,-0.216,4.995214,140643000000.0,0.00283409,0.918339,0.06750202,0.9250202,784302028,147.78072,141.08273
521376,2022/10/25,600585.SHA,5.4245,2951681024.0,1.86,-0.216,5.046032,142074000000.0,0.00283409,0.93643034,0.19288313,0.9228127,402505322,141.72064,142.51802
521377,2022/10/26,600585.SHA,5.4245,2951681024.0,1.86,-0.216,5.036621,141809000000.0,0.00283409,0.9429176,0.14453204,0.92708546,422988035,141.61432,142.25223
521378,2022/10/27,600585.SHA,5.4245,2951681024.0,1.86,-0.216,5.0912037,143346000000.0,0.00283409,0.9653819,0.2332391,0.92164785,397488019,142.30539,143.79382
521379,2022/10/28,600585.SHA,6.8175,-1333779456.0,2.34,-47.5256,5.755299,134072000000.0,0.002937893,0.9094177,0.13847396,0.94065404,909993477,138.15901,134.49107
521380,2022/10/31,600585.SHA,6.8175,-1333779456.0,2.34,-47.5256,5.5232673,128667000000.0,0.002937893,0.87369555,0.057350565,0.94325525,726213031,133.69371,129.06891
521381,2022/11/1,600585.SHA,6.8175,-1333779456.0,2.34,-47.5256,5.7484746,133913000000.0,0.002937893,0.9521477,0.13509694,0.942886,805064532,129.44102,134.3316
521382,2022/11/2,600585.SHA,6.8175,-1333779456.0,2.34,-47.5256,5.7507496,133966000000.0,0.002937893,0.9429318,0.07811869,0.94473577,633033526,133.0558,134.38477
521383,2022/11/3,600585.SHA,6.8175,-1333779456.0,2.34,-47.5256,5.6734056,132165000000.0,0.002937893,0.93198806,0.062109295,0.94435483,367864307,132.89633,132.57738
521384,2022/11/4,600585.SHA,6.8175,-1333779456.0,2.34,-47.5256,5.846292,136192000000.0,0.002937893,0.9500924,0.043530833,0.94863015,714774525,132.4179,136.61742
521385,2022/11/7,600585.SHA,6.8175,-1333779456.0,2.34,-47.5256,5.928186,138100000000.0,0.002937893,1.0300395,0.1713998,0.9380157,562149174,135.82004,138.53113
521386,2022/11/8,600585.SHA,6.8175,-1333779456.0,2.34,-47.5256,5.9168115,137835000000.0,0.002937893,1.0712521,0.61284477,0.9297787,390288773,137.84007,138.26534
521387,2022/11/9,600585.SHA,6.8175,-1333779456.0,2.34,-47.5256,5.9168115,137835000000.0,0.002937893,1.0292838,0.4590461,0.91929966,320024234,137.94638,138.26534
521388,2022/11/10,600585.SHA,6.8175,-1333779456.0,2.34,-47.5256,5.923636,137994000000.0,0.002937893,1.0300633,0.6415929,0.91251004,364766411,137.4148,138.4248
521389,2022/11/11,600585.SHA,6.8175,-1333779456.0,2.34,-47.5256,6.142019,143081000000.0,0.002937893,1.0825982,0.8787452,0.93142974,1035070884,140.55115,143.52803
521390,2022/11/14,600585.SHA,6.8175,-1333779456.0,2.34,-47.5256,6.2739587,146155000000.0,0.002937893,1.0731517,0.8899618,0.9459079,1385699529,147.78072,146.61122
521391,2022/11/15,600585.SHA,6.8175,-1333779456.0,2.34,-47.5256,6.617457,154157000000.0,0.002937893,1.1162702,0.94751656,0.9611982,1452265329,146.71754,154.63817
521392,2022/11/16,600585.SHA,6.8175,-1333779456.0,2.34,-47.5256,6.4900665,151189000000.0,0.002937893,1.0968858,0.9304243,0.96463025,694244981,153.73447,151.66129
521393,2022/11/17,600585.SHA,6.8175,-1333779456.0,2.34,-47.5256,6.4559445,150394000000.0,0.002937893,1.0911188,0.91658294,0.9670418,610731887,151.50182,150.8639
521394,2022/11/18,600585.SHA,6.8175,-1333779456.0,2.34,-47.5256,6.342203,147745000000.0,0.002937893,1.0706606,0.87798995,0.9686558,673678571,150.97023,148.20598
521395,2022/11/21,600585.SHA,6.8175,-1333779456.0,2.34,-47.5256,6.2603097,145837000000.0,0.002937893,1.0192593,0.61149055,0.96665996,543138498,148.20598,146.29228
521396,2022/11/22,600585.SHA,6.8175,-1333779456.0,2.34,-47.5256,6.292157,146579000000.0,0.002937893,1.0029007,0.5454728,0.9564344,380420299,146.82385,147.0365
521397,2022/11/23,600585.SHA,6.8175,-1333779456.0,2.34,-47.5256,6.2762337,146208000000.0,0.002937893,0.94843584,0.22802088,0.93822706,432296984,146.50491,146.66438
521398,2022/11/24,600585.SHA,6.8175,-1333779456.0,2.34,-47.5256,6.303531,146844000000.0,0.002937893,0.97125834,0.38352045,0.9348567,500360177,147.78072,147.30229
521399,2022/11/25,600585.SHA,6.8175,-1333779456.0,2.34,-47.5256,6.419547,149546000000.0,0.002937893,0.9943622,0.7015434,0.93452144,570568495,147.35544,150.01337
521400,2022/11/28,600585.SHA,6.8175,-1333779456.0,2.34,-47.5256,6.244386,145466000000.0,0.002937893,0.98457676,0.6064064,0.9355484,485546206,147.24913,145.92017
521401,2022/11/29,600585.SHA,6.8175,-1333779456.0,2.34,-47.5256,6.5969834,153680000000.0,0.002937893,1.053779,0.8909564,0.9502,1126125646,148.79073,154.15974
521402,2022/11/30,600585.SHA,6.8175,-1333779456.0,2.34,-47.5256,6.5037155,151507000000.0,0.002937893,1.0336225,0.8019604,0.95879173,833052117,154.10658,151.98024
521403,2022/12/1,600585.SHA,6.8175,-1333779456.0,2.34,-47.5256,6.5059905,151560000000.0,0.002937893,1.0366075,0.76635325,0.9562,559629277,154.10658,152.0334
521404,2022/12/2,600585.SHA,6.8175,-1333779456.0,2.34,-47.5256,6.410448,149334000000.0,0.002937893,1.0169613,0.55131024,0.9544091,466957073,151.71445,149.80074
521405,2022/12/5,600585.SHA,6.8175,-1333779456.0,2.34,-47.5256,6.7789693,157919000000.0,0.002937893,1.0559887,0.7667067,0.959992,1210416825,150.8639,158.41241
521406,2022/12/6,600585.SHA,6.8175,-1333779456.0,2.34,-47.5256,6.6220064,154263000000.0,0.002937893,1.0604736,0.7725545,0.9584,652386708,157.2961,154.74448
521407,2022/12/7,600585.SHA,6.8175,-1333779456.0,2.34,-47.5256,6.551487,152620000000.0,0.002937893,0.99310344,0.2778,0.947421,556388605,154.79764,153.09657
521408,2022/12/8,600585.SHA,6.8175,-1333779456.0,2.34,-47.5256,6.5947084,153627000000.0,0.002937893,1.0139909,0.5785686,0.941247,444013476,152.56499,154.10658
521409,2022/12/9,600585.SHA,6.8175,-1333779456.0,2.34,-47.5256,6.881336,160304000000.0,0.002937893,1.0576923,0.8795482,0.9592326,1481023876,154.15974,160.80455
521410,2022/12/12,600585.SHA,6.8175,-1333779456.0,2.34,-47.5256,6.719824,156541000000.0,0.002937893,1.0482613,0.8709806,0.96565497,853606551,159.79454,157.0303
521411,2022/12/13,600585.SHA,6.8175,-1333779456.0,2.34,-47.5256,6.756221,157389000000.0,0.002937893,0.9966443,0.6865016,0.9572769,479627194,156.23293,157.88083
521412,2022/12/14,600585.SHA,6.8175,-1333779456.0,2.34,-47.5256,6.756221,157389000000.0,0.002937893,1.020268,0.8097045,0.96007985,601865826,157.88083,157.88083
521413,2022/12/15,600585.SHA,6.8175,-1333779456.0,2.34,-47.5256,6.551487,152620000000.0,0.002937893,1.0,0.7216567,0.9648983,717944786,157.61504,153.09657
521414,2022/12/16,600585.SHA,6.8175,-1333779456.0,2.34,-47.5256,6.742572,157071000000.0,0.002937893,1.0224216,0.8636092,0.971309,945645109,152.2992,157.56189
521415,2022/12/19,600585.SHA,6.8175,-1333779456.0,2.34,-47.5256,6.524189,151984000000.0,0.002937893,0.9480992,0.41535392,0.96253484,674637627,157.61504,152.45866
521416,2022/12/20,600585.SHA,6.8175,-1333779456.0,2.34,-47.5256,6.396799,149016000000.0,0.002937893,0.9519295,0.40454364,0.95935446,437263053,151.55496,149.48178
521417,2022/12/21,600585.SHA,6.8175,-1333779456.0,2.34,-47.5256,6.419547,149546000000.0,0.002937893,0.9501684,0.4433586,0.9601276,287935675,149.37547,150.01337
521418,2022/12/22,600585.SHA,6.8175,-1333779456.0,2.34,-47.5256,6.4695935,150712000000.0,0.002937893,0.9575758,0.7113279,0.959817,468639997,150.8639,151.18286
521419,2022/12/23,600585.SHA,6.8175,-1333779456.0,2.34,-47.5256,6.437746,149970000000.0,0.002937893,0.9826389,0.88484484,0.95310014,273737205,150.22601,150.43864
521885,2022/1/10,600588.SHA,1.7985,-2011989504.0,0.04,-138.6413,102.3629,115787000000.0,0.008379771,0.9841535,0.3581674,0.93771404,718726821,1975.3579,1967.0231
521886,2022/1/11,600588.SHA,1.7985,-2011989504.0,0.04,-138.6413,96.897766,109605000000.0,0.008379771,0.9339465,0.1885702,0.9434931,1027203222,1951.4647,1862.004
521887,2022/1/12,600588.SHA,1.7985,-2011989504.0,0.04,-138.6413,101.35084,114642000000.0,0.008379771,0.97172165,0.30800512,0.95591694,1208911087,1864.2267,1947.5751
521888,2022/1/13,600588.SHA,1.7985,-2011989504.0,0.04,-138.6413,101.20626,114479000000.0,0.008379771,0.93258727,0.10785363,0.94951874,1012706882,1972.5797,1944.7969
521889,2022/1/14,600588.SHA,1.7985,-2011989504.0,0.04,-138.6413,105.54367,119385000000.0,0.008379771,1.0035744,0.72100985,0.95230967,1067351703,1925.3489,2028.1453
521890,2022/1/17,600588.SHA,1.7985,-2011989504.0,0.04,-138.6413,114.9414,130015000000.0,0.008379771,1.1178291,0.9264014,0.9734703,2454904566,2066.4856,2208.7336
521891,2022/1/18,600588.SHA,1.7985,-2011989504.0,0.04,-138.6413,112.22328,126941000000.0,0.008379771,1.0963278,0.9362703,0.97798675,1498623295,2193.731,2156.502
521892,2022/1/19,600588.SHA,1.7985,-2011989504.0,0.04,-138.6413,112.4257,127170000000.0,0.008379771,1.1602507,0.96814877,0.97713673,897596939,2132.6086,2160.3914
521893,2022/1/20,600588.SHA,1.7985,-2011989504.0,0.04,-138.6413,112.020874,126712000000.0,0.008379771,1.1052783,0.96324784,0.97201455,626718157,2149.2783,2152.6123
521894,2022/1/21,600588.SHA,1.7985,-2011989504.0,0.04,-138.6413,111.471466,126090000000.0,0.008379771,1.1014285,0.9681692,0.97180694,725655392,2138.1653,2142.0547
521895,2022/1/24,600588.SHA,1.7985,-2011989504.0,0.04,-138.6413,113.29318,128151000000.0,0.008379771,1.0734246,0.9357112,0.973746,1118107386,2118.7173,2177.061
521896,2022/1/25,600588.SHA,1.7985,-2011989504.0,0.04,-138.6413,109.30276,123637000000.0,0.008379771,0.95094335,0.7680974,0.9588135,748401380,2176.5054,2100.3806
521897,2022/1/26,600588.SHA,1.7985,-2011989504.0,0.04,-138.6413,109.620834,123997000000.0,0.008379771,0.9768101,0.84311634,0.95581645,976106199,2142.6104,2106.493
521898,2022/1/27,600588.SHA,1.7985,-2011989504.0,0.04,-138.6413,104.09787,117750000000.0,0.008379771,0.92592597,0.71000427,0.95947963,877978671,2094.2683,2000.3624
521899,2022/1/28,600588.SHA,1.7985,-2011989504.0,0.04,-138.6413,106.06412,119974000000.0,0.008379771,0.90113574,0.24024728,0.966965,959023411,2000.3624,1939.7959
521900,2022/2/7,600588.SHA,1.7985,-2011989504.0,0.04,-138.6413,106.70214,120695000000.0,0.008379771,0.9110247,0.19160272,0.9674052,569885999,2035.3688,1951.4647
521901,2022/2/8,600588.SHA,1.7985,-2011989504.0,0.04,-138.6413,109.831505,124235000000.0,0.008379771,0.92266464,0.18985723,0.96421725,837964848,1947.0194,2008.6973
521902,2022/2/9,600588.SHA,1.7985,-2011989504.0,0.04,-138.6413,110.74297,125266000000.0,0.008379771,0.9642857,0.14160988,0.9642401,915945168,2011.4756,2025.367
521903,2022/2/10,600588.SHA,1.7985,-2011989504.0,0.04,-138.6413,107.85667,122001000000.0,0.008379771,0.93642837,0.10510638,0.9570487,568802730,2022.5887,1972.5797
521904,2022/2/11,600588.SHA,1.7985,-2011989504.0,0.04,-138.6413,101.780235,115128000000.0,0.008379771,0.9305556,0.09525835,0.9606885,1243855888,1974.2466,1861.4484
521905,2022/2/14,600588.SHA,1.7985,-2011989504.0,0.04,-138.6413,97.22291,109973000000.0,0.008379771,0.91664284,0.07499469,0.96112174,1090472624,1830.3317,1778.1
521906,2022/2/15,600588.SHA,1.7985,-2011989504.0,0.04,-138.6413,99.86616,112963000000.0,0.008379771,0.9359339,0.06945624,0.96070516,620957198,1795.3253,1826.442
521907,2022/2/16,600588.SHA,1.7985,-2011989504.0,0.04,-138.6413,98.407814,111313000000.0,0.008379771,0.89598894,0.01380922,0.95858115,473572139,1843.6674,1799.7705
521908,2022/2/17,600588.SHA,1.7985,-2011989504.0,0.04,-138.6413,98.80278,111760000000.0,0.008379771,0.8921811,0.022939676,0.9532909,578374816,1810.328,1806.9941
521909,2022/2/18,600588.SHA,1.7985,-2011989504.0,0.04,-138.6413,97.80017,110626000000.0,0.008379771,0.9067606,0.021439185,0.95584804,650989021,1805.8828,1788.6575
521910,2022/2/21,600588.SHA,1.7985,-2011989504.0,0.04,-138.6413,100.80801,114028000000.0,0.008379771,0.99044776,0.15774947,0.9511677,778406537,1797.548,1843.6674
521911,2022/2/22,600588.SHA,1.7985,-2011989504.0,0.04,-138.6413,97.465965,110248000000.0,0.008379771,1.0024999,0.3580378,0.94203824,664364928,1815.329,1782.5452
521912,2022/2/23,600588.SHA,1.7985,-2011989504.0,0.04,-138.6413,99.44081,112482000000.0,0.008379771,0.99574083,0.19872612,0.93952894,726850210,1786.4348,1818.6628
521913,2022/2/24,600588.SHA,1.7985,-2011989504.0,0.04,-138.6413,94.39737,106777000000.0,0.008379771,0.9592467,0.20810352,0.94484514,1114188374,1794.7697,1726.424
521914,2022/2/25,600588.SHA,1.7985,-2011989504.0,0.04,-138.6413,95.39998,107911000000.0,0.008379771,0.96555966,0.15061519,0.94402033,627173206,1747.5388,1744.7606
521915,2022/2/28,600588.SHA,1.7985,-2011989504.0,0.04,-138.6413,95.24807,107739000000.0,0.008379771,0.9739049,0.30562037,0.9378711,367472629,1745.3163,1741.9823
521916,2022/3/1,600588.SHA,1.7985,-2011989504.0,0.04,-138.6413,95.30884,107808000000.0,0.008379771,0.9454491,0.12338351,0.9302818,452460627,1742.538,1743.0936
521917,2022/3/2,600588.SHA,1.7985,-2011989504.0,0.04,-138.6413,94.33661,106708000000.0,0.008379771,0.96789277,0.14561255,0.9226695,377792821,1731.9805,1725.3126
521918,2022/3/3,600588.SHA,1.7985,-2011989504.0,0.04,-138.6413,93.728966,106021000000.0,0.008379771,0.9425603,0.13961865,0.917161,541726309,1747.5388,1714.1995
521919,2022/3/4,600588.SHA,1.7985,-2011989504.0,0.04,-138.6413,91.08572,103031000000.0,0.008379771,0.96491796,0.1940267,0.917814,899365791,1697.5298,1665.8574
521920,2022/3/7,600588.SHA,1.7985,-2011989504.0,0.04,-138.6413,84.4624,95539052340.0,0.008379771,0.8853503,0.04661017,0.9278001,1036707098,1643.0756,1544.7244
521921,2022/3/8,600588.SHA,1.7985,-2011989504.0,0.04,-138.6413,81.97107,92720993962.0,0.008379771,0.8606061,0.05190678,0.938983,985553203,1553.0592,1499.1605
521922,2022/3/9,600588.SHA,1.7985,-2011989504.0,0.04,-138.6413,79.63164,90074768411.0,0.008379771,0.8355116,0.03963544,0.94340825,918478040,1500.8275,1456.375
521923,2022/3/10,600588.SHA,1.7985,-2011989504.0,0.04,-138.6413,77.93024,88150240738.0,0.008379771,0.826087,0.011866921,0.94850606,895013558,1496.3822,1425.2583
521924,2022/3/11,600588.SHA,1.7985,-2011989504.0,0.04,-138.6413,77.80118,88004253414.0,0.008379771,0.8301459,0.011016949,0.9531879,886157205,1361.9135,1423.0356
521925,2022/3/14,600588.SHA,1.7985,-2011989504.0,0.04,-138.6413,75.40122,85289557585.0,0.008379771,0.82788527,0.01947502,0.95154464,765649540,1403.032,1379.1388
521926,2022/3/15,600588.SHA,1.7985,-2011989504.0,0.04,-138.6413,71.39116,80753610123.0,0.008379771,0.8453237,0.13221917,0.94796956,855633212,1382.4728,1305.7921
521927,2022/3/16,600588.SHA,1.7985,-2011989504.0,0.04,-138.6413,77.132835,87248262171.0,0.008379771,0.94106746,0.4001692,0.9500952,1226678678,1338.5759,1410.8112
521928,2022/3/17,600588.SHA,1.7985,-2011989504.0,0.04,-138.6413,77.25435,87385715124.0,0.008379771,0.97024035,0.37026855,0.9494715,934143364,1442.4836,1413.0338
521929,2022/3/18,600588.SHA,1.7985,-2011989504.0,0.04,-138.6413,77.28473,87420078362.0,0.008379771,0.9918128,0.58934236,0.94611156,425708838,1420.2573,1413.5895
521930,2022/3/21,600588.SHA,9.7418,211841872.0,0.22,759.1822,119.34059,84464839864.0,0.010677372,0.9597813,0.24783435,0.9545935,1454631520,1378.0275,1365.803
521931,2022/3/22,600588.SHA,9.7418,211841872.0,0.22,759.1822,118.46665,83846301574.0,0.010677372,0.9830782,0.23099662,0.957797,914737913,1380.2501,1355.8013
521932,2022/3/23,600588.SHA,9.7418,211841872.0,0.22,759.1822,119.38914,84499203103.0,0.010677372,1.046383,0.2805907,0.95802575,689663517,1353.023,1366.3586
521933,2022/3/24,600588.SHA,9.7418,211841872.0,0.22,759.1822,113.223045,80135071832.0,0.010677372,0.9184719,0.024688752,0.9626661,1424732546,1350.2446,1295.7904
521934,2022/3/25,600588.SHA,9.7418,211841872.0,0.22,759.1822,112.737526,79791439449.0,0.010677372,0.91309476,0.04832243,0.96183044,731200404,1305.2365,1290.2338
521935,2022/3/28,600588.SHA,9.7418,211841872.0,0.22,759.1822,111.81504,79138537920.0,0.010677372,0.90526724,0.052076746,0.9637437,455557821,1284.6772,1279.6763
521936,2022/3/29,600588.SHA,9.7418,211841872.0,0.22,759.1822,111.280975,78760542298.0,0.010677372,0.93246543,0.23102866,0.95093703,378327601,1288.0111,1273.5641
521937,2022/3/30,600588.SHA,9.7418,211841872.0,0.22,759.1822,113.223045,80135071832.0,0.010677372,0.9557377,0.2253106,0.9454852,517804051,1293.0121,1295.7904
521938,2022/3/31,600588.SHA,9.7418,211841872.0,0.22,759.1822,111.18387,78691815822.0,0.010677372,0.93127286,0.1569743,0.93954074,433037924,1299.6799,1272.4528
521939,2022/4/1,600588.SHA,9.7418,211841872.0,0.22,759.1822,110.892555,78485636391.0,0.010677372,0.9794168,0.41361147,0.91364783,494317743,1259.1171,1269.1189
521940,2022/4/6,600588.SHA,9.7418,211841872.0,0.22,759.1822,108.75627,76973653904.0,0.010677372,0.9646856,0.22819217,0.90014744,453340635,1264.1179,1244.6699
521941,2022/4/7,600588.SHA,9.7418,211841872.0,0.22,759.1822,105.21198,74465137504.0,0.010677372,0.94094664,0.18689422,0.89492524,456559430,1251.8936,1204.107
521942,2022/4/8,600588.SHA,9.7418,211841872.0,0.22,759.1822,103.998184,73606056546.0,0.010677372,0.934555,0.17035165,0.8905263,328812401,1209.108,1190.2157
521943,2022/4/11,600588.SHA,9.7418,211841872.0,0.22,759.1822,99.77417,70616454809.0,0.010677372,0.8812178,0.17582649,0.8907368,494764725,1175.7686,1141.8735
521944,2022/4/12,600588.SHA,9.7418,211841872.0,0.22,759.1822,103.85253,73502966831.0,0.010677372,0.93406117,0.34301347,0.9057437,700901384,1144.6519,1188.5487
521945,2022/4/13,600588.SHA,9.7418,211841872.0,0.22,759.1822,101.08911,71547122545.0,0.010677372,0.9119965,0.30473188,0.89865434,343951373,1174.1017,1157.432
521946,2022/4/14,600588.SHA,9.7418,211841872.0,0.22,759.1822,102.01119,72199736721.0,0.010677372,0.9383929,0.48496953,0.895146,279496806,1181.3252,1167.9894
521947,2022/4/15,600588.SHA,9.7418,211841872.0,0.22,759.1822,100.89499,71409730087.0,0.010677372,0.9593909,0.5789695,0.88624895,266753966,1160.7659,1155.2094
521948,2022/4/18,600588.SHA,9.7418,211841872.0,0.22,759.1822,101.8656,72096692377.0,0.010677372,0.9799252,0.64653903,0.88346654,225895704,1156.8763,1166.3224
521949,2022/4/19,600588.SHA,9.7418,211841872.0,0.22,759.1822,99.09936,70138849850.0,0.010677372,0.993674,0.4630915,0.88839847,489407463,1165.2112,1134.65
521950,2022/4/20,600588.SHA,9.7418,211841872.0,0.22,759.1822,99.29348,70276242308.0,0.010677372,0.95652175,0.3753678,0.8792017,508977410,1145.7632,1136.8727
521951,2022/4/21,600588.SHA,9.7418,211841872.0,0.22,759.1822,95.89635,67871874292.0,0.010677372,0.9486317,0.47711045,0.88786227,431361827,1129.6492,1097.9767
521952,2022/4/22,600588.SHA,9.7418,211841872.0,0.22,759.1822,94.63455,66978823314.0,0.010677372,0.92768794,0.43667296,0.89460427,338050620,1091.8645,1083.5297
521953,2022/4/25,600588.SHA,9.7418,211841872.0,0.22,759.1822,86.52995,61242688189.0,0.010677372,0.8576238,0.3665757,0.9082511,485410765,1065.7487,990.73505
521954,2022/4/26,600588.SHA,9.7418,211841872.0,0.22,759.1822,82.21073,58185705997.0,0.010677372,0.807051,0.2909664,0.92318994,618786870,990.73505,941.2817
521955,2022/4/27,600588.SHA,9.7418,211841872.0,0.22,759.1822,86.04465,60899207044.0,0.010677372,0.8682664,0.56017643,0.92191434,538486804,926.8346,985.1785
521956,2022/4/28,600588.SHA,9.7418,211841872.0,0.22,759.1822,85.899055,60796162700.0,0.010677372,0.86510265,0.5697161,0.91761243,387996633,986.28986,983.51154
521957,2022/4/29,600588.SHA,9.7418,211841872.0,0.22,759.1822,92.88745,65742291191.0,0.010677372,0.96862346,0.7151872,0.9249685,736722107,993.51337,1063.526
521958,2022/8/22,600588.SHA,-2.8446,-2203326208.0,-0.08,134.9527,307.5335,72866738758.0,0.00676,0.9819528,0.31947303,0.89483434,862270232,1142.54,1185.5598
521959,2022/8/23,600588.SHA,-2.8446,-2203326208.0,-0.08,134.9527,315.2146,74686690292.0,0.00676,1.0244937,0.70940524,0.9090722,801228044,1184.4424,1215.1709
521960,2022/8/24,600588.SHA,-2.8446,-2203326208.0,-0.08,134.9527,299.85242,71046787224.0,0.00676,0.9932789,0.71857643,0.91774625,670032825,1211.8187,1155.9487
521961,2022/8/25,600588.SHA,-2.8446,-2203326208.0,-0.08,134.9527,296.80896,70325674353.0,0.00676,0.9669499,0.54296875,0.92833674,544377146,1166.5641,1144.2161
521962,2022/8/26,600588.SHA,-2.8446,-2203326208.0,-0.08,134.9527,289.8525,68677416360.0,0.00676,0.9578544,0.4862423,0.9367946,464981278,1142.54,1117.3986
521963,2022/8/29,600588.SHA,-2.8446,-2203326208.0,-0.08,134.9527,279.56274,66239368079.0,0.00676,0.946052,0.2951795,0.9450482,725580577,1100.6376,1077.7308
521964,2022/8/30,600588.SHA,-2.8446,-2203326208.0,-0.08,134.9527,290.867,68917787317.0,0.00676,0.9458059,0.33381176,0.94239444,604325224,1072.7026,1121.3094
521965,2022/8/31,600588.SHA,-2.8446,-2203326208.0,-0.08,134.9527,291.15686,68986464734.0,0.00676,0.9236781,0.3881943,0.93420786,418614954,1113.4877,1122.4268
521966,2022/9/1,600588.SHA,-2.8446,-2203326208.0,-0.08,134.9527,295.21478,69947948563.0,0.00676,0.98453367,0.6128768,0.9372951,645186896,1122.9855,1138.0704
521967,2022/9/2,600588.SHA,-2.8446,-2203326208.0,-0.08,134.9527,292.0264,69192496983.0,0.00676,0.9838868,0.50245804,0.9346847,303552584,1153.714,1125.779
521968,2022/9/5,600588.SHA,-2.8446,-2203326208.0,-0.08,134.9527,286.80905,67956303488.0,0.00676,0.98950005,0.48259622,0.9285714,221611651,1117.9573,1105.6659
521969,2022/9/6,600588.SHA,-2.8446,-2203326208.0,-0.08,134.9527,285.64966,67681593823.0,0.00676,1.021773,0.7854657,0.9082907,254176399,1113.4877,1101.1963
521970,2022/9/7,600588.SHA,-2.8446,-2203326208.0,-0.08,134.9527,284.3453,67372545449.0,0.00676,0.97757846,0.26970318,0.89038855,293995476,1100.0789,1096.168
521971,2022/9/8,600588.SHA,-2.8446,-2203326208.0,-0.08,134.9527,280.14246,66376722912.0,0.00676,0.9621703,0.11286036,0.89352137,353598047,1096.7267,1079.9657
521972,2022/9/9,600588.SHA,-2.8446,-2203326208.0,-0.08,134.9527,283.1859,67097835784.0,0.00676,0.9592538,0.07132638,0.8509596,205319110,1083.3179,1091.6984
521973,2022/9/13,600588.SHA,-2.8446,-2203326208.0,-0.08,134.9527,283.7656,67235190616.0,0.00676,0.97171205,0.16523694,0.845824,298190780,1094.4918,1093.9331
521974,2022/9/15,600588.SHA,-2.8446,-2203326208.0,-0.08,134.9527,281.88156,66788787410.0,0.00676,0.98680866,0.7063752,0.86105436,340126121,1101.7549,1086.67
521975,2022/9/16,600588.SHA,-2.8446,-2203326208.0,-0.08,134.9527,283.041,67063497076.0,0.00676,0.9954128,0.85107255,0.8881176,588883580,1081.083,1091.1396
521976,2022/9/19,600588.SHA,-2.8446,-2203326208.0,-0.08,134.9527,261.30203,61912690849.0,0.00676,0.932747,0.5085749,0.9112788,662724585,1091.1396,1007.3348
521977,2022/9/20,600588.SHA,-2.8446,-2203326208.0,-0.08,134.9527,263.62085,62462110179.0,0.00676,0.93091094,0.3384992,0.9180595,240239731,1005.1,1016.2739
521978,2022/9/21,600588.SHA,-2.8446,-2203326208.0,-0.08,134.9527,265.07013,62805497261.0,0.00676,0.9341165,0.34515077,0.9213689,299650932,1010.12823,1021.86096
521979,2022/9/22,600588.SHA,-2.8446,-2203326208.0,-0.08,134.9527,267.96866,63492271425.0,0.00676,0.9381024,0.3374771,0.9329666,461587042,1012.92175,1033.0349
521980,2022/9/23,600588.SHA,-2.8446,-2203326208.0,-0.08,134.9527,261.5919,61981368265.0,0.00676,0.92802054,0.23018944,0.93623954,262196251,1036.3871,1008.45215
521981,2022/9/26,600588.SHA,-2.8446,-2203326208.0,-0.08,134.9527,257.38904,60985545728.0,0.00676,0.9093702,0.1034834,0.9249084,234554339,1000.07166,992.2499
521982,2022/9/27,600588.SHA,-2.8446,-2203326208.0,-0.08,134.9527,262.46146,62187400514.0,0.00676,1.0044371,0.64468867,0.8980671,265717628,994.4847,1011.8044
521983,2022/9/28,600588.SHA,-2.8446,-2203326208.0,-0.08,134.9527,258.54843,61260255393.0,0.00676,0.98075867,0.7615948,0.8953252,209368126,1009.01086,996.7195
521984,2022/9/29,600588.SHA,-2.8446,-2203326208.0,-0.08,134.9527,257.96875,61122900560.0,0.00676,0.9732094,0.7492883,0.8900183,241290330,1006.77606,994.4847
521985,2022/9/30,600588.SHA,-2.8446,-2203326208.0,-0.08,134.9527,255.0702,60436126397.0,0.00676,0.95186585,0.6469392,0.86765605,220111543,989.45636,983.31067
521986,2022/10/10,600588.SHA,-2.8446,-2203326208.0,-0.08,134.9527,246.66449,58444481322.0,0.00676,0.9429363,0.556391,0.87411165,279964782,988.8977,950.9061
521987,2022/10/11,600588.SHA,-2.8446,-2203326208.0,-0.08,134.9527,242.46162,57448658785.0,0.00676,0.9420045,0.28777418,0.877638,224408673,962.08014,934.70386
521988,2022/10/12,600588.SHA,-2.8446,-2203326208.0,-0.08,134.9527,251.88184,59680674817.0,0.00676,0.95969075,0.38189936,0.885216,374769866,935.2626,971.0193
521989,2022/10/13,600588.SHA,-2.8446,-2203326208.0,-0.08,134.9527,262.1716,62118723098.0,0.00676,1.0140134,0.57383364,0.90675044,545529406,964.8736,1010.68695
521990,2022/10/14,600588.SHA,-2.8446,-2203326208.0,-0.08,134.9527,266.80923,63217561759.0,0.00676,1.0342697,0.5223911,0.9072499,369718505,1007.8935,1028.5653
521991,2022/10/17,600588.SHA,-2.8446,-2203326208.0,-0.08,134.9527,280.4323,66445400328.0,0.00676,1.0994318,0.78014183,0.9224225,649327159,1036.3871,1081.083
521992,2022/10/18,600588.SHA,-2.8446,-2203326208.0,-0.08,134.9527,278.69318,66033335830.0,0.00676,1.1298473,0.78651005,0.9246811,423678781,1081.083,1074.3787
521993,2022/10/19,600588.SHA,-2.8446,-2203326208.0,-0.08,134.9527,275.79468,65346561667.0,0.00676,1.1374776,0.85751873,0.9221121,301071588,1074.3787,1063.2047
521994,2022/10/20,600588.SHA,-2.8446,-2203326208.0,-0.08,134.9527,281.5917,66720109994.0,0.00676,1.1179516,0.8960146,0.9247877,507081972,1055.9417,1085.5526
521995,2022/10/21,600588.SHA,-2.8446,-2203326208.0,-0.08,134.9527,280.28738,66411061620.0,0.00676,1.069099,0.80897516,0.9135004,270657441,1083.3179,1080.5244
521996,2022/10/24,600588.SHA,-2.8446,-2203326208.0,-0.08,134.9527,299.41763,70943771100.0,0.00676,1.1222162,0.95432496,0.95230395,1579634195,1081.083,1154.2727
521997,2022/10/25,600588.SHA,-2.8446,-2203326208.0,-0.08,134.9527,307.67844,72901077466.0,0.00676,1.0971577,0.95511526,0.96342695,1376640734,1145.3335,1186.1185
521998,2022/10/26,600588.SHA,-2.8446,-2203326208.0,-0.08,134.9527,338.4028,80180883600.0,0.00676,1.2142485,0.9919143,0.9745506,1365134005,1176.0619,1304.5627
521999,2022/10/27,600588.SHA,-2.8446,-2203326208.0,-0.08,134.9527,361.30115,85606399493.0,0.00676,1.3100368,0.9973748,0.990307,2975193363,1369.3718,1392.8373
522000,2022/10/28,600588.SHA,-6.0221,-3602050816.0,-0.16,-306.4492,1961.4413,81039351305.0,0.007526097,1.2146167,0.9945499,0.9933387,2587474956,1362.6675,1318.5303
522001,2022/10/31,600588.SHA,-6.0221,-3602050816.0,-0.16,-306.4492,2031.2552,83923802792.0,0.007526097,1.263702,0.99495155,0.9947496,2275026189,1300.6519,1365.4609
522002,2022/11/1,600588.SHA,-6.0221,-3602050816.0,-0.16,-306.4492,2160.91,89280641268.0,0.007526097,1.2584704,0.99252826,0.9949546,2255666461,1352.0522,1452.618
522003,2022/11/2,600588.SHA,-6.0221,-3602050816.0,-0.16,-306.4492,2268.9553,93744673331.0,0.007526097,1.2859162,0.98970526,0.9945543,2053393777,1424.6831,1525.249
522004,2022/11/3,600588.SHA,-6.0221,-3602050816.0,-0.16,-306.4492,2046.2153,84541899539.0,0.007526097,1.0543897,0.82355314,0.9953629,2105921242,1480.553,1375.5176
522005,2022/11/4,600588.SHA,-6.0221,-3602050816.0,-0.16,-306.4492,2058.6821,85056980162.0,0.007526097,0.993582,0.18480451,0.9933521,1106874825,1368.8132,1383.8981
522006,2022/11/7,600588.SHA,-6.0221,-3602050816.0,-0.16,-306.4492,2037.0731,84164173749.0,0.007526097,1.0385593,0.21893252,0.9903401,1038646636,1377.1937,1369.3718
522007,2022/11/8,600588.SHA,-6.0221,-3602050816.0,-0.16,-306.4492,2090.2646,86361851073.0,0.007526097,1.0290508,0.21783774,0.98833,1394015108,1369.9305,1405.1287
522008,2022/11/9,600588.SHA,-6.0221,-3602050816.0,-0.16,-306.4492,2045.3843,84507560831.0,0.007526097,0.94653845,0.023948481,0.98631513,656472856,1379.9872,1374.9589
522009,2022/11/10,600588.SHA,-6.0221,-3602050816.0,-0.16,-306.4492,2012.1395,83134012504.0,0.007526097,0.8868132,0.005832663,0.98270315,866974274,1371.048,1352.611
522010,2022/11/11,600588.SHA,-6.0221,-3602050816.0,-0.16,-306.4492,2032.0863,83958141500.0,0.007526097,0.99309504,0.26261812,0.97627187,1237296458,1395.6307,1366.0197
522011,2022/11/14,600588.SHA,-6.0221,-3602050816.0,-0.16,-306.4492,2032.9175,83992480208.0,0.007526097,0.9874849,0.36652586,0.9734567,886773029,1357.6392,1366.5784
522012,2022/11/15,600588.SHA,-6.0221,-3602050816.0,-0.16,-306.4492,2037.9042,84198512457.0,0.007526097,1.000408,0.36798713,0.973462,1271393707,1373.2828,1369.9305
522013,2022/11/16,600588.SHA,-6.0221,-3602050816.0,-0.16,-306.4492,2072.8113,85640738201.0,0.007526097,0.9916501,0.2742811,0.971463,956201014,1379.9872,1393.396
522014,2022/11/17,600588.SHA,-6.0221,-3602050816.0,-0.16,-306.4492,2212.4392,91409641175.0,0.007526097,1.0816741,0.8958794,0.9782958,2001455464,1407.9221,1487.2574
522015,2022/11/18,600588.SHA,-6.0221,-3602050816.0,-0.16,-306.4492,2162.572,89349318684.0,0.007526097,1.0747625,0.8894472,0.9835242,2171677675,1466.5856,1453.7355
522016,2022/11/21,600588.SHA,-6.0221,-3602050816.0,-0.16,-306.4492,2014.4941,83231298292.0,0.007526097,0.99141103,0.307955,0.98835105,2284299111,1444.7963,1354.287
522017,2022/11/22,600588.SHA,-6.0221,-3602050816.0,-0.16,-306.4492,1963.7994,81136781297.0,0.007526097,0.966067,0.15679583,0.9913672,1400712699,1329.7042,1320.2063
522018,2022/11/23,600588.SHA,-6.0221,-3602050816.0,-0.16,-306.4492,1960.4751,80999435921.0,0.007526097,0.96207184,0.34805298,0.99157643,762268079,1312.9432,1317.9716
522019,2022/11/24,600588.SHA,-6.0221,-3602050816.0,-0.16,-306.4492,1919.753,79316955056.0,0.007526097,0.9262229,0.073977545,0.99238324,889972562,1328.5868,1290.5953
522020,2022/11/25,600588.SHA,-6.0221,-3602050816.0,-0.16,-306.4492,1903.9629,78664564516.0,0.007526097,0.8606311,0.014632191,0.9895875,608880854,1290.0366,1279.98
522021,2022/11/28,600588.SHA,-6.0221,-3602050816.0,-0.16,-306.4492,1872.3826,77359783438.0,0.007526097,0.8658724,0.017017016,0.98318654,604988983,1248.6929,1258.7494
522022,2022/11/29,600588.SHA,-6.0221,-3602050816.0,-0.16,-306.4492,1900.6387,78527219140.0,0.007526097,0.94348186,0.18267307,0.9722,673615530,1259.8668,1277.7452
522023,2022/11/30,600588.SHA,-6.0221,-3602050816.0,-0.16,-306.4492,1903.9629,78664564516.0,0.007526097,0.9695303,0.25685138,0.9585917,404641424,1273.8344,1279.98
522024,2022/12/1,600588.SHA,-6.0221,-3602050816.0,-0.16,-306.4492,1943.0228,80278372693.0,0.007526097,0.9910979,0.27585518,0.9592,1096062501,1285.0083,1306.2389
522025,2022/12/2,600588.SHA,-6.0221,-3602050816.0,-0.16,-306.4492,1876.5378,77531465158.0,0.007526097,0.9774892,0.15463093,0.95520896,790082873,1279.98,1261.543
522026,2022/12/5,600588.SHA,-6.0221,-3602050816.0,-0.16,-306.4492,1924.7395,79522973121.0,0.007526097,1.0109123,0.2665066,0.95339066,761749754,1266.5712,1293.9475
522027,2022/12/6,600588.SHA,-6.0221,-3602050816.0,-0.16,-306.4492,1898.1455,78424210107.0,0.007526097,1.0137595,0.30286056,0.949,487981952,1291.7126,1276.0691
522028,2022/12/7,600588.SHA,-6.0221,-3602050816.0,-0.16,-306.4492,1885.6796,77909164944.0,0.007526097,0.9921294,0.2684,0.94442225,570758686,1273.2756,1267.6886
522029,2022/12/8,600588.SHA,-6.0221,-3602050816.0,-0.16,-306.4492,1857.4235,76741729242.0,0.007526097,0.97555655,0.17752899,0.94644284,470782955,1263.7777,1248.6929
522030,2022/12/9,600588.SHA,-6.0221,-3602050816.0,-0.16,-306.4492,1879.8622,77668810535.0,0.007526097,0.96749353,0.19272292,0.9426459,837338768,1249.2516,1263.7777
534456,2022/1/10,600690.SHA,13.7456,-13116369920.0,1.072,-18.8503,22.680342,283747000000.0,0.005368349,1.0171833,0.59666026,0.9730308,1244966836,1172.8302,1154.8513
534457,2022/1/11,600690.SHA,13.7456,-13116369920.0,1.072,-18.8503,22.282177,278766000000.0,0.005368349,0.99230516,0.4604024,0.97495717,903905437,1147.2008,1134.5774
534458,2022/1/12,600690.SHA,13.7456,-13116369920.0,1.072,-18.8503,22.687855,283841000000.0,0.005368349,1.027211,0.7904538,0.97688854,1082577612,1139.9327,1155.2339
534459,2022/1/13,600690.SHA,13.7456,-13116369920.0,1.072,-18.8503,21.530924,269367000000.0,0.005368349,0.95533335,0.1998716,0.97368985,1319094266,1160.9718,1096.3246
534460,2022/1/14,600690.SHA,13.7456,-13116369920.0,1.072,-18.8503,21.28301,266265000000.0,0.005368349,0.9399469,0.17971759,0.969846,742552483,1096.3246,1083.7012
534461,2022/1/17,600690.SHA,13.7456,-13116369920.0,1.072,-18.8503,21.170322,264855000000.0,0.005368349,0.91493505,0.036371417,0.9634146,826013967,1080.641,1077.9633
534462,2022/1/18,600690.SHA,13.7456,-13116369920.0,1.072,-18.8503,21.508387,269085000000.0,0.005368349,0.9483273,0.15889649,0.9581107,1037330237,1078.3458,1095.177
534463,2022/1/19,600690.SHA,13.7456,-13116369920.0,1.072,-18.8503,21.748787,272092000000.0,0.005368349,0.976062,0.33668235,0.9587607,1029792152,1094.0294,1107.4178
534464,2022/1/20,600690.SHA,13.7456,-13116369920.0,1.072,-18.8503,22.545116,282055000000.0,0.005368349,0.99370855,0.74081194,0.96411026,1411584930,1110.8606,1147.9658
534465,2022/1/21,600690.SHA,13.7456,-13116369920.0,1.072,-18.8503,22.387354,280081000000.0,0.005368349,1.0397767,0.89724416,0.9574968,791450496,1140.6978,1139.9327
534466,2022/1/24,600690.SHA,13.7456,-13116369920.0,1.072,-18.8503,22.2219,278011000000.0,0.005368349,1.0395341,0.8840239,0.95688367,567029899,1138.4026,1126.5443
534467,2022/1/25,600690.SHA,13.7456,-13116369920.0,1.072,-18.8503,22.03326,275651000000.0,0.005368349,1.0361959,0.9560111,0.95689285,651491592,1131.8997,1116.9811
534468,2022/1/26,600690.SHA,13.7456,-13116369920.0,1.072,-18.8503,22.093626,276407000000.0,0.005368349,1.0227034,0.94364995,0.95773745,724921106,1116.9811,1120.0413
534469,2022/1/27,600690.SHA,13.7456,-13116369920.0,1.072,-18.8503,21.474884,268666000000.0,0.005368349,0.98307437,0.92662114,0.9560674,764601922,1109.3306,1088.6741
534470,2022/1/28,600690.SHA,13.7456,-13116369920.0,1.072,-18.8503,20.863688,261019000000.0,0.005368349,0.9213596,0.37582606,0.9556692,1067429284,1097.0896,1057.6893
534471,2022/2/7,600690.SHA,13.7456,-13116369920.0,1.072,-18.8503,20.961403,262242000000.0,0.005368349,0.9318792,0.2924126,0.9567533,887604591,1071.0778,1062.2797
534472,2022/2/8,600690.SHA,13.7456,-13116369920.0,1.072,-18.8503,20.576443,257426000000.0,0.005368349,0.9256367,0.20264223,0.9631523,832391427,1062.2797,1042.7708
534473,2022/2/9,600690.SHA,13.7456,-13116369920.0,1.072,-18.8503,20.893469,261392000000.0,0.005368349,0.94794524,0.10583475,0.9663687,960796807,1042.7708,1058.8369
534474,2022/2/10,600690.SHA,13.7456,-13116369920.0,1.072,-18.8503,20.236773,253176000000.0,0.005368349,0.91564214,0.07234043,0.9683181,1081523362,1056.5417,1025.557
534475,2022/2/11,600690.SHA,13.7456,-13116369920.0,1.072,-18.8503,20.04052,250721000000.0,0.005368349,0.9328882,0.09866043,0.9677008,860993391,1017.52386,1015.6112
534476,2022/2/14,600690.SHA,13.7456,-13116369920.0,1.072,-18.8503,19.542337,244488000000.0,0.005368349,0.9363471,0.11366051,0.9666454,1104433539,1011.40344,990.3644
534477,2022/2/15,600690.SHA,13.7456,-13116369920.0,1.072,-18.8503,19.723494,246755000000.0,0.005368349,0.9409434,0.085386574,0.9626168,506606446,990.74695,999.54504
534478,2022/2/16,600690.SHA,13.7456,-13116369920.0,1.072,-18.8503,19.776333,247416000000.0,0.005368349,0.9611152,0.11939664,0.95943075,459948949,1006.43054,1002.2228
534479,2022/2/17,600690.SHA,13.7456,-13116369920.0,1.072,-18.8503,19.632915,245621000000.0,0.005368349,0.9396676,0.11448598,0.9539278,586041955,1007.9607,994.9547
534480,2022/2/18,600690.SHA,13.7456,-13116369920.0,1.072,-18.8503,19.791428,247605000000.0,0.005368349,0.9779932,0.28295478,0.95075357,723945759,994.9547,1002.9878
534481,2022/2/21,600690.SHA,13.7456,-13116369920.0,1.072,-18.8503,19.836718,248171000000.0,0.005368349,0.9898305,0.15456475,0.9507431,771378312,994.5722,1005.28296
534482,2022/2/22,600690.SHA,13.7456,-13116369920.0,1.072,-18.8503,19.330988,241844000000.0,0.005368349,0.98918504,0.22149076,0.94607216,945187339,994.5722,979.6536
534483,2022/2/23,600690.SHA,13.7456,-13116369920.0,1.072,-18.8503,19.595175,245149000000.0,0.005368349,0.9934941,0.17940553,0.94568217,655671164,983.0964,993.0421
534484,2022/2/24,600690.SHA,13.7456,-13116369920.0,1.072,-18.8503,19.134733,239389000000.0,0.005368349,0.9675572,0.27789563,0.9450573,837751720,987.3042,969.7079
534485,2022/2/25,600690.SHA,13.7456,-13116369920.0,1.072,-18.8503,19.323439,241750000000.0,0.005368349,0.9842369,0.2925329,0.9484733,852990733,976.97595,979.2711
534486,2022/2/28,600690.SHA,13.7456,-13116369920.0,1.072,-18.8503,19.240408,240711000000.0,0.005368349,0.9721587,0.29077414,0.946989,768703649,975.4458,975.0633
534487,2022/3/1,600690.SHA,13.7456,-13116369920.0,1.072,-18.8503,19.412441,242863000000.0,0.005368349,0.9783105,0.37311852,0.9476584,863716043,982.71387,983.4789
534488,2022/3/2,600690.SHA,13.7456,-13116369920.0,1.072,-18.8503,19.027365,238046000000.0,0.005368349,0.9839906,0.2643069,0.94682205,804618855,968.9429,963.97
534489,2022/3/3,600690.SHA,13.7456,-13116369920.0,1.072,-18.8503,18.861252,235967000000.0,0.005368349,0.9622496,0.25572035,0.9474576,654909051,967.7953,955.5544
534490,2022/3/4,600690.SHA,13.7456,-13116369920.0,1.072,-18.8503,18.461073,230961000000.0,0.005368349,0.964497,0.19233213,0.954247,1106226123,947.5213,935.2804
534491,2022/3/7,600690.SHA,13.7456,-13116369920.0,1.072,-18.8503,17.42665,218020000000.0,0.005368349,0.90156245,0.073305085,0.9637942,1780351831,925.7172,882.8741
534492,2022/3/8,600690.SHA,13.7456,-13116369920.0,1.072,-18.8503,16.913214,211596000000.0,0.005368349,0.87877595,0.08707627,0.9677966,1204325880,880.5789,856.8622
534493,2022/3/9,600690.SHA,13.7456,-13116369920.0,1.072,-18.8503,16.671595,208573000000.0,0.005368349,0.8588098,0.089656636,0.96926665,1306863499,864.13025,844.62134
534494,2022/3/10,600690.SHA,13.7456,-13116369920.0,1.072,-18.8503,16.88301,211218000000.0,0.005368349,0.8873016,0.12778132,0.9713923,1208433896,865.66034,855.3321
534495,2022/3/11,600690.SHA,13.7456,-13116369920.0,1.072,-18.8503,16.973618,212352000000.0,0.005368349,0.8999199,0.13474576,0.9707689,776486867,841.5611,859.9224
534496,2022/3/14,600690.SHA,13.7456,-13116369920.0,1.072,-18.8503,16.626291,208007000000.0,0.005368349,0.90061355,0.23497036,0.9674143,702835765,844.62134,842.3262
534497,2022/3/15,600690.SHA,13.7456,-13116369920.0,1.072,-18.8503,15.682474,196199000000.0,0.005368349,0.8999134,0.54431987,0.95960236,946672751,835.8232,794.5102
534498,2022/3/16,600690.SHA,13.7456,-13116369920.0,1.072,-18.8503,16.278967,203661000000.0,0.005368349,0.96250004,0.60215735,0.9551702,1056773899,814.7842,824.72986
534499,2022/3/17,600690.SHA,13.7456,-13116369920.0,1.072,-18.8503,16.784853,209990000000.0,0.005368349,1.0067935,0.6815394,0.9520085,1098541789,849.2117,850.35925
534500,2022/3/18,600690.SHA,13.7456,-13116369920.0,1.072,-18.8503,16.762201,209707000000.0,0.005368349,0.9928444,0.60245293,0.9486475,758479775,851.50684,849.2117
534501,2022/3/21,600690.SHA,13.7456,-13116369920.0,1.072,-18.8503,16.792404,210085000000.0,0.005368349,0.98932385,0.5385591,0.9495248,655302774,868.338,850.74176
534502,2022/3/22,600690.SHA,13.7456,-13116369920.0,1.072,-18.8503,16.898111,211407000000.0,0.005368349,1.0163487,0.548353,0.9476683,583127647,847.299,856.09717
534503,2022/3/23,600690.SHA,13.7456,-13116369920.0,1.072,-18.8503,16.807505,210274000000.0,0.005368349,1.0717381,0.5170886,0.94347185,577345725,861.07,851.50684
534504,2022/3/24,600690.SHA,13.7456,-13116369920.0,1.072,-18.8503,16.905663,211502000000.0,0.005368349,1.0384972,0.619329,0.94051886,704773198,843.0912,856.4797
534505,2022/3/25,600690.SHA,13.7456,-13116369920.0,1.072,-18.8503,16.535686,206873000000.0,0.005368349,0.9851552,0.3281283,0.9327288,493396138,856.4797,837.73584
534506,2022/3/28,600690.SHA,13.7456,-13116369920.0,1.072,-18.8503,16.45263,205834000000.0,0.005368349,0.9815315,0.43811932,0.92769814,488638633,830.4678,833.528
534507,2022/3/29,600690.SHA,13.7456,-13116369920.0,1.072,-18.8503,16.195911,202622000000.0,0.005368349,0.96447843,0.47301856,0.9246157,455979236,837.3533,820.5221
534508,2022/3/30,600690.SHA,13.7456,-13116369920.0,1.072,-18.8503,16.913214,211596000000.0,0.005368349,1.0008936,0.6691935,0.9366449,1062271178,830.08527,856.8622
534509,2022/3/31,600690.SHA,17.8235,9662176256.0,1.41,1.625,16.699152,218208000000.0,0.006390512,1.0377358,0.8631479,0.951759,1450281998,880.1964,883.63916
534510,2022/4/1,600690.SHA,17.8235,9662176256.0,1.41,1.625,17.169043,224349000000.0,0.006390512,1.0607414,0.88622,0.95871943,1328258627,879.0488,908.5035
534511,2022/4/6,600690.SHA,17.8235,9662176256.0,1.41,1.625,17.07555,223127000000.0,0.006390512,1.0785388,0.8881163,0.9658732,881406304,896.2626,903.5306
534512,2022/4/7,600690.SHA,17.8235,9662176256.0,1.41,1.625,16.627335,217270000000.0,0.006390512,1.0555301,0.8876949,0.9692567,709574780,898.94025,879.81384
534513,2022/4/8,600690.SHA,17.8235,9662176256.0,1.41,1.625,16.504438,215664000000.0,0.006390512,1.0643357,0.87428933,0.9738947,929213204,875.2235,873.3109
534514,2022/4/11,600690.SHA,17.8235,9662176256.0,1.41,1.625,16.302017,213019000000.0,0.006390512,1.0066965,0.81027585,0.9736842,1079267137,884.02167,862.6001
534515,2022/4/12,600690.SHA,17.8235,9662176256.0,1.41,1.625,16.945423,221426000000.0,0.006390512,1.0147185,0.793771,0.969493,1044123800,859.15735,896.6451
534516,2022/4/13,600690.SHA,17.8235,9662176256.0,1.41,1.625,17.256283,225489000000.0,0.006390512,1.0050527,0.81829655,0.96909165,1247184676,895.4975,913.0938
534517,2022/4/14,600690.SHA,17.8235,9662176256.0,1.41,1.625,17.964752,234746000000.0,0.006390512,1.0520746,0.9297877,0.9739441,1473308428,928.3949,950.5815
534518,2022/4/15,600690.SHA,17.8235,9662176256.0,1.41,1.625,17.820166,232857000000.0,0.006390512,1.0717392,0.9535226,0.97350717,741983685,942.1659,942.93097
534519,2022/4/18,600690.SHA,17.8235,9662176256.0,1.41,1.625,17.48039,228417000000.0,0.006390512,1.0591327,0.91878814,0.9722339,583345822,937.19305,924.95215
534520,2022/4/19,600690.SHA,17.8235,9662176256.0,1.41,1.625,17.2852,225866000000.0,0.006390512,1.0603105,0.8666667,0.9686843,501200505,919.21423,914.6239
534521,2022/4/20,600690.SHA,17.8235,9662176256.0,1.41,1.625,17.690039,231156000000.0,0.006390512,1.043942,0.8905002,0.9684874,866743603,917.3016,936.0455
534522,2022/4/21,600690.SHA,17.8235,9662176256.0,1.41,1.625,17.37918,227094000000.0,0.006390512,1.0071219,0.8393532,0.9647207,748257156,929.5425,919.59674
534523,2022/4/22,600690.SHA,17.8235,9662176256.0,1.41,1.625,17.78402,232384000000.0,0.006390512,0.9899397,0.82503676,0.95675,847177782,907.3559,941.0183
534524,2022/4/25,600690.SHA,17.8235,9662176256.0,1.41,1.625,17.183989,224544000000.0,0.006390512,0.96430016,0.88977534,0.9687172,1352058904,930.30756,909.2685
534525,2022/4/26,600690.SHA,17.8235,9662176256.0,1.41,1.625,17.140614,223977000000.0,0.006390512,0.98056245,0.9485294,0.97586566,1251190390,920.3618,906.9733
534526,2022/4/27,600690.SHA,17.8235,9662176256.0,1.41,1.625,17.198448,224733000000.0,0.006390512,0.99498117,0.9455997,0.97879934,928602766,898.94025,910.03357
534527,2022/4/28,600690.SHA,17.8235,9662176256.0,1.41,1.625,17.733414,231723000000.0,0.006390512,1.002452,0.94069403,0.9775116,984030928,910.4161,938.34064
534528,2022/4/29,600690.SHA,4.2919,-8898897920.0,0.38,12.2786,18.089926,244759000000.0,0.005636565,1.077787,0.9450989,0.9819252,2048985366,949.81647,991.12946
534529,2022/5/5,600690.SHA,4.2919,-8898897920.0,0.38,12.2786,18.494873,250238000000.0,0.005636565,1.0768292,0.91392136,0.981088,1171380483,1015.2287,1013.31604
534530,2022/5/6,600690.SHA,4.2919,-8898897920.0,0.38,12.2786,17.838581,241359000000.0,0.005636565,1.0748843,0.7542194,0.9793292,755448231,993.8071,977.35846
534531,2022/5/9,600690.SHA,4.2919,-8898897920.0,0.38,12.2786,17.622143,238430000000.0,0.005636565,1.0645298,0.4221519,0.9763713,540827256,960.5272,965.50006
534532,2022/5/10,600690.SHA,4.2919,-8898897920.0,0.38,12.2786,17.887453,242020000000.0,0.005636565,1.076923,0.60784316,0.9778714,855896777,949.0514,980.03613
534533,2022/5/11,600690.SHA,4.2919,-8898897920.0,0.38,12.2786,17.566288,237675000000.0,0.005636565,1.0256828,0.15511064,0.9762055,978866237,980.03613,962.4399
534534,2022/5/12,600690.SHA,4.2919,-8898897920.0,0.38,12.2786,17.845562,241453000000.0,0.005636565,0.9864917,0.12447346,0.9652485,705284506,962.4399,977.74097
534535,2022/5/13,600690.SHA,4.2919,-8898897920.0,0.38,12.2786,17.957272,242965000000.0,0.005636565,0.9709325,0.06610526,0.9610608,658477968,976.5934,983.86145
534536,2022/5/16,600690.SHA,4.2919,-8898897920.0,0.38,12.2786,17.91538,242398000000.0,0.005636565,1.0043054,0.12168421,0.95389473,456301477,997.2499,981.5663
534537,2022/5/17,600690.SHA,4.2919,-8898897920.0,0.38,12.2786,18.068981,244476000000.0,0.005636565,1.0253567,0.4910545,0.95306253,622962815,986.1566,989.9819
534538,2022/5/18,600690.SHA,4.2919,-8898897920.0,0.38,12.2786,18.096909,244854000000.0,0.005636565,1.0117096,0.42556328,0.94862074,568382572,989.59937,991.51196
534539,2022/5/19,600690.SHA,4.2919,-8898897920.0,0.38,12.2786,17.657053,238903000000.0,0.005636565,1.0051669,0.3094586,0.95093703,797480702,978.50604,967.4127
534540,2022/5/20,600690.SHA,4.2919,-8898897920.0,0.38,12.2786,18.208618,246365000000.0,0.005636565,1.0203444,0.44074932,0.9564394,1020791705,967.4127,997.63245
534541,2022/5/23,600690.SHA,4.2919,-8898897920.0,0.38,12.2786,17.87349,241831000000.0,0.005636565,0.9953344,0.16670175,0.9576931,853502410,994.9547,979.2711
534542,2022/5/24,600690.SHA,4.2919,-8898897920.0,0.38,12.2786,17.336382,234564000000.0,0.005636565,0.96765393,0.30021054,0.9625342,833562581,975.4458,949.81647
534543,2022/5/25,600690.SHA,4.2919,-8898897920.0,0.38,12.2786,17.46904,236359000000.0,0.005636565,0.9667697,0.1527135,0.9621531,491906108,942.1659,957.0845
534544,2022/5/26,600690.SHA,4.2919,-8898897920.0,0.38,12.2786,17.448095,236075000000.0,0.005636565,0.9641204,0.14432773,0.96344537,894509065,958.61456,955.9369
534545,2022/5/27,600690.SHA,4.2919,-8898897920.0,0.38,12.2786,17.53886,237303000000.0,0.005636565,0.99327797,0.4119378,0.96261287,813095839,965.8826,960.9097
534546,2022/5/30,600690.SHA,4.2919,-8898897920.0,0.38,12.2786,17.67152,239098000000.0,0.005636565,0.97047544,0.24832074,0.9592779,532036955,977.35846,968.1778
534547,2022/5/31,600690.SHA,4.2919,-8898897920.0,0.38,12.2786,17.727375,239854000000.0,0.005636565,0.99179685,0.43396226,0.95642155,750394858,966.6477,971.23804
534548,2022/6/1,600690.SHA,4.2919,-8898897920.0,0.38,12.2786,17.77625,240515000000.0,0.005636565,1.0253725,0.28215334,0.9543455,576775169,978.88855,973.9157
534549,2022/6/2,600690.SHA,4.2919,-8898897920.0,0.38,12.2786,17.622646,238437000000.0,0.005636565,1.008793,0.26408377,0.955202,604966823,960.5272,965.50006
534550,2022/6/6,600690.SHA,4.2919,-8898897920.0,0.38,12.2786,17.50395,236831000000.0,0.005636565,1.0032012,0.18407856,0.9567669,1132702087,961.6748,958.99713
534551,2022/6/7,600690.SHA,4.2919,-8898897920.0,0.38,12.2786,17.385256,235225000000.0,0.005636565,0.99124205,0.13903967,0.9557411,959041100,951.34656,952.49414
534552,2022/6/8,600690.SHA,4.2919,-8898897920.0,0.38,12.2786,16.994263,229935000000.0,0.005636565,0.96167517,0.070146136,0.9622129,1514700617,960.1447,931.0726
534553,2022/6/9,600690.SHA,4.2919,-8898897920.0,0.38,12.2786,16.428719,222283000000.0,0.005636565,0.9267428,0.04948841,0.96763414,1498859374,922.657,900.0878
534554,2022/6/10,600690.SHA,4.2919,-8898897920.0,0.38,12.2786,16.770838,226912000000.0,0.005636565,0.94344074,0.060075093,0.9674661,875119947,899.7053,918.8317
534555,2022/6/13,600690.SHA,4.2919,-8898897920.0,0.38,12.2786,16.477592,222944000000.0,0.005636565,0.93502384,0.055011462,0.9664863,853760780,906.2083,902.76556
534556,2022/6/14,600690.SHA,4.2919,-8898897920.0,0.38,12.2786,16.826694,227668000000.0,0.005636565,0.9613083,0.2770256,0.9645907,786861175,897.02765,921.8919
534557,2022/6/15,600690.SHA,4.2919,-8898897920.0,0.38,12.2786,17.105976,231446000000.0,0.005636565,0.9839358,0.43014783,0.9629707,1071475559,918.06665,937.19305
534558,2022/6/16,600690.SHA,4.2919,-8898897920.0,0.38,12.2786,17.08503,231163000000.0,0.005636565,1.005341,0.56631273,0.9550375,722294771,937.95807,936.0455
534559,2022/6/17,600690.SHA,4.2919,-8898897920.0,0.38,12.2786,17.448095,236075000000.0,0.005636565,1.0620484,0.77557826,0.94666666,960929337,929.925,955.9369
534560,2022/6/20,600690.SHA,4.2919,-8898897920.0,0.38,12.2786,17.832106,241271000000.0,0.005636565,1.0632806,0.80216575,0.9498126,1257791166,955.9369,976.97595
534561,2022/6/21,600690.SHA,4.2919,-8898897920.0,0.38,12.2786,18.05553,244294000000.0,0.005636565,1.0957626,0.91569525,0.95214313,1025028975,981.1837,989.2168
534562,2022/6/22,600690.SHA,4.2919,-8898897920.0,0.38,12.2786,17.755304,240232000000.0,0.005636565,1.0551867,0.84201753,0.9535223,739783036,991.89453,972.7681
534563,2022/6/23,600690.SHA,4.2919,-8898897920.0,0.38,12.2786,17.790215,240704000000.0,0.005636565,1.04,0.6838925,0.9516566,765407178,969.3254,974.6808
534564,2022/6/24,600690.SHA,4.2919,-8898897920.0,0.38,12.2786,18.586166,251474000000.0,0.005636565,1.0878627,0.8494265,0.96165067,1501704470,977.35846,1018.28894
534565,2022/6/27,600690.SHA,4.2919,-8898897920.0,0.38,12.2786,19.060944,257897000000.0,0.005636565,1.0924369,0.86283094,0.9660275,1565050724,1014.0811,1044.3008
534566,2022/6/28,600690.SHA,4.2919,-8898897920.0,0.38,12.2786,18.858465,255158000000.0,0.005636565,1.0575567,0.7408257,0.96267724,710230823,1036.6503,1033.2075
534567,2022/6/29,600690.SHA,4.2919,-8898897920.0,0.38,12.2786,18.725807,253363000000.0,0.005636565,1.037123,0.73795116,0.95726496,777433616,1032.825,1025.9395
534568,2022/6/30,600690.SHA,4.2919,-8898897920.0,0.38,12.2786,19.172657,259409000000.0,0.005636565,1.079827,0.8015013,0.9564402,814220534,1025.1744,1050.4213
534569,2022/7/1,600690.SHA,4.2919,-8898897920.0,0.38,12.2786,18.851482,255063000000.0,0.005636565,1.0596546,0.81670487,0.9554538,542055087,1055.7766,1032.825
534570,2022/7/4,600690.SHA,4.2919,-8898897920.0,0.38,12.2786,18.97716,256764000000.0,0.005636565,1.0210367,0.6271363,0.9401834,545089330,1032.0599,1039.7104
534571,2022/7/5,600690.SHA,4.2919,-8898897920.0,0.38,12.2786,18.56522,251190000000.0,0.005636565,0.9739927,0.32125,0.93083334,988409642,1046.596,1017.14136
534572,2022/7/6,600690.SHA,4.2919,-8898897920.0,0.38,12.2786,18.586166,251474000000.0,0.005636565,0.9855609,0.6624323,0.9331807,849303375,1023.6443,1018.28894
534573,2022/7/7,600690.SHA,4.2919,-8898897920.0,0.38,12.2786,18.363264,248458000000.0,0.005636565,0.9806115,0.39975014,0.93735695,698804070,1007.5781,1006.04803
534574,2022/7/8,600690.SHA,4.2919,-8898897920.0,0.38,12.2786,18.279476,247324000000.0,0.005636565,0.9533867,0.1787721,0.9309341,429034649,1015.9938,1001.4577
534575,2022/7/11,600690.SHA,4.2919,-8898897920.0,0.38,12.2786,18.38421,248741000000.0,0.005636565,0.9751852,0.45182103,0.93694067,793827821,994.5722,1007.1956
534576,2022/7/12,600690.SHA,4.2919,-8898897920.0,0.38,12.2786,18.85202,255071000000.0,0.005636565,0.9933775,0.7526546,0.9486059,1229257451,1002.2228,1032.825
534577,2022/7/13,600690.SHA,4.2919,-8898897920.0,0.38,12.2786,18.38421,248741000000.0,0.005636565,0.99022186,0.5827263,0.94883525,958569483,1036.2677,1007.1956
534578,2022/7/14,600690.SHA,4.2919,-8898897920.0,0.38,12.2786,17.769773,240428000000.0,0.005636565,0.9560481,0.17497922,0.9584545,1438305477,1023.2618,973.5332
534579,2022/7/15,600690.SHA,4.2919,-8898897920.0,0.38,12.2786,17.211195,232870000000.0,0.005636565,0.93726236,0.19948079,0.9626401,979985623,961.6748,942.93097
534580,2022/7/18,600690.SHA,4.2919,-8898897920.0,0.38,12.2786,17.78374,240617000000.0,0.005636565,0.97288007,0.3246888,0.96598214,684561284,942.93097,974.2982
534581,2022/7/19,600690.SHA,4.2919,-8898897920.0,0.38,12.2786,17.553326,237499000000.0,0.005636565,0.9548044,0.11286307,0.9635006,520426763,965.8826,961.6748
534582,2022/7/20,600690.SHA,4.2919,-8898897920.0,0.38,12.2786,17.7209,239766000000.0,0.005636565,0.94,0.028307756,0.9562604,565475924,971.62054,970.85547
534583,2022/7/21,600690.SHA,4.2919,-8898897920.0,0.38,12.2786,17.420662,235704000000.0,0.005636565,0.9475883,0.06716418,0.9461028,487960305,971.23804,954.4068
534584,2022/7/22,600690.SHA,4.2919,-8898897920.0,0.38,12.2786,17.427645,235799000000.0,0.005636565,0.9807465,0.2168325,0.9320489,583820156,954.02423,954.7893
534585,2022/7/25,600690.SHA,4.2919,-8898897920.0,0.38,12.2786,17.560307,237594000000.0,0.005636565,1.0202839,0.45052895,0.92658645,644057865,955.9369,962.0573
534586,2022/7/26,600690.SHA,4.2919,-8898897920.0,0.38,12.2786,17.874508,241845000000.0,0.005636565,1.0051041,0.43336788,0.93160623,774163989,962.0573,979.2711
534587,2022/7/27,600690.SHA,4.2919,-8898897920.0,0.38,12.2786,17.641834,238697000000.0,0.005636565,1.0047733,0.4746114,0.9297409,436564849,971.23804,966.26514
534588,2022/7/28,600690.SHA,4.2919,-8898897920.0,0.38,12.2786,17.563364,237635000000.0,0.005636565,0.9909377,0.3268394,0.9266321,465471984,972.3856,962.0573
534589,2022/7/29,600690.SHA,4.2919,-8898897920.0,0.38,12.2786,17.31196,234233000000.0,0.005636565,0.99358714,0.3880597,0.9324632,615671727,965.8826,948.2863
534590,2022/8/1,600690.SHA,4.2919,-8898897920.0,0.38,12.2786,16.99072,229887000000.0,0.005636565,0.97475964,0.17622696,0.9325331,648781086,941.0183,930.69006
534591,2022/8/2,600690.SHA,4.2919,-8898897920.0,0.38,12.2786,16.641548,225163000000.0,0.005636565,0.94751495,0.27141085,0.924302,526124004,920.7443,911.56366
534592,2022/8/3,600690.SHA,4.2919,-8898897920.0,0.38,12.2786,16.27841,220249000000.0,0.005636565,0.91054684,0.12861869,0.91296256,620497475,911.56366,891.67224
534593,2022/8/4,600690.SHA,4.2919,-8898897920.0,0.38,12.2786,16.271425,220155000000.0,0.005636565,0.92240703,0.121976435,0.91525424,455256520,898.94025,891.28973
534594,2022/8/5,600690.SHA,4.2919,-8898897920.0,0.38,12.2786,16.376177,221572000000.0,0.005636565,0.93240565,0.15029977,0.9293389,910766088,894.3499,897.02765
534595,2022/8/8,600690.SHA,4.2919,-8898897920.0,0.38,12.2786,16.424107,222221000000.0,0.005636565,0.9487697,0.1454245,0.93721604,810156303,891.67224,899.7053
534596,2022/8/9,600690.SHA,4.2919,-8898897920.0,0.38,12.2786,16.396173,221843000000.0,0.005636565,0.96506375,0.25712517,0.93331957,453092700,911.9462,898.17523
534597,2022/8/10,600690.SHA,4.2919,-8898897920.0,0.38,12.2786,15.921327,215418000000.0,0.005636565,0.9567772,0.055555556,0.9434118,852329467,900.8529,872.1633
534598,2022/8/11,600690.SHA,4.2919,-8898897920.0,0.38,12.2786,16.396173,221843000000.0,0.005636565,1.007293,0.123553716,0.9454658,666010643,878.28375,898.17523
534599,2022/8/12,600690.SHA,4.2919,-8898897920.0,0.38,12.2786,16.535835,223732000000.0,0.005636565,1.0163089,0.2796365,0.94450176,500427934,899.3228,905.82574
534600,2022/8/15,600690.SHA,4.2919,-8898897920.0,0.38,12.2786,16.486954,223071000000.0,0.005636565,1.006823,0.30821636,0.9348185,509168105,906.2083,903.1481
534601,2022/8/16,600690.SHA,4.2919,-8898897920.0,0.38,12.2786,16.493937,223165000000.0,0.005636565,1.0042517,0.33285242,0.9258191,502950171,900.4704,903.5306
534602,2022/8/17,600690.SHA,4.2919,-8898897920.0,0.38,12.2786,16.982748,229779000000.0,0.005636565,1.0357751,0.6527205,0.9318088,770079086,904.67816,930.30756
534603,2022/8/18,600690.SHA,4.2919,-8898897920.0,0.38,12.2786,16.75929,226756000000.0,0.005636565,1.0526316,0.77888775,0.9172329,488746983,929.16,918.06665
534604,2022/8/19,600690.SHA,4.2919,-8898897920.0,0.38,12.2786,16.975765,229685000000.0,0.005636565,1.0353491,0.8112003,0.91397405,529030966,915.7715,929.925
534605,2022/8/22,600690.SHA,4.2919,-8898897920.0,0.38,12.2786,17.038612,230535000000.0,0.005636565,1.0304054,0.74722105,0.9158263,596450337,921.8919,933.36774
534606,2022/8/23,600690.SHA,4.2919,-8898897920.0,0.38,12.2786,16.940851,229212000000.0,0.005636565,1.0472745,0.8125129,0.918741,545836957,935.70703,945.8439
534607,2022/8/24,600690.SHA,4.2919,-8898897920.0,0.38,12.2786,16.968782,229590000000.0,0.005636565,1.048557,0.90392923,0.9204195,642810219,946.23376,947.4034
534608,2022/8/25,600690.SHA,4.2919,-8898897920.0,0.38,12.2786,17.080511,231102000000.0,0.005636565,1.0250819,0.8659539,0.90759754,316146474,951.3021,953.6414
534609,2022/8/26,600690.SHA,4.2919,-8898897920.0,0.38,12.2786,16.989733,229874000000.0,0.005636565,1.0332289,0.88172483,0.9070388,358423435,957.93005,948.573
534610,2022/8/29,600690.SHA,4.2919,-8898897920.0,0.38,12.2786,17.157324,232141000000.0,0.005636565,1.0301154,0.83692306,0.9073201,380969576,941.5552,957.93005
534611,2022/8/30,600690.SHA,9.5736,4738968576.0,0.85,26.016,16.943354,239983000000.0,0.00665943,1.0609858,0.9421776,0.93460435,1190530667,965.72766,990.2899
534612,2022/8/31,600690.SHA,9.5736,4738968576.0,0.85,26.016,17.256872,244424000000.0,0.00665943,1.0663644,0.9612625,0.9460955,1027254522,988.7304,1008.6142
534613,2022/9/1,600690.SHA,9.5736,4738968576.0,0.85,26.016,17.483673,247636000000.0,0.00665943,1.0786008,0.95550543,0.96065575,1387805778,1008.6142,1021.87006
534614,2022/9/2,600690.SHA,9.5736,4738968576.0,0.85,26.016,17.096779,242156000000.0,0.00665943,1.0478332,0.90249896,0.9674447,773684374,1015.632,999.25714
534615,2022/9/5,600690.SHA,9.5736,4738968576.0,0.85,26.016,17.063425,241684000000.0,0.00665943,1.0513769,0.8968059,0.9727794,717458675,992.2393,997.30774
534616,2022/9/6,600690.SHA,9.5736,4738968576.0,0.85,26.016,17.1368,242723000000.0,0.00665943,1.0455841,0.89457524,0.9737973,549055857,1004.71545,1001.5964
534617,2022/9/7,600690.SHA,9.5736,4738968576.0,0.85,26.016,17.210178,243762000000.0,0.00665943,1.015748,0.71484137,0.96748465,660281840,1001.5964,1005.8851
534618,2022/9/8,600690.SHA,9.5736,4738968576.0,0.85,26.016,17.263544,244518000000.0,0.00665943,1.0003866,0.38049477,0.9634171,554847069,1013.2927,1009.0041
534619,2022/9/9,600690.SHA,9.5736,4738968576.0,0.85,26.016,17.677122,250376000000.0,0.00665943,1.0110645,0.4210096,0.9573295,895610648,1016.41174,1033.1765
534620,2022/9/13,600690.SHA,9.5736,4738968576.0,0.85,26.016,17.66378,250187000000.0,0.00665943,1.0331643,0.7495915,0.9538493,540403163,1024.2094,1032.3967
534621,2022/9/14,600690.SHA,9.5736,4738968576.0,0.85,26.016,17.67045,250282000000.0,0.00665943,1.0355747,0.8198897,0.9522157,565132816,1022.25995,1032.7866
534622,2022/9/15,600690.SHA,9.5736,4738968576.0,0.85,26.016,17.930605,253966000000.0,0.00665943,1.0463215,0.92439723,0.95729464,877033703,1032.7866,1047.9918
534623,2022/9/16,600690.SHA,9.5736,4738968576.0,0.85,26.016,17.383614,246219000000.0,0.00665943,1.0100775,0.8905005,0.96080035,872369666,1033.1765,1016.0219
534624,2022/9/19,600690.SHA,9.5736,4738968576.0,0.85,26.016,17.450321,247164000000.0,0.00665943,1.0108192,0.9066966,0.9626759,535549078,1011.3433,1019.92065
534625,2022/9/20,600690.SHA,9.5736,4738968576.0,0.85,26.016,17.256872,244424000000.0,0.00665943,0.9762264,0.78874385,0.9596413,629139273,1019.92065,1008.6142
534626,2022/9/21,600690.SHA,9.5736,4738968576.0,0.85,26.016,16.80327,237999000000.0,0.00665943,0.951284,0.56336594,0.96842533,1059702151,1001.98627,982.1025
534627,2022/9/22,600690.SHA,9.5736,4738968576.0,0.85,26.016,16.383022,232047000000.0,0.00665943,0.9271424,0.22620746,0.97188264,843236609,970.4062,957.5402
534628,2022/9/23,600690.SHA,9.5736,4738968576.0,0.85,26.016,16.342999,231480000000.0,0.00665943,0.9114584,0.12650235,0.97127724,615750221,963.77826,955.2009
534629,2022/9/26,600690.SHA,9.5736,4738968576.0,0.85,26.016,16.643177,235731000000.0,0.00665943,0.9574059,0.50275004,0.97130644,815639075,939.99567,972.7454
534630,2022/9/27,600690.SHA,9.5736,4738968576.0,0.85,26.016,17.076767,241873000000.0,0.00665943,0.9785933,0.2995523,0.9715158,615234043,962.9985,998.0875
534631,2022/9/28,600690.SHA,9.5736,4738968576.0,0.85,26.016,16.876648,239038000000.0,0.00665943,0.9779668,0.73779494,0.9721545,646696566,988.3406,986.3912
534632,2022/9/29,600690.SHA,9.5736,4738968576.0,0.85,26.016,16.637957,235658000000.0,0.00665943,0.9900754,0.8302155,0.9699126,718878221,998.86725,972.3555
534633,2022/9/30,600690.SHA,9.5736,4738968576.0,0.85,26.016,16.524548,234051000000.0,0.00665943,1.0085505,0.89282084,0.9697093,666209056,974.6948,965.72766
534634,2022/10/10,600690.SHA,9.5736,4738968576.0,0.85,26.016,16.544933,234340000000.0,0.00665943,1.0126531,0.89128226,0.9707614,672530076,983.27216,967.2872
534635,2022/10/11,600690.SHA,9.5736,4738968576.0,0.85,26.016,16.56494,234623000000.0,0.00665943,0.9955912,0.7510154,0.96814126,463268120,972.7454,968.4568
534636,2022/10/12,600690.SHA,9.5736,4738968576.0,0.85,26.016,16.664968,236040000000.0,0.00665943,0.97617185,0.5574269,0.96410465,404037756,968.8467,974.30493
534637,2022/10/13,600690.SHA,9.5736,4738968576.0,0.85,26.016,16.131475,228484000000.0,0.00665943,0.95612645,0.14219067,0.9588486,480796350,967.2872,943.1147
534638,2022/10/14,600690.SHA,9.5736,4738968576.0,0.85,26.016,16.431566,232734000000.0,0.00665943,0.9879712,0.14143871,0.95240986,663317166,945.8439,960.65924
534639,2022/10/17,600690.SHA,9.5736,4738968576.0,0.85,26.016,16.291525,230751000000.0,0.00665943,0.9862737,0.07355623,0.94510835,547403608,965.72766,952.4718
534640,2022/10/18,600690.SHA,9.5736,4738968576.0,0.85,26.016,16.51826,233962000000.0,0.00665943,0.99838775,0.05813247,0.94128364,635732829,955.5908,965.72766
534641,2022/10/19,600690.SHA,9.5736,4738968576.0,0.85,26.016,15.678008,222061000000.0,0.00665943,0.9464573,0.019226877,0.9480073,838179533,962.9985,916.603
534642,2022/10/20,600690.SHA,9.5736,4738968576.0,0.85,26.016,15.591315,220833000000.0,0.00665943,0.93557423,0.030952863,0.9514759,551958953,906.4662,911.5346
534643,2022/10/21,600690.SHA,9.5736,4738968576.0,0.85,26.016,15.391255,217999000000.0,0.00665943,0.9541133,0.060642812,0.95068717,497911577,916.21313,899.83826
534644,2022/10/24,600690.SHA,9.5736,4738968576.0,0.85,26.016,14.77774,209310000000.0,0.00665943,0.89935064,0.03880356,0.95493126,826279508,893.2103,863.9695
534645,2022/10/25,600690.SHA,9.5736,4738968576.0,0.85,26.016,14.72439,208554000000.0,0.00665943,0.90380675,0.06611403,0.9549404,588537952,878.0051,860.85046
534646,2022/10/26,600690.SHA,9.5736,4738968576.0,0.85,26.016,14.530999,205815000000.0,0.00665943,0.87969315,0.025874266,0.9557665,704828669,859.68085,849.544
534647,2022/10/27,600690.SHA,9.5736,4738968576.0,0.85,26.016,14.470982,204965000000.0,0.00665943,0.9230115,0.08117932,0.95153475,649959391,849.9339,846.0351
534648,2022/10/28,600690.SHA,9.5736,4738968576.0,0.85,26.016,14.204235,201187000000.0,0.00665943,0.91103506,0.14452967,0.9507469,567256901,849.9339,830.44
534649,2022/10/31,600690.SHA,13.6032,-4797508608.0,1.25,-16.1442,13.276358,196464000000.0,0.007226791,0.90121317,0.10763328,0.95577544,921096256,839.01733,810.9461
534650,2022/11/1,600690.SHA,13.6032,-4797508608.0,1.25,-16.1442,13.692916,202628000000.0,0.007226791,0.9679603,0.20214055,0.95620584,968374110,818.74365,836.28815
534651,2022/11/2,600690.SHA,13.6032,-4797508608.0,1.25,-16.1442,13.954645,206501000000.0,0.007226791,0.9900362,0.24727494,0.9612747,1018792330,830.0501,852.27313
534652,2022/11/3,600690.SHA,13.6032,-4797508608.0,1.25,-16.1442,13.673765,202345000000.0,0.007226791,0.98301977,0.25247025,0.9578629,499258261,847.5946,835.1185
534653,2022/11/4,600690.SHA,13.6032,-4797508608.0,1.25,-16.1442,14.184457,209902000000.0,0.007226791,1.0239632,0.4822652,0.96071714,992395939,834.72864,866.3088
534654,2022/11/7,600690.SHA,13.6032,-4797508608.0,1.25,-16.1442,14.331281,212075000000.0,0.007226791,1.0539906,0.33575025,0.95934796,640719576,860.85046,875.27594
534655,2022/11/8,600690.SHA,13.6032,-4797508608.0,1.25,-16.1442,14.356814,212453000000.0,0.007226791,1.08125,0.68069255,0.95251507,451179036,875.66583,876.83545
534656,2022/11/9,600690.SHA,13.6032,-4797508608.0,1.25,-16.1442,14.312129,211791000000.0,0.007226791,1.0452214,0.62084925,0.9460656,397639636,876.44556,874.1063
534657,2022/11/10,600690.SHA,13.6032,-4797508608.0,1.25,-16.1442,14.273828,211225000000.0,0.007226791,1.0228728,0.5627514,0.9334272,360371374,863.5796,871.767
534658,2022/11/11,600690.SHA,13.6032,-4797508608.0,1.25,-16.1442,15.116468,223694000000.0,0.007226791,1.1055089,0.9255982,0.94671226,1261451674,909.9751,923.23096
534659,2022/11/14,600690.SHA,13.6032,-4797508608.0,1.25,-16.1442,15.346279,227095000000.0,0.007226791,1.0819082,0.9054516,0.95556,1420127481,948.573,937.26654
534660,2022/11/15,600690.SHA,13.6032,-4797508608.0,1.25,-16.1442,15.4165,228134000000.0,0.007226791,1.0757238,0.8861854,0.9531564,498527351,935.70703,941.5552
534661,2022/11/16,600690.SHA,13.6032,-4797508608.0,1.25,-16.1442,15.307978,226528000000.0,0.007226791,1.0662516,0.8751257,0.95438105,529894129,940.77545,934.92725
534662,2022/11/17,600690.SHA,13.6032,-4797508608.0,1.25,-16.1442,15.282443,226150000000.0,0.007226791,1.0677966,0.85728645,0.9517685,406639895,929.8589,933.36774
534663,2022/11/18,600690.SHA,13.6032,-4797508608.0,1.25,-16.1442,15.333512,226906000000.0,0.007226791,1.0742397,0.88824123,0.9527828,481757344,934.92725,936.4868
534664,2022/11/21,600690.SHA,13.6032,-4797508608.0,1.25,-16.1442,15.065399,222938000000.0,0.007226791,0.9966216,0.37123343,0.9455714,587627922,936.0969,920.11194
534665,2022/11/22,600690.SHA,13.6032,-4797508608.0,1.25,-16.1442,15.263292,225867000000.0,0.007226791,0.9945923,0.43043566,0.9162819,415421237,926.73987,932.1981
534666,2022/11/23,600690.SHA,13.6032,-4797508608.0,1.25,-16.1442,15.320745,226717000000.0,0.007226791,0.99378884,0.6820554,0.9203771,443430268,932.588,935.70703
534667,2022/11/24,600690.SHA,13.6032,-4797508608.0,1.25,-16.1442,15.205839,225017000000.0,0.007226791,0.9933278,0.63111466,0.9134095,257589205,938.0463,928.6892
534668,2022/11/25,600690.SHA,13.6032,-4797508608.0,1.25,-16.1442,15.463424,228828000000.0,0.007226791,1.0108604,0.8119864,0.92070484,453462026,925.9601,943.5046
534669,2022/11/28,600690.SHA,13.6032,-4797508608.0,1.25,-16.1442,15.041694,222587000000.0,0.007226791,0.98001665,0.5703704,0.92894316,620199665,927.9095,917.77264
534670,2022/11/29,600690.SHA,13.6032,-4797508608.0,1.25,-16.1442,15.719017,232611000000.0,0.007226791,1.0423728,0.85294116,0.9484,1229472019,929.8589,959.09973
534671,2022/11/30,600690.SHA,13.6032,-4797508608.0,1.25,-16.1442,15.674289,231949000000.0,0.007226791,1.0259305,0.7535507,0.94778955,514097208,954.81104,956.37054
534672,2022/12/1,600690.SHA,13.6032,-4797508608.0,1.25,-16.1442,15.648729,231570000000.0,0.007226791,1.0204166,0.6267253,0.9508,726268734,968.8467,954.81104
534673,2022/12/2,600690.SHA,13.6032,-4797508608.0,1.25,-16.1442,15.348407,227126000000.0,0.007226791,1.0083964,0.44128826,0.9572086,728956555,948.9629,936.4868
534674,2022/12/5,600690.SHA,13.6032,-4797508608.0,1.25,-16.1442,15.840425,234407000000.0,0.007226791,1.0243802,0.40536216,0.9593919,826713856,947.4034,966.5074
534675,2022/12/6,600690.SHA,13.6032,-4797508608.0,1.25,-16.1442,15.840425,234407000000.0,0.007226791,1.0531011,0.72654533,0.9518,457227439,956.76044,966.5074
534676,2022/12/7,600690.SHA,13.6032,-4797508608.0,1.25,-16.1442,15.680678,232043000000.0,0.007226791,0.9975609,0.3228,0.93822473,487838095,966.1175,956.76044
534677,2022/12/8,600690.SHA,13.6032,-4797508608.0,1.25,-16.1442,15.719017,232611000000.0,0.007226791,1.0028538,0.4490204,0.9382494,477220830,957.5402,959.09973
534678,2022/12/9,600690.SHA,13.6032,-4797508608.0,1.25,-16.1442,16.262154,240648000000.0,0.007226791,1.0391997,0.81687325,0.94404477,1032209249,966.8973,992.2393
534679,2022/12/12,600690.SHA,13.6032,-4797508608.0,1.25,-16.1442,15.910713,235447000000.0,0.007226791,1.0366361,0.84102255,0.9438898,690692150,974.6948,970.796
534680,2022/12/13,600690.SHA,13.6032,-4797508608.0,1.25,-16.1442,15.917103,235542000000.0,0.007226791,1.0048406,0.7386182,0.94030744,500461578,968.4568,971.1859
534681,2022/12/14,600690.SHA,13.6032,-4797508608.0,1.25,-16.1442,15.929882,235731000000.0,0.007226791,1.0056474,0.7430112,0.94411176,442129641,966.1175,971.9657
534682,2022/12/15,600690.SHA,13.6032,-4797508608.0,1.25,-16.1442,15.776526,233462000000.0,0.007226791,1.0061125,0.7700599,0.9525329,655387031,970.796,962.6086
534683,2022/12/16,600690.SHA,13.6032,-4797508608.0,1.25,-16.1442,15.974611,236393000000.0,0.007226791,1.0162601,0.8410768,0.9531779,465329199,957.5402,974.6948
534684,2022/12/19,600690.SHA,13.6032,-4797508608.0,1.25,-16.1442,15.840425,234407000000.0,0.007226791,0.9740668,0.7232303,0.9440016,525469813,968.0669,966.5074
534685,2022/12/20,600690.SHA,13.6032,-4797508608.0,1.25,-16.1442,15.361186,227315000000.0,0.007226791,0.96546185,0.60263056,0.9446105,534236841,956.76044,937.26654
534686,2022/12/21,600690.SHA,13.6032,-4797508608.0,1.25,-16.1442,15.619607,231139000000.0,0.007226791,0.98193496,0.83386517,0.9495614,553839240,944.6742,953.6414
534687,2022/12/22,600690.SHA,13.6032,-4797508608.0,1.25,-16.1442,15.798409,233785000000.0,0.007226791,0.99237865,0.91041213,0.9524567,476087005,966.8973,964.558
534688,2022/12/23,600690.SHA,13.6032,-4797508608.0,1.25,-16.1442,15.689851,232179000000.0,0.007226791,0.9951397,0.91945106,0.94992054,394600091,961.0491,957.93005
544244,2022/1/10,600745.SHA,6.5862,-7400186880.0,1.65,39.2887,69.9087,153633000000.0,0.007868812,0.9346475,0.1522158,0.96639556,1175982064,264.6734,263.1578
544245,2022/1/11,600745.SHA,6.5862,-7400186880.0,1.65,39.2887,67.76516,148922000000.0,0.007868812,0.92420727,0.16331336,0.96682364,983929178,262.56012,255.08888
544246,2022/1/12,600745.SHA,6.5862,-7400186880.0,1.65,39.2887,67.83888,149084000000.0,0.007868812,0.9202307,0.09032534,0.96511877,1044928905,255.96408,255.36638
544247,2022/1/13,600745.SHA,6.5862,-7400186880.0,1.65,39.2887,65.89382,144810000000.0,0.007868812,0.9316123,0.10571367,0.9700535,1229413743,256.1562,248.04459
544248,2022/1/14,600745.SHA,6.5862,-7400186880.0,1.65,39.2887,67.59504,148548000000.0,0.007868812,0.93932223,0.1762944,0.9719846,1421741057,247.40419,254.44849
544249,2022/1/17,600745.SHA,6.5862,-7400186880.0,1.65,39.2887,68.62711,150816000000.0,0.007868812,0.9780184,0.24882329,0.9738982,1653392758,254.64061,258.33353
544250,2022/1/18,600745.SHA,6.5862,-7400186880.0,1.65,39.2887,68.66114,150891000000.0,0.007868812,0.9821544,0.44183064,0.9747809,1352679072,257.82123,258.4616
544251,2022/1/19,600745.SHA,6.5862,-7400186880.0,1.65,39.2887,66.80114,146804000000.0,0.007868812,0.9857741,0.4367251,0.97307694,820612174,258.29083,251.46
544252,2022/1/20,600745.SHA,6.5862,-7400186880.0,1.65,39.2887,66.614006,146392000000.0,0.007868812,0.9819443,0.67264956,0.97073275,740586075,254.02156,250.75557
544253,2022/1/21,600745.SHA,6.5862,-7400186880.0,1.65,39.2887,65.16797,143214000000.0,0.007868812,0.9889845,0.7222816,0.9696711,1082686032,249.81633,245.31226
544254,2022/1/24,600745.SHA,6.5862,-7400186880.0,1.65,39.2887,67.48163,148299000000.0,0.007868812,0.9983221,0.74925244,0.96840984,1093234667,248.10863,254.02156
544255,2022/1/25,600745.SHA,6.5862,-7400186880.0,1.65,39.2887,66.052605,145159000000.0,0.007868812,0.96248555,0.8120863,0.9628681,829188999,251.48135,248.64229
544256,2022/1/26,600745.SHA,6.5862,-7400186880.0,1.65,39.2887,67.33986,147987000000.0,0.007868812,0.98075646,0.8574173,0.96286017,1055713839,249.41075,253.4879
544257,2022/1/27,600745.SHA,6.5862,-7400186880.0,1.65,39.2887,62.446022,137233000000.0,0.007868812,0.93480474,0.76301193,0.97846025,2329716450,251.88693,235.06601
544258,2022/1/28,600745.SHA,6.5862,-7400186880.0,1.65,39.2887,60.676758,133344000000.0,0.007868812,0.91087085,0.2978043,0.9838022,1425009636,236.94449,228.40594
544259,2022/2/7,600745.SHA,6.5862,-7400186880.0,1.65,39.2887,62.480045,137307000000.0,0.007868812,0.95875394,0.4955243,0.9846613,1028282239,232.67522,235.19409
544260,2022/2/8,600745.SHA,6.5862,-7400186880.0,1.65,39.2887,61.447975,135039000000.0,0.007868812,0.91058826,0.15256765,0.98445153,857814065,235.23677,231.30905
544261,2022/2/9,600745.SHA,6.5862,-7400186880.0,1.65,39.2887,61.499012,135151000000.0,0.007868812,0.9310611,0.07069847,0.9838229,930707490,231.90675,231.50116
544262,2022/2/10,600745.SHA,6.5862,-7400186880.0,1.65,39.2887,62.599133,137569000000.0,0.007868812,0.92960006,0.09255319,0.98235166,1192421047,233.8706,235.64236
544263,2022/2/11,600745.SHA,6.5862,-7400186880.0,1.65,39.2887,61.40828,134952000000.0,0.007868812,0.98338175,0.21858388,0.9717382,745308582,234.10542,231.15962
544264,2022/2/14,600745.SHA,6.5862,-7400186880.0,1.65,39.2887,60.37621,132684000000.0,0.007868812,0.9950467,0.32313576,0.96558315,842218942,230.0496,227.27458
544265,2022/2/15,600745.SHA,6.5862,-7400186880.0,1.65,39.2887,63.926083,140485000000.0,0.007868812,1.0231439,0.69519967,0.9647409,1063059660,227.95767,240.6374
544266,2022/2/16,600745.SHA,6.5862,-7400186880.0,1.65,39.2887,64.41943,141569000000.0,0.007868812,1.0483574,0.86042064,0.9666525,915305530,244.39436,242.49454
544267,2022/2/17,600745.SHA,6.5862,-7400186880.0,1.65,39.2887,64.43645,141607000000.0,0.007868812,1.047764,0.89825827,0.96730363,1005589430,242.08896,242.55858
544268,2022/2/18,600745.SHA,6.5862,-7400186880.0,1.65,39.2887,63.37035,139264000000.0,0.007868812,1.0123199,0.68987477,0.9617916,593833464,240.50932,238.54546
544269,2022/2/21,600745.SHA,6.5862,-7400186880.0,1.65,39.2887,62.049072,136360000000.0,0.007868812,1.010435,0.30955413,0.966879,929979441,237.79834,233.57176
544270,2022/2/22,600745.SHA,6.5862,-7400186880.0,1.65,39.2887,61.243828,134591000000.0,0.007868812,1.0143702,0.50201744,0.9683652,982995833,233.52907,230.54057
544271,2022/2/23,600745.SHA,6.5862,-7400186880.0,1.65,39.2887,65.57626,144112000000.0,0.007868812,1.0258139,0.4940552,0.97029495,1410352809,230.54057,246.8492
544272,2022/2/24,600745.SHA,6.5862,-7400186880.0,1.65,39.2887,65.445854,143825000000.0,0.007868812,1.0158451,0.70895207,0.96860415,1258191888,245.48303,246.33688
544273,2022/2/25,600745.SHA,6.5862,-7400186880.0,1.65,39.2887,67.09051,147439000000.0,0.007868812,1.0410982,0.79783624,0.97031385,1485271795,254.87541,252.52731
544274,2022/2/28,600745.SHA,6.5862,-7400186880.0,1.65,39.2887,66.18311,145445000000.0,0.007868812,1.0442953,0.8120891,0.971162,776713826,251.88693,249.11191
544275,2022/3/1,600745.SHA,6.5862,-7400186880.0,1.65,39.2887,67.05648,147365000000.0,0.007868812,1.0806068,0.91626036,0.9686374,903770957,249.49614,252.39925
544276,2022/3/2,600745.SHA,6.5862,-7400186880.0,1.65,39.2887,67.09051,147439000000.0,0.007868812,1.0953704,0.9192454,0.965678,644430652,251.03308,252.52731
544277,2022/3/3,600745.SHA,6.5862,-7400186880.0,1.65,39.2887,65.496895,143937000000.0,0.007868812,0.9987028,0.5779661,0.96228814,985378061,257.86392,246.52899
544278,2022/3/4,600745.SHA,6.5862,-7400186880.0,1.65,39.2887,64.23221,141158000000.0,0.007868812,0.98145574,0.30226648,0.96060157,806125646,242.17435,241.76875
544279,2022/3/7,600745.SHA,6.5862,-7400186880.0,1.65,39.2887,60.77277,133555000000.0,0.007868812,0.90583265,0.084322035,0.9538429,1037142319,240.65875,228.74748
544280,2022/3/8,600745.SHA,6.5862,-7400186880.0,1.65,39.2887,58.413544,128371000000.0,0.007868812,0.88260496,0.09724576,0.9616525,1465014936,228.40594,219.8674
544281,2022/3/9,600745.SHA,6.5862,-7400186880.0,1.65,39.2887,58.719788,129044000000.0,0.007868812,0.8756766,0.15133531,0.9643917,1443436190,219.8674,221.02011
544282,2022/3/10,600745.SHA,6.5862,-7400186880.0,1.65,39.2887,61.420246,134978000000.0,0.007868812,0.91546917,0.3163806,0.97181606,1627985553,234.80984,231.18097
544283,2022/3/11,600745.SHA,6.5862,-7400186880.0,1.65,39.2887,62.072445,136412000000.0,0.007868812,0.94770116,0.5332627,0.97225165,1239535656,233.20888,233.6358
544284,2022/3/14,600745.SHA,6.5862,-7400186880.0,1.65,39.2887,57.904034,127251000000.0,0.007868812,0.90146565,0.24259102,0.97524333,1538035707,227.35997,217.94623
544285,2022/3/15,600745.SHA,6.5862,-7400186880.0,1.65,39.2887,56.599636,124385000000.0,0.007868812,0.9313177,0.7704675,0.97609985,1263894967,213.93312,213.03658
544286,2022/3/16,600745.SHA,6.5862,-7400186880.0,1.65,39.2887,60.127186,132137000000.0,0.007868812,1.0293204,0.8764805,0.97589344,1418547633,219.8674,226.314
544287,2022/3/17,600745.SHA,6.5862,-7400186880.0,1.65,39.2887,59.991077,131838000000.0,0.007868812,1.0216342,0.7568196,0.97547567,1586674574,234.80984,225.8017
544288,2022/3/18,600745.SHA,6.5862,-7400186880.0,1.65,39.2887,58.817116,129258000000.0,0.007868812,0.95761776,0.26686403,0.9718935,869319893,224.13667,221.383
544289,2022/3/21,600745.SHA,6.5862,-7400186880.0,1.65,39.2887,59.52036,130803000000.0,0.007868812,0.9588853,0.23959434,0.96979934,644474687,223.17609,224.02994
544290,2022/3/22,600745.SHA,6.5862,-7400186880.0,1.65,39.2887,57.19512,125693000000.0,0.007868812,0.98775715,0.2643581,0.9662376,1047762325,223.92322,215.27794
544291,2022/3/23,600745.SHA,6.5862,-7400186880.0,1.65,39.2887,58.698017,128996000000.0,0.007868812,1.0370741,0.20527427,0.9660409,902907476,215.27794,220.93472
544292,2022/3/24,600745.SHA,6.5862,-7400186880.0,1.65,39.2887,52.828217,116096000000.0,0.007868812,0.8786078,0.006752479,0.9755326,2594392512,220.67857,198.84125
544293,2022/3/25,600745.SHA,6.5862,-7400186880.0,1.65,39.2887,53.49743,117567000000.0,0.007868812,0.8917565,0.024055708,0.9829186,2366681650,201.93648,201.36012
544294,2022/3/28,600745.SHA,6.5862,-7400186880.0,1.65,39.2887,51.09847,112295000000.0,0.007868812,0.8687687,0.016866961,0.9884064,2010128594,197.88066,192.33061
544295,2022/3/29,600745.SHA,6.5862,-7400186880.0,1.65,39.2887,47.98492,105453000000.0,0.007868812,0.8061934,0.010118044,0.99178773,2272100352,191.90369,180.61147
544296,2022/3/30,600745.SHA,6.5862,-7400186880.0,1.65,39.2887,48.018948,105527000000.0,0.007868812,0.8395637,0.010107391,0.9917912,1591676448,182.72476,180.73955
544297,2022/3/31,600745.SHA,6.5862,-7400186880.0,1.65,39.2887,46.10772,101327000000.0,0.007868812,0.7855072,0.00168563,0.9922056,1563505121,179.288,173.54582
544298,2022/4/1,600745.SHA,6.5862,-7400186880.0,1.65,39.2887,46.136074,101390000000.0,0.007868812,0.8733226,0.031816266,0.99073297,1112188265,172.05157,173.65256
544299,2022/4/6,600745.SHA,6.5862,-7400186880.0,1.65,39.2887,44.882755,98635265690.0,0.007868812,0.8389695,0.00842815,0.98820305,1431136698,173.69525,168.93501
544300,2022/4/7,600745.SHA,6.5862,-7400186880.0,1.65,39.2887,43.272102,95095663030.0,0.007868812,0.84683686,0.013695744,0.9863129,1069422847,168.4227,162.87265
544301,2022/4/8,600745.SHA,6.5862,-7400186880.0,1.65,39.2887,43.03391,94572203699.0,0.007868812,0.8968207,0.059380922,0.98210526,907078273,162.894,161.9761
544302,2022/4/11,600745.SHA,6.5862,-7400186880.0,1.65,39.2887,40.27198,88502532745.0,0.007868812,0.83866775,0.04569383,0.9808421,1367500908,158.77415,151.58043
544303,2022/4/12,600745.SHA,6.5862,-7400186880.0,1.65,39.2887,40.44212,88876434447.0,0.007868812,0.8771218,0.077651516,0.9783295,1239932238,152.05005,152.22083
544304,2022/4/13,600745.SHA,6.5862,-7400186880.0,1.65,39.2887,38.19061,83928468597.0,0.007868812,0.8277812,0.03617245,0.98044574,1494334673,150.44908,143.74632
544305,2022/4/14,600745.SHA,6.5862,-7400186880.0,1.65,39.2887,38.893852,85473928963.0,0.007868812,0.8665656,0.09270549,0.9798277,1446708654,145.79558,146.39326
544306,2022/4/15,600745.SHA,6.5862,-7400186880.0,1.65,39.2887,39.529037,86869828649.0,0.007868812,0.91349936,0.26456362,0.9781329,946745981,142.61496,148.78406
544307,2022/4/18,600745.SHA,6.5862,-7400186880.0,1.65,39.2887,40.436447,88863971057.0,0.007868812,0.93964154,0.31643173,0.9800168,1008397525,147.71674,152.19948
544308,2022/4/19,600745.SHA,6.5862,-7400186880.0,1.65,39.2887,39.347557,86471000167.0,0.007868812,0.97704554,0.3221872,0.98003364,957801707,151.98601,148.10098
544309,2022/4/20,600745.SHA,6.5862,-7400186880.0,1.65,39.2887,38.45149,84501784539.0,0.007868812,0.9507783,0.32702816,0.97794116,664704561,147.4179,144.72826
544310,2022/4/21,600745.SHA,6.5862,-7400186880.0,1.65,39.2887,37.58945,82607349251.0,0.007868812,0.984259,0.73687524,0.9745905,797399664,145.77423,141.48361
544311,2022/4/22,600745.SHA,6.5862,-7400186880.0,1.65,39.2887,37.010975,81336083466.0,0.007868812,0.95158935,0.61499685,0.97081673,753977142,139.05013,139.30627
544312,2022/4/25,600745.SHA,6.5862,-7400186880.0,1.65,39.2887,33.925785,74555999279.0,0.007868812,0.8582496,0.37329414,0.9722864,979299254,136.61664,127.69386
544313,2022/4/26,600745.SHA,1.4797,-2485741824.0,0.4,-11.8445,30.453802,74992217931.0,0.010428725,0.8438991,0.5390756,0.9735572,1173077916,127.672516,128.441
544314,2022/4/27,600745.SHA,1.4797,-2485741824.0,0.4,-11.8445,31.683695,78020821713.0,0.010428725,0.90227735,0.7418609,0.9748111,1281426950,127.352325,133.62816
544315,2022/4/28,600745.SHA,1.4797,-2485741824.0,0.4,-11.8445,31.734308,78145455614.0,0.010428725,0.92477876,0.80189276,0.976881,1073421201,131.68564,133.84161
544316,2022/4/29,600745.SHA,1.4797,-2485741824.0,0.4,-11.8445,33.293186,81984179749.0,0.010428725,0.9924562,0.804796,0.9775116,1366695852,135.84818,140.41629
544317,2022/5/5,600745.SHA,1.4797,-2485741824.0,0.4,-11.8445,32.59979,80276695312.0,0.010428725,0.9869752,0.68714136,0.9774756,1108107506,138.75128,137.49184
544318,2022/5/6,600745.SHA,1.4797,-2485741824.0,0.4,-11.8445,30.919441,76138849815.0,0.010428725,1.0212303,0.49177215,0.97785276,917337910,132.7316,130.40485
544319,2022/5/9,600745.SHA,1.4797,-2485741824.0,0.4,-11.8445,30.514538,75141778611.0,0.010428725,1.0019943,0.13586497,0.9755274,587145996,130.21274,128.69714
544320,2022/5/10,600745.SHA,1.4797,-2485741824.0,0.4,-11.8445,31.612837,77846334252.0,0.010428725,0.9977635,0.13135147,0.974921,960489176,125.94347,133.3293
544321,2022/5/11,600745.SHA,1.4797,-2485741824.0,0.4,-11.8445,34.776146,85635953034.0,0.010428725,1.0958533,0.5818757,0.97325754,1026578252,133.54277,146.67078
544322,2022/5/12,600745.SHA,1.4797,-2485741824.0,0.4,-11.8445,34.715412,85486392353.0,0.010428725,1.0427182,0.46377423,0.979781,2096207986,148.33578,146.41461
544323,2022/5/13,600745.SHA,1.4797,-2485741824.0,0.4,-11.8445,35.054516,86321439486.0,0.010428725,1.0752989,0.7989474,0.9802147,1013488091,147.05501,147.84482
544324,2022/5/16,600745.SHA,1.4797,-2485741824.0,0.4,-11.8445,34.183975,84177736398.0,0.010428725,1.105582,0.8591579,0.98105264,1232281328,151.02542,144.17325
544325,2022/5/17,600745.SHA,1.4797,-2485741824.0,0.4,-11.8445,36.537476,89973212771.0,0.010428725,1.1973794,0.97495264,0.9850558,1810416006,144.51479,154.0993
544326,2022/5/18,600745.SHA,1.4797,-2485741824.0,0.4,-11.8445,37.114464,91394039237.0,0.010428725,1.1740315,0.9772584,0.9871552,1914360094,154.95316,156.53279
544327,2022/5/19,600745.SHA,1.4797,-2485741824.0,0.4,-11.8445,36.562782,90035529721.0,0.010428725,1.0513754,0.72045505,0.98862916,1377298414,151.77255,154.20604
544328,2022/5/20,600745.SHA,1.4797,-2485741824.0,0.4,-11.8445,36.23886,89237872758.0,0.010428725,1.0438839,0.64996845,0.9871633,1183528703,154.76103,152.83986
544329,2022/5/23,600745.SHA,1.4797,-2485741824.0,0.4,-11.8445,36.228737,89212945978.0,0.010428725,1.033497,0.50936645,0.98526627,880273846,153.43756,152.79718
544330,2022/5/24,600745.SHA,1.4797,-2485741824.0,0.4,-11.8445,34.108055,83990785547.0,0.010428725,0.99777913,0.60189474,0.98400337,1245875554,151.62312,143.85306
544331,2022/5/25,600745.SHA,1.4797,-2485741824.0,0.4,-11.8445,33.956215,83616883845.0,0.010428725,0.92935306,0.04101809,0.98380995,1439016039,144.70691,143.21266
544332,2022/5/26,600745.SHA,1.4797,-2485741824.0,0.4,-11.8445,32.01268,78830942066.0,0.010428725,0.86253923,0.009453782,0.98466384,2179940697,142.16669,135.01567
544333,2022/5/27,600745.SHA,1.4797,-2485741824.0,0.4,-11.8445,31.253487,76961433559.0,0.010428725,0.8547895,0.008827238,0.98718756,1946369042,136.61664,131.8137
544334,2022/5/30,600745.SHA,1.4797,-2485741824.0,0.4,-11.8445,31.476183,77509822721.0,0.010428725,0.8685754,0.012384551,0.98761547,996406568,131.70699,132.75294
544335,2022/5/31,600745.SHA,1.4797,-2485741824.0,0.4,-11.8445,32.21007,79317014278.0,0.010428725,0.88907516,0.02096436,0.9891054,1463273073,132.13391,135.84818
544336,2022/6/1,600745.SHA,1.4797,-2485741824.0,0.4,-11.8445,32.25056,79416721399.0,0.010428725,0.9455408,0.033514872,0.9886911,1110169523,135.29317,136.01894
544337,2022/6/2,600745.SHA,1.4797,-2485741824.0,0.4,-11.8445,33.30331,82009106529.0,0.010428725,0.98077214,0.12460733,0.9878585,1616328221,134.86624,140.45898
544338,2022/6/6,600745.SHA,1.4797,-2485741824.0,0.4,-11.8445,34.614185,85237124552.0,0.010428725,1.0812647,0.70998746,0.98663324,1947301707,139.60513,145.98769
544339,2022/6/7,600745.SHA,1.4797,-2485741824.0,0.4,-11.8445,34.15867,84115419447.0,0.010428725,1.0929555,0.7901879,0.9837161,1588835635,146.2225,144.06651
544340,2022/6/8,600745.SHA,1.4797,-2485741824.0,0.4,-11.8445,34.447163,84825832680.0,0.010428725,1.0943882,0.8302714,0.9841336,1556185617,147.50328,145.28326
544341,2022/6/9,600745.SHA,1.4797,-2485741824.0,0.4,-11.8445,33.15147,81635204828.0,0.010428725,1.0292269,0.7260388,0.98392147,1359157334,144.4294,139.81859
544342,2022/6/10,600745.SHA,1.4797,-2485741824.0,0.4,-11.8445,34.28019,84414660555.0,0.010428725,1.0629317,0.8285357,0.9824818,1384102306,139.1782,144.57883
544343,2022/6/13,600745.SHA,1.4797,-2485741824.0,0.4,-11.8445,33.844917,83342807491.0,0.010428725,1.0162613,0.64721817,0.97918403,907259260,143.02054,142.74304
544344,2022/6/14,600745.SHA,1.4797,-2485741824.0,0.4,-11.8445,33.105965,81523149962.0,0.010428725,0.95642644,0.24369922,0.9772964,1269313395,140.26686,139.62648
544345,2022/6/15,600745.SHA,1.4797,-2485741824.0,0.4,-11.8445,33.849976,83355270898.0,0.010428725,0.9909617,0.51113886,0.9756605,1697497885,139.81859,142.76439
544346,2022/6/16,600745.SHA,1.4797,-2485741824.0,0.4,-11.8445,34.821747,85748245182.0,0.010428725,1.0108727,0.62669164,0.9764779,1778509838,144.02382,146.86288
544347,2022/6/17,600745.SHA,1.4797,-2485741824.0,0.4,-11.8445,33.961327,83629465868.0,0.010428725,1.0244275,0.5278183,0.979375,2154200200,145.15518,143.23401
544348,2022/6/20,600745.SHA,1.4797,-2485741824.0,0.4,-11.8445,33.96639,83641929276.0,0.010428725,0.99084604,0.23511037,0.9806331,1766950924,143.38344,143.25536
544349,2022/6/21,600745.SHA,1.4797,-2485741824.0,0.4,-11.8445,33.596912,82732100512.0,0.010428725,0.9926723,0.29142383,0.98189765,1535760467,144.02382,141.69707
544350,2022/6/22,600745.SHA,1.4797,-2485741824.0,0.4,-11.8445,32.291096,79516541317.0,0.010428725,0.97538596,0.28240934,0.98374325,1635610022,143.02054,136.18971
544351,2022/6/23,600745.SHA,1.4797,-2485741824.0,0.4,-11.8445,32.589714,80251882373.0,0.010428725,0.9627691,0.11898312,0.9845801,1405461040,135.31451,137.44914
544352,2022/6/24,600745.SHA,1.4797,-2485741824.0,0.4,-11.8445,35.84919,88278316952.0,0.010428725,1.0295058,0.60896766,0.98749477,3285573821,138.15358,151.1962
544353,2022/6/27,600745.SHA,1.4797,-2485741824.0,0.4,-11.8445,37.094273,91344315253.0,0.010428725,1.0922503,0.862414,0.9906211,4056131814,154.73969,156.4474
544354,2022/6/28,600745.SHA,1.4797,-2485741824.0,0.4,-11.8445,40.804203,100480000000.0,0.010428725,1.2013112,0.97101754,0.9935363,5025134946,158.34723,172.09427
544355,2022/6/29,600745.SHA,1.4797,-2485741824.0,0.4,-11.8445,39.80713,98024701796.0,0.010428725,1.1848449,0.9751721,0.99520534,6442996983,176.10739,167.88904
544356,2022/6/30,600745.SHA,1.4797,-2485741824.0,0.4,-11.8445,43.07673,106076000000.0,0.010428725,1.3340125,0.99270225,0.9968737,4835773941,169.70348,181.67879
544357,2022/7/1,600745.SHA,1.4797,-2485741824.0,0.4,-11.8445,41.553276,102325000000.0,0.010428725,1.2750428,0.9939596,0.99729395,3153287198,181.57205,175.25354
544358,2022/7/4,600745.SHA,1.4797,-2485741824.0,0.4,-11.8445,39.15424,96416965598.0,0.010428725,1.0921925,0.9099625,0.9968737,3918342417,170.98427,165.13536
544359,2022/7/5,600745.SHA,1.4797,-2485741824.0,0.4,-11.8445,39.604694,97526209386.0,0.010428725,1.0676763,0.8964583,0.996875,3058679477,164.34555,167.03519
544360,2022/7/6,600745.SHA,1.4797,-2485741824.0,0.4,-11.8445,39.220036,96578989972.0,0.010428725,0.961176,0.4369013,0.99604493,2617728264,165.8398,165.41287
544361,2022/7/7,600745.SHA,1.4797,-2485741824.0,0.4,-11.8445,38.212837,94098770717.0,0.010428725,0.9599492,0.19571102,0.9947971,2319135965,163.7265,161.16495
544362,2022/7/8,600745.SHA,1.4797,-2485741824.0,0.4,-11.8445,38.724026,95357575464.0,0.010428725,0.8989543,0.029136317,0.9935511,2646244582,162.74457,163.32092
544363,2022/7/11,600745.SHA,1.4797,-2485741824.0,0.4,-11.8445,37.82313,93139130785.0,0.010428725,0.91023135,0.048074923,0.99292403,1845749967,160.31108,159.52127
544364,2022/7/12,600745.SHA,1.4797,-2485741824.0,0.4,-11.8445,36.395844,89624446604.0,0.010428725,0.9295502,0.22194462,0.991469,1748969803,158.71011,153.5016
544365,2022/7/13,600745.SHA,1.4797,-2485741824.0,0.4,-11.8445,36.02637,88714618435.0,0.010428725,0.90964854,0.0628512,0.99001664,1450702369,153.48026,151.94331
544366,2022/7/14,600745.SHA,1.4797,-2485741824.0,0.4,-11.8445,36.18833,89113447852.0,0.010428725,0.9226997,0.0542394,0.988575,1651540378,152.69044,152.6264
544367,2022/7/15,600745.SHA,1.4797,-2485741824.0,0.4,-11.8445,36.68434,90334862941.0,0.010428725,0.9599999,0.40083075,0.9871316,1930667866,151.02542,154.71834
544368,2022/7/18,600745.SHA,1.4797,-2485741824.0,0.4,-11.8445,36.284496,89350252818.0,0.010428725,0.9370017,0.09688797,0.98527277,1568589015,154.54758,153.03198
544369,2022/7/19,600745.SHA,1.4797,-2485741824.0,0.4,-11.8445,36.11241,88926496563.0,0.010428725,0.95477057,0.11244813,0.9848611,1562373391,153.03198,152.30621
544370,2022/7/20,600745.SHA,1.4797,-2485741824.0,0.4,-11.8445,36.309803,89412569915.0,0.010428725,0.99763596,0.22148485,0.98383087,1391718936,153.73642,153.13872
544371,2022/7/21,600745.SHA,1.4797,-2485741824.0,0.4,-11.8445,36.922222,90920643648.0,0.010428725,1.0248666,0.52902156,0.98486733,1959437417,152.30621,155.72162
544372,2022/7/22,600745.SHA,1.4797,-2485741824.0,0.4,-11.8445,35.849224,88278398760.0,0.010428725,0.9906294,0.28565505,0.98715556,1611366049,155.46547,151.1962
544373,2022/7/25,600745.SHA,1.4797,-2485741824.0,0.4,-11.8445,34.09801,83966055689.0,0.010428725,0.92949784,0.0369218,0.9879718,1418950425,149.42445,143.81036
544374,2022/7/26,600745.SHA,1.4797,-2485741824.0,0.4,-11.8445,34.51304,84988056070.0,0.010428725,0.95117867,0.084974095,0.985285,816588086,144.1946,145.56076
544375,2022/7/27,600745.SHA,1.4797,-2485741824.0,0.4,-11.8445,34.199238,84215324075.0,0.010428725,0.9470217,0.054093264,0.98300517,699733400,144.53613,144.23729
544376,2022/7/28,600745.SHA,1.4797,-2485741824.0,0.4,-11.8445,36.06686,88814325789.0,0.010428725,0.99330914,0.35398963,0.986943,2344520434,145.15518,152.11409
544377,2022/7/29,600745.SHA,1.4797,-2485741824.0,0.4,-11.8445,34.720554,85499056261.0,0.010428725,0.94037014,0.06861526,0.9850839,1349389699,151.30293,146.43596
544378,2022/8/1,600745.SHA,1.4797,-2485741824.0,0.4,-11.8445,36.633728,90210228749.0,0.010428725,1.0218834,0.6239387,0.98716885,2245030699,146.00903,154.50488
544379,2022/8/2,600745.SHA,1.4797,-2485741824.0,0.4,-11.8445,36.046616,88764472112.0,0.010428725,1.057147,0.8609847,0.98862463,2210365677,152.92525,152.0287
544380,2022/8/3,600745.SHA,1.4797,-2485741824.0,0.4,-11.8445,36.856422,90758619197.0,0.010428725,1.0678985,0.9023987,0.99028325,2231970341,153.16006,155.44412
544381,2022/8/4,600745.SHA,1.4797,-2485741824.0,0.4,-11.8445,37.681416,92790156540.0,0.010428725,1.1018202,0.94769484,0.99214554,1993952354,155.807,158.92357
544382,2022/8/5,600745.SHA,1.4797,-2485741824.0,0.4,-11.8445,39.290913,96753523871.0,0.010428725,1.089391,0.9410792,0.992562,2929217970,159.073,165.71172
544383,2022/8/8,600745.SHA,1.4797,-2485741824.0,0.4,-11.8445,37.747215,92952180990.0,0.010428725,1.087172,0.91571987,0.99401075,2115894400,164.3242,159.20108
544384,2022/8/9,600745.SHA,1.4797,-2485741824.0,0.4,-11.8445,37.605495,92603205250.0,0.010428725,1.0265267,0.7707559,0.992981,1799928458,157.02376,158.60338
544385,2022/8/10,600745.SHA,1.4797,-2485741824.0,0.4,-11.8445,36.56287,90035740879.0,0.010428725,1.0143219,0.3409748,0.9904998,1277514765,155.55086,154.20604
544386,2022/8/11,600745.SHA,1.4797,-2485741824.0,0.4,-11.8445,37.747215,92952180990.0,0.010428725,1.0241692,0.21921487,0.9898781,1797437879,155.44412,159.20108
544387,2022/8/12,600745.SHA,1.4797,-2485741824.0,0.4,-11.8445,36.6894,90347326361.0,0.010428725,0.9736736,0.07331681,0.9890654,1230179278,158.34723,154.73969
544388,2022/8/15,600745.SHA,1.4797,-2485741824.0,0.4,-11.8445,35.76824,88078984052.0,0.010428725,0.91034395,0.01073493,0.98783004,1567797489,154.78238,150.85466
544389,2022/8/16,600745.SHA,1.4797,-2485741824.0,0.4,-11.8445,35.419014,87219008121.0,0.010428725,0.9383213,0.029678483,0.98578197,1201440331,150.83331,149.38176
544390,2022/8/17,600745.SHA,1.4797,-2485741824.0,0.4,-11.8445,35.894775,88390569534.0,0.010428725,0.9545088,0.069043696,0.98207664,985307706,149.4031,151.38832
544391,2022/8/18,600745.SHA,1.4797,-2485741824.0,0.4,-11.8445,35.803673,88166227987.0,0.010428725,0.9792358,0.1653965,0.9816759,1271011973,151.34563,151.00407
544392,2022/8/19,600745.SHA,1.4797,-2485741824.0,0.4,-11.8445,34.776237,85636181632.0,0.010428725,0.9212926,0.06341363,0.98003703,1474788119,150.9187,146.67078
544393,2022/8/22,600745.SHA,1.4797,-2485741824.0,0.4,-11.8445,35.014122,86221962528.0,0.010428725,0.9543385,0.124742694,0.97839063,847635866,146.4573,147.67404
544394,2022/8/23,600745.SHA,1.4797,-2485741824.0,0.4,-11.8445,34.452316,84838522539.0,0.010428725,0.9632093,0.1852233,0.97119933,819534838,146.2225,145.30461
544395,2022/8/24,600745.SHA,1.4797,-2485741824.0,0.4,-11.8445,32.437916,79878080058.0,0.010428725,0.9158331,0.15984365,0.9712112,1523325748,144.47209,136.80876
544396,2022/8/25,600745.SHA,1.4797,-2485741824.0,0.4,-11.8445,31.901417,78556957186.0,0.010428725,0.89152986,0.11513158,0.97125256,932171683,137.237,134.96721
544397,2022/8/26,600745.SHA,1.4797,-2485741824.0,0.4,-11.8445,31.63823,77908859173.0,0.010428725,0.8864246,0.15934291,0.9688077,693692030,135.69525,133.85373
544398,2022/8/29,600745.SHA,3.452,-711730432.0,0.95,35.0976,31.440128,80513714647.0,0.005300063,0.9431263,0.27917948,0.9684232,1068885617,134.38905,138.32907
544399,2022/8/30,600745.SHA,3.452,-711730432.0,0.95,35.0976,31.615335,80962397887.0,0.005300063,0.94193906,0.3098216,0.96924967,700300418,137.79375,139.09995
544400,2022/8/31,600745.SHA,3.452,-711730432.0,0.95,35.0976,31.440128,80513714647.0,0.005300063,0.9519937,0.54170936,0.9678213,758639849,138.92865,138.32907
544401,2022/9/1,600745.SHA,3.452,-711730432.0,0.95,35.0976,30.520288,78158133973.0,0.005300063,0.98153055,0.59503794,0.9627049,733961714,138.88582,134.28198
544402,2022/9/2,600745.SHA,3.452,-711730432.0,0.95,35.0976,30.7831,78831158887.0,0.005300063,1.0034903,0.67451864,0.9613022,514970036,134.88156,135.4383
544403,2022/9/5,600745.SHA,3.452,-711730432.0,0.95,35.0976,30.306145,77609743303.0,0.005300063,0.9961606,0.5448403,0.9602947,502337875,134.04645,133.33981
544404,2022/9/6,600745.SHA,3.452,-711730432.0,0.95,35.0976,29.945995,76687453656.0,0.005300063,0.9524768,0.16847493,0.9609007,1219715441,133.40405,131.75523
544405,2022/9/7,600745.SHA,3.452,-711730432.0,0.95,35.0976,30.014132,76861941605.0,0.005300063,0.9493535,0.09621289,0.9617587,823082437,131.32697,132.05502
544406,2022/9/8,600745.SHA,3.452,-711730432.0,0.95,35.0976,29.400904,75291550063.0,0.005300063,0.9351394,0.043549377,0.96239525,774655271,133.40405,129.35696
544407,2022/9/9,600745.SHA,3.452,-711730432.0,0.95,35.0976,29.542044,75652989386.0,0.005300063,0.9679477,0.09912119,0.96243364,746081164,129.54968,129.97794
544408,2022/9/13,600745.SHA,3.452,-711730432.0,0.95,35.0976,29.259764,74930110739.0,0.005300063,0.9505139,0.07414216,0.9663059,753680212,130.42761,128.73598
544409,2022/9/14,600745.SHA,3.452,-711730432.0,0.95,35.0976,29.040754,74369256617.0,0.005300063,0.9582463,0.14294466,0.9687564,635069404,126.12357,127.772385
544410,2022/9/15,600745.SHA,3.452,-711730432.0,0.95,35.0976,28.490795,72960889599.0,0.005300063,0.9514058,0.40866366,0.9638333,854794469,128.24347,125.3527
544411,2022/9/16,600745.SHA,3.452,-711730432.0,0.95,35.0976,27.05993,69296651674.0,0.005300063,0.9015729,0.23003064,0.97121274,1285609839,124.19639,119.05723
544412,2022/9/19,600745.SHA,3.452,-711730432.0,0.95,35.0976,26.427235,67676406221.0,0.005300063,0.8988578,0.20579828,0.97470933,1144119888,119.03581,116.27351
544413,2022/9/20,600745.SHA,3.452,-711730432.0,0.95,35.0976,25.775072,66006307062.0,0.005300063,0.8724877,0.027120717,0.9826743,1570982781,117.27993,113.40415
544414,2022/9/21,600745.SHA,3.452,-711730432.0,0.95,35.0976,25.27378,64722574126.0,0.005300063,0.86377245,0.020986145,0.98553675,1161486877,112.826,111.19859
544415,2022/9/22,600745.SHA,3.452,-711730432.0,0.95,35.0976,25.27378,64722575165.0,0.005300063,0.8702866,0.022213165,0.98533005,672319922,109.80673,111.19859
544416,2022/9/23,600745.SHA,3.452,-711730432.0,0.95,35.0976,24.568083,62915378284.0,0.005300063,0.86231637,0.027907925,0.98737013,799334296,110.5562,108.09368
544417,2022/9/26,600745.SHA,3.452,-711730432.0,0.95,35.0976,24.58755,62965231992.0,0.005300063,0.9086331,0.10144632,0.984127,642908137,107.49411,108.17934
544418,2022/9/27,600745.SHA,3.452,-711730432.0,0.95,35.0976,25.006104,64037088748.0,0.005300063,0.9462247,0.086487584,0.9810783,687494976,108.264984,110.02087
544419,2022/9/28,600745.SHA,3.452,-711730432.0,0.95,35.0976,24.003523,61469622753.0,0.005300063,0.9312689,0.24776241,0.97235775,636027010,109.528366,105.60976
544420,2022/9/29,600745.SHA,3.452,-711730432.0,0.95,35.0976,23.90132,61207892256.0,0.005300063,0.9456961,0.5398536,0.96869284,648827979,107.023026,105.16008
544421,2022/9/30,600745.SHA,3.452,-711730432.0,0.95,35.0976,23.200485,59413158702.0,0.005300063,0.9179665,0.32479155,0.96808296,563639402,105.138664,102.076584
544422,2022/10/10,600745.SHA,3.452,-711730432.0,0.95,35.0976,22.193039,56833229218.0,0.005300063,0.90332806,0.19609836,0.96751267,650552785,102.61191,97.64406
544423,2022/10/11,600745.SHA,3.452,-711730432.0,0.95,35.0976,21.75502,55711522981.0,0.005300063,0.8847981,0.07656377,0.9703734,775718031,98.2008,95.71687
544424,2022/10/12,600745.SHA,3.452,-711730432.0,0.95,35.0976,22.903606,58652891980.0,0.005300063,0.9159206,0.11972403,0.97363615,1092521753,95.71687,100.77038
544425,2022/10/13,600745.SHA,3.452,-711730432.0,0.95,35.0976,22.528856,57693208027.0,0.005300063,0.9385645,0.095131844,0.9740523,773680951,100.38494,99.12157
544426,2022/10/14,600745.SHA,3.452,-711730432.0,0.95,35.0976,23.570372,60360381610.0,0.005300063,0.9861535,0.13454914,0.97529364,1031753513,101.712555,103.70398
544427,2022/10/17,600745.SHA,3.452,-711730432.0,0.95,35.0976,23.750446,60821528445.0,0.005300063,1.0237046,0.20567375,0.97468096,777721991,102.78322,104.49627
544428,2022/10/18,600745.SHA,3.452,-711730432.0,0.95,35.0976,23.550903,60310527898.0,0.005300063,1.0611842,0.3603403,0.972869,640516516,104.90312,103.61833
544429,2022/10/19,600745.SHA,3.452,-711730432.0,0.95,35.0976,23.11775,59201282810.0,0.005300063,1.0626397,0.4946367,0.9678333,443539693,103.14724,101.712555
544430,2022/10/20,600745.SHA,3.452,-711730432.0,0.95,35.0976,23.580105,60385308466.0,0.005300063,1.0295367,0.47663364,0.9666397,1057160670,101.1344,103.74681
544431,2022/10/21,600745.SHA,3.452,-711730432.0,0.95,35.0976,22.874405,58578111412.0,0.005300063,1.0153381,0.41782898,0.96604687,678265066,103.232895,100.6419
544432,2022/10/24,600745.SHA,3.452,-711730432.0,0.95,35.0976,22.343914,57219597764.0,0.005300063,0.94796616,0.1635004,0.96523845,956461986,101.00592,98.30786
544433,2022/10/25,600745.SHA,3.452,-711730432.0,0.95,35.0976,22.051899,56471792087.0,0.005300063,0.9284836,0.1465831,0.96383107,698299353,98.30786,97.02307
544434,2022/10/26,600745.SHA,3.452,-711730432.0,0.95,35.0976,22.816002,58428551214.0,0.005300063,0.9687952,0.30462906,0.96828926,981577585,97.08731,100.38494
544435,2022/10/27,600745.SHA,3.452,-711730432.0,0.95,35.0976,22.572659,57805379806.0,0.005300063,0.9764211,0.30775446,0.97092086,866790916,100.38494,99.314285
544436,2022/10/28,600745.SHA,3.452,-711730432.0,0.95,35.0976,21.185593,54253302780.0,0.005300063,0.89845204,0.100928545,0.96891403,976606719,97.3871,93.21153
544437,2022/10/31,600745.SHA,5.5994,-5581488128.0,1.57,12.1711,23.739685,59674894509.0,0.005586686,1.0187234,0.79563814,0.9697092,885565535,95.01024,102.52626
544438,2022/11/1,600745.SHA,5.5994,-5581488128.0,1.57,12.1711,25.26184,63501166985.0,0.005586686,1.10978,0.9273021,0.98224014,2806714486,106.294975,109.1001
544439,2022/11/2,600745.SHA,5.5994,-5581488128.0,1.57,12.1711,25.311422,63625801267.0,0.005586686,1.1266829,0.9182479,0.98487294,1838240131,109.14293,109.31423
544440,2022/11/3,600745.SHA,5.5994,-5581488128.0,1.57,12.1711,25.827072,64921997806.0,0.005586686,1.1111348,0.94152045,0.98850805,2047864312,108.02944,111.5412
544441,2022/11/4,600745.SHA,5.5994,-5581488128.0,1.57,12.1711,26.189018,65831828069.0,0.005586686,1.138853,0.94437724,0.9899275,2016537214,111.30566,113.10436
544442,2022/11/7,600745.SHA,5.5994,-5581488128.0,1.57,12.1711,26.189018,65831828069.0,0.005586686,1.213416,0.9615307,0.9911451,1675541057,113.91807,113.10436
544443,2022/11/8,600745.SHA,5.5994,-5581488128.0,1.57,12.1711,25.99069,65333290939.0,0.005586686,1.0948204,0.7563922,0.9913481,1228490294,112.847404,112.24784
544444,2022/11/9,600745.SHA,5.5994,-5581488128.0,1.57,12.1711,25.693201,64585485243.0,0.005586686,1.0170755,0.3203864,0.98933387,940653227,111.34848,110.96304
544445,2022/11/10,600745.SHA,5.5994,-5581488128.0,1.57,12.1711,25.088305,63064946996.0,0.005586686,0.9911851,0.22747386,0.9891392,1096444087,110.17076,108.35064
544446,2022/11/11,600745.SHA,5.5994,-5581488128.0,1.57,12.1711,25.83203,64934461235.0,0.005586686,1.000192,0.31389505,0.9869294,1646493194,113.4898,111.562614
544447,2022/11/14,600745.SHA,5.5994,-5581488128.0,1.57,12.1711,26.060104,65507778935.0,0.005586686,0.99507767,0.42949104,0.9855218,1756986317,112.20501,112.54762
544448,2022/11/15,600745.SHA,5.5994,-5581488128.0,1.57,12.1711,28.668098,72063542199.0,0.005586686,1.0946611,0.92037,0.98733413,2133806298,112.41914,123.81095
544449,2022/11/16,600745.SHA,5.5994,-5581488128.0,1.57,12.1711,29.600233,74406666712.0,0.005586686,1.1388782,0.9684295,0.99276525,4160299145,131.43404,127.836624
544450,2022/11/17,600745.SHA,5.5994,-5581488128.0,1.57,12.1711,30.190254,75889814675.0,0.005586686,1.175029,0.9760804,0.99517685,4134115004,125.930855,130.3848
544451,2022/11/18,600745.SHA,5.5994,-5581488128.0,1.57,12.1711,28.980463,72848738180.0,0.005586686,1.1551384,0.9716583,0.9965843,2480241159,126.46618,125.15998
544452,2022/11/21,600745.SHA,5.5994,-5581488128.0,1.57,12.1711,27.884708,70094320534.0,0.005586686,1.0794625,0.89353156,0.9971882,2110930752,122.65464,120.427666
544453,2022/11/22,600745.SHA,5.5994,-5581488128.0,1.57,12.1711,27.815294,69919832539.0,0.005586686,1.0673516,0.9038346,0.9977916,1492253431,120.29919,120.127884
544454,2022/11/23,600745.SHA,5.5994,-5581488128.0,1.57,12.1711,27.418642,68922758278.0,0.005586686,0.9564165,0.289442,0.9975933,1226750745,119.69962,118.41483
544455,2022/11/24,600745.SHA,5.5994,-5581488128.0,1.57,12.1711,27.309563,68648562856.0,0.005586686,0.9226131,0.06375301,0.9961916,708631391,119.506905,117.94374
544456,2022/11/25,600745.SHA,5.5994,-5581488128.0,1.57,12.1711,27.433516,68960148563.0,0.005586686,0.9086878,0.09079976,0.9923909,1002562163,117.94374,118.47907
544457,2022/11/28,600745.SHA,5.5994,-5581488128.0,1.57,12.1711,26.417093,66405145769.0,0.005586686,0.9115483,0.093693696,0.989992,1425168338,116.65895,114.08937
544458,2022/11/29,600745.SHA,5.5994,-5581488128.0,1.57,12.1711,27.269897,68548855430.0,0.005586686,0.9779517,0.43537414,0.9846,1115553202,114.68894,117.77244
544459,2022/11/30,600745.SHA,5.5994,-5581488128.0,1.57,12.1711,27.309563,68648562856.0,0.005586686,0.9818182,0.34766954,0.9831966,990415615,117.32276,117.94374
544460,2022/12/1,600745.SHA,5.5994,-5581488128.0,1.57,12.1711,28.137575,70729955376.0,0.005586686,1.0262206,0.68813765,0.9844,1864373534,119.91375,121.51974
544461,2022/12/2,600745.SHA,5.5994,-5581488128.0,1.57,12.1711,27.512848,69159563415.0,0.005586686,1.0074437,0.4320864,0.98440313,889052392,120.34202,118.82168
544462,2022/12/5,600745.SHA,5.5994,-5581488128.0,1.57,12.1711,28.236738,70979223941.0,0.005586686,1.0292789,0.47679073,0.98279655,1171990843,119.48549,121.948006
544463,2022/12/6,600745.SHA,5.5994,-5581488128.0,1.57,12.1711,28.618517,71938907917.0,0.005586686,1.0833334,0.86657333,0.981,1442264733,121.73387,123.59682
544464,2022/12/7,600745.SHA,5.5994,-5581488128.0,1.57,12.1711,28.162367,70792272517.0,0.005586686,1.0327272,0.713,0.980008,793988573,122.697464,121.62681
544465,2022/12/8,600745.SHA,5.5994,-5581488128.0,1.57,12.1711,27.706215,69645637117.0,0.005586686,1.0145243,0.58436626,0.9784173,603226823,120.77028,119.65679
544466,2022/12/9,600745.SHA,5.5994,-5581488128.0,1.57,12.1711,27.864876,70044466821.0,0.005586686,0.9903084,0.4102359,0.97202235,787124709,120.127884,120.34202
544467,2022/12/12,600745.SHA,5.5994,-5581488128.0,1.57,12.1711,29.50107,74157398147.0,0.005586686,1.0722653,0.91931295,0.97883385,2137215779,120.23495,127.40836
544468,2022/12/13,600745.SHA,5.5994,-5581488128.0,1.57,12.1711,29.005255,72911055321.0,0.005586686,1.0272168,0.8308706,0.9792374,979723366,126.915855,125.267044
544469,2022/12/14,600745.SHA,5.5994,-5581488128.0,1.57,12.1711,28.549103,71764419921.0,0.005586686,0.9975745,0.6894968,0.98443115,2069113177,129.35696,123.297035
544470,2022/12/15,600745.SHA,5.5994,-5581488128.0,1.57,12.1711,28.77222,72325274193.0,0.005586686,1.021655,0.85728544,0.9866374,1243237177,122.41909,124.26063
544471,2022/12/16,600745.SHA,5.5994,-5581488128.0,1.57,12.1711,27.914457,70169101104.0,0.005586686,1.0075161,0.8007976,0.9892409,911398117,122.697464,120.556145
544472,2022/12/19,600745.SHA,5.5994,-5581488128.0,1.57,12.1711,26.922825,67676415452.0,0.005586686,0.9661921,0.64865404,0.9906337,810020521,119.91375,116.27351
544473,2022/12/20,600745.SHA,5.5994,-5581488128.0,1.57,12.1711,26.987282,67838440019.0,0.005586686,0.9147899,0.12116381,0.98565453,630387813,116.33775,116.55189
544474,2022/12/21,600745.SHA,5.5994,-5581488128.0,1.57,12.1711,26.704666,67128024608.0,0.005586686,0.9206838,0.14718787,0.9842504,476318099,116.637535,115.33134
544475,2022/12/22,600745.SHA,5.5994,-5581488128.0,1.57,12.1711,26.243557,65968925780.0,0.005586686,0.9192428,0.2205853,0.9745375,551737064,116.05938,113.33991
544476,2022/12/23,600745.SHA,5.5994,-5581488128.0,1.57,12.1711,26.139437,65707193787.0,0.005586686,0.9084956,0.21459825,0.9684022,407022430,111.77675,112.890236
554543,2022/1/10,600809.SHA,40.0726,1477900672.0,4.02,-1.9341,64.015854,351881000000.0,0.01243843,0.90018106,0.07086277,0.984375,2804777138,1735.2947,1787.3535
554544,2022/1/11,600809.SHA,40.0726,1477900672.0,4.02,-1.9341,64.371,353833000000.0,0.01243843,0.9183609,0.1464041,0.98523116,2056189260,1787.2296,1797.2695
554545,2022/1/12,600809.SHA,40.0726,1477900672.0,4.02,-1.9341,63.31221,348013000000.0,0.01243843,0.91861516,0.08668664,0.9869463,2256642789,1774.2148,1767.7075
554546,2022/1/13,600809.SHA,40.0726,1477900672.0,4.02,-1.9341,62.346645,342706000000.0,0.01243843,0.9208878,0.08067623,0.988877,2229960031,1767.7075,1740.7484
554547,2022/1/14,600809.SHA,40.0726,1477900672.0,4.02,-1.9341,61.24124,336630000000.0,0.01243843,0.9141816,0.08001712,0.9888794,1534595676,1737.8357,1709.885
554548,2022/1/17,600809.SHA,40.0726,1477900672.0,4.02,-1.9341,62.011475,340863000000.0,0.01243843,0.94701695,0.09606333,0.9890886,1283893260,1706.0426,1731.3903
554549,2022/1/18,600809.SHA,40.0726,1477900672.0,4.02,-1.9341,62.87937,345634000000.0,0.01243843,0.9822469,0.4428999,0.9886728,2288286839,1726.9901,1755.6224
554550,2022/1/19,600809.SHA,40.0726,1477900672.0,4.02,-1.9341,61.651882,338887000000.0,0.01243843,0.9577586,0.19046602,0.9880342,1440927497,1784.8745,1721.3503
554551,2022/1/20,600809.SHA,40.0726,1477900672.0,4.02,-1.9341,61.702938,339167000000.0,0.01243843,0.9745819,0.6230769,0.9848323,1311052582,1722.8997,1722.7758
554552,2022/1/21,600809.SHA,40.0726,1477900672.0,4.02,-1.9341,62.202366,341913000000.0,0.01243843,0.99768585,0.7694937,0.9837676,1677261724,1706.0426,1736.7201
554553,2022/1/24,600809.SHA,40.0726,1477900672.0,4.02,-1.9341,60.985977,335226000000.0,0.01243843,0.99583185,0.73686457,0.9833511,1450767726,1722.8378,1702.7579
554554,2022/1/25,600809.SHA,40.0726,1477900672.0,4.02,-1.9341,59.560936,327393000000.0,0.01243843,0.96048254,0.8046124,0.98527527,1447243669,1685.7148,1662.9701
554555,2022/1/26,600809.SHA,40.0726,1477900672.0,4.02,-1.9341,63.39434,348465000000.0,0.01243843,1.0081898,0.9248666,0.99018145,3693077149,1665.8829,1770.0006
554556,2022/1/27,600809.SHA,40.0726,1477900672.0,4.02,-1.9341,63.576355,349465000000.0,0.01243843,1.0312152,0.97504264,0.9912561,1843658681,1794.7905,1775.0825
554557,2022/1/28,600809.SHA,40.0726,1477900672.0,4.02,-1.9341,61.074764,335714000000.0,0.01243843,0.98981947,0.8868045,0.9929668,1872701103,1775.0825,1705.2369
554558,2022/2/7,600809.SHA,40.0726,1477900672.0,4.02,-1.9341,59.554276,327357000000.0,0.01243843,0.95742786,0.48337597,0.994461,2400715192,1688.1938,1662.7842
554559,2022/2/8,600809.SHA,40.0726,1477900672.0,4.02,-1.9341,56.935043,312959000000.0,0.01243843,0.933576,0.23716173,0.9944622,1917898088,1666.9365,1589.6539
554560,2022/2/9,600809.SHA,40.0726,1477900672.0,4.02,-1.9341,60.15359,330651000000.0,0.01243843,1.0099504,0.3321976,0.9951043,2152248190,1580.3577,1679.5173
554561,2022/2/10,600809.SHA,40.0726,1477900672.0,4.02,-1.9341,59.909428,329309000000.0,0.01243843,0.94502795,0.12617022,0.9914948,1074048476,1667.1224,1672.7001
554562,2022/2/11,600809.SHA,40.0726,1477900672.0,4.02,-1.9341,62.72843,344804000000.0,0.01243843,0.9866629,0.23240484,0.9912877,1964580265,1672.7001,1751.4081
554563,2022/2/14,600809.SHA,40.0726,1477900672.0,4.02,-1.9341,65.059105,357616000000.0,0.01243843,1.0652372,0.80985767,0.9932016,2742074666,1768.2653,1816.4817
554564,2022/2/15,600809.SHA,40.0726,1477900672.0,4.02,-1.9341,66.45085,365266000000.0,0.01243843,1.1158031,0.9509346,0.99192864,1817468624,1834.4543,1855.3398
554565,2022/2/16,600809.SHA,40.0726,1477900672.0,4.02,-1.9341,66.404236,365009000000.0,0.01243843,1.1663158,0.98321646,0.9908666,1163143734,1859.2443,1854.0385
554566,2022/2/17,600809.SHA,40.0726,1477900672.0,4.02,-1.9341,65.962524,362581000000.0,0.01243843,1.0965682,0.9626168,0.9898089,1201506883,1846.7253,1841.7054
554567,2022/2/18,600809.SHA,40.0726,1477900672.0,4.02,-1.9341,66.29547,364412000000.0,0.01243843,1.1065952,0.96306515,0.98981106,873700860,1841.7054,1851.0017
554568,2022/2/21,600809.SHA,40.0726,1477900672.0,4.02,-1.9341,65.55188,360324000000.0,0.01243843,1.0450107,0.6709129,0.9874735,807364911,1840.6519,1830.2401
554569,2022/2/22,600809.SHA,40.0726,1477900672.0,4.02,-1.9341,64.5397,354760000000.0,0.01243843,0.9920164,0.24782331,0.977707,1054620556,1809.9124,1801.9796
554570,2022/2/23,600809.SHA,40.0726,1477900672.0,4.02,-1.9341,65.438675,359702000000.0,0.01243843,0.98476803,0.13099788,0.9707193,892876155,1827.7611,1827.0793
554571,2022/2/24,600809.SHA,40.0726,1477900672.0,4.02,-1.9341,64.45757,354309000000.0,0.01243843,0.9706846,0.3050488,0.9675435,1259306148,1820.1382,1799.6865
554572,2022/2/25,600809.SHA,40.0726,1477900672.0,4.02,-1.9341,64.32661,353589000000.0,0.01243843,0.9751994,0.21531609,0.96077186,764671047,1803.0951,1796.03
554573,2022/2/28,600809.SHA,40.0726,1477900672.0,4.02,-1.9341,64.866,356554000000.0,0.01243843,0.9784377,0.34697774,0.9599237,925978978,1793.3031,1811.0898
554574,2022/3/1,600809.SHA,40.0726,1477900672.0,4.02,-1.9341,65.98472,362703000000.0,0.01243843,1.006603,0.64553744,0.9614325,1106101805,1815.8619,1842.3252
554575,2022/3/2,600809.SHA,40.0726,1477900672.0,4.02,-1.9341,66.39758,364973000000.0,0.01243843,1.0287867,0.69626963,0.9618644,1100159435,1828.7527,1853.8525
554576,2022/3/3,600809.SHA,40.0726,1477900672.0,4.02,-1.9341,63.6607,349929000000.0,0.01243843,0.97282994,0.3423729,0.9661017,1445755140,1857.0752,1777.4375
554577,2022/3/4,600809.SHA,40.0726,1477900672.0,4.02,-1.9341,62.817223,345292000000.0,0.01243843,0.97455144,0.24888794,0.96843886,1067257217,1765.6624,1753.8871
554578,2022/3/7,600809.SHA,40.0726,1477900672.0,4.02,-1.9341,60.464348,332359000000.0,0.01243843,0.9399586,0.21461864,0.9752276,1511886701,1735.2947,1688.1938
554579,2022/3/8,600809.SHA,40.0726,1477900672.0,4.02,-1.9341,60.806183,334238000000.0,0.01243843,0.9374123,0.4012712,0.9769068,1491276528,1716.7023,1697.7379
554580,2022/3/9,600809.SHA,40.0726,1477900672.0,4.02,-1.9341,60.808403,334250000000.0,0.01243843,0.9215528,0.46990252,0.9777448,1597522899,1697.9858,1697.7999
554581,2022/3/10,600809.SHA,40.0726,1477900672.0,4.02,-1.9341,65.25888,358714000000.0,0.01243843,0.98285025,0.8209366,0.98156387,2414120295,1782.6434,1822.0594
554582,2022/3/11,600809.SHA,40.0726,1477900672.0,4.02,-1.9341,63.73173,350319000000.0,0.01243843,1.0011158,0.8565678,0.9822072,1582574621,1784.2548,1779.4208
554583,2022/3/14,600809.SHA,40.0726,1477900672.0,4.02,-1.9341,59.487686,326991000000.0,0.01243843,0.9469965,0.6543184,0.9858231,2203273190,1748.8052,1660.9249
554584,2022/3/15,600809.SHA,40.0726,1477900672.0,4.02,-1.9341,57.478867,315949000000.0,0.01243843,0.95062405,0.83456737,0.9839255,1412169823,1626.9628,1604.8376
554585,2022/3/16,600809.SHA,40.0726,1477900672.0,4.02,-1.9341,59.998215,329797000000.0,0.01243843,0.9867124,0.7584602,0.98456335,1843977495,1636.135,1675.1791
554586,2022/3/17,600809.SHA,40.0726,1477900672.0,4.02,-1.9341,62.151314,341632000000.0,0.01243843,1.0220844,0.7585113,0.98541224,2013722453,1707.406,1735.2947
554587,2022/3/18,600809.SHA,40.0726,1477900672.0,4.02,-1.9341,60.89497,334726000000.0,0.01243843,0.93312925,0.122647494,0.9809806,1111716657,1727.6718,1700.2169
554588,2022/3/21,600809.SHA,40.0726,1477900672.0,4.02,-1.9341,60.906067,334787000000.0,0.01243843,0.95566314,0.21212761,0.97951424,882924757,1706.7863,1700.5269
554589,2022/3/22,600809.SHA,40.0726,1477900672.0,4.02,-1.9341,60.087,330285000000.0,0.01243843,1.0100746,0.4888091,0.97256804,696629787,1716.7023,1677.6581
554590,2022/3/23,600809.SHA,40.0726,1477900672.0,4.02,-1.9341,60.25792,331224000000.0,0.01243843,1.0483491,0.29493672,0.9717359,917672088,1678.8976,1682.4302
554591,2022/3/24,600809.SHA,40.0726,1477900672.0,4.02,-1.9341,58.46663,321378000000.0,0.01243843,0.9744728,0.11584722,0.97110313,1399872509,1660.9249,1632.4165
554592,2022/3/25,600809.SHA,40.0726,1477900672.0,4.02,-1.9341,57.223602,314545000000.0,0.01243843,0.92071426,0.060772315,0.971531,1468472929,1631.177,1597.7106
554593,2022/3/28,600809.SHA,40.0726,1477900672.0,4.02,-1.9341,53.550014,294353000000.0,0.01243843,0.87938327,0.021927051,0.9799747,2249136823,1561.7653,1495.1423
554594,2022/3/29,600809.SHA,40.0726,1477900672.0,4.02,-1.9341,53.914043,296354000000.0,0.01243843,0.88519984,0.059021924,0.98357546,1191443824,1493.5929,1505.3062
554595,2022/3/30,600809.SHA,40.0726,1477900672.0,4.02,-1.9341,56.5133,310641000000.0,0.01243843,0.9405246,0.13181722,0.9850558,1406453911,1520.7998,1577.8787
554596,2022/3/31,600809.SHA,40.0726,1477900672.0,4.02,-1.9341,56.57989,311007000000.0,0.01243843,0.9389619,0.19742942,0.9848325,833293616,1555.8776,1579.7379
554597,2022/4/1,600809.SHA,40.0726,1477900672.0,4.02,-1.9341,57.447792,315778000000.0,0.01243843,0.98257405,0.4380531,0.98378265,1102416466,1574.0981,1603.9701
554598,2022/4/6,600809.SHA,40.0726,1477900672.0,4.02,-1.9341,55.68092,306066000000.0,0.01243843,0.9730411,0.27602193,0.9825153,1223447514,1574.1602,1554.6381
554599,2022/4/7,600809.SHA,40.0726,1477900672.0,4.02,-1.9341,55.585472,305541000000.0,0.01243843,1.0380104,0.8362832,0.97367865,611519487,1540.3839,1551.9731
554600,2022/4/8,600809.SHA,40.0726,1477900672.0,4.02,-1.9341,54.93732,301978000000.0,0.01243843,1.0189798,0.7176248,0.97136843,896677943,1555.5677,1533.8766
554601,2022/4/11,600809.SHA,40.0726,1477900672.0,4.02,-1.9341,51.01513,280419000000.0,0.01243843,0.90271014,0.27816382,0.9745263,1834404774,1525.2621,1424.3671
554602,2022/4/12,600809.SHA,40.0726,1477900672.0,4.02,-1.9341,56.11598,308457000000.0,0.01243843,0.99180067,0.68792087,0.98337895,2295343906,1452.8755,1566.7852
554603,2022/4/13,600809.SHA,40.0726,1477900672.0,4.02,-1.9341,56.912846,312837000000.0,0.01243843,0.99068815,0.7577287,0.9861228,1899037292,1559.5961,1589.0342
554604,2022/4/14,600809.SHA,40.0726,1477900672.0,4.02,-1.9341,60.490986,332506000000.0,0.01243843,1.0863863,0.96110994,0.98844296,2501652674,1618.4722,1688.9375
554605,2022/4/15,600809.SHA,40.0726,1477900672.0,4.02,-1.9341,58.977158,324184000000.0,0.01243843,1.0610175,0.9409043,0.99116904,1431082692,1660.9249,1646.6707
554606,2022/4/18,600809.SHA,40.0726,1477900672.0,4.02,-1.9341,58.646423,322366000000.0,0.01243843,1.0675151,0.929939,0.99221706,1370181499,1623.2443,1637.4364
554607,2022/4/19,600809.SHA,40.0726,1477900672.0,4.02,-1.9341,57.964977,318621000000.0,0.01243843,1.1362311,0.97118825,0.99138296,1198330947,1642.3325,1618.4102
554608,2022/4/20,600809.SHA,40.0726,1477900672.0,4.02,-1.9341,58.60203,322122000000.0,0.01243843,1.044302,0.8915511,0.9903361,1295016751,1618.0383,1636.1969
554609,2022/4/21,600809.SHA,40.0726,1477900672.0,4.02,-1.9341,58.155872,319670000000.0,0.01243843,1.0218408,0.87925243,0.98824024,1076619826,1625.3513,1623.74
554610,2022/4/22,600809.SHA,40.0726,1477900672.0,4.02,-1.9341,57.95166,318547000000.0,0.01243843,0.95802146,0.6626759,0.9855133,1293621122,1622.8104,1618.0383
554611,2022/4/25,600809.SHA,40.0726,1477900672.0,4.02,-1.9341,56.269135,309299000000.0,0.01243843,0.95408356,0.8700399,0.9861432,1654198836,1592.0089,1571.0614
554612,2022/4/26,600809.SHA,40.0726,1477900672.0,4.02,-1.9341,57.159233,314192000000.0,0.01243843,0.97464144,0.94306725,0.98950684,2281187279,1574.1602,1595.9133
554613,2022/4/27,600809.SHA,40.0726,1477900672.0,4.02,-1.9341,59.67636,328028000000.0,0.01243843,1.0295244,0.96954423,0.99055415,2195244505,1608.2463,1666.1927
554614,2022/4/28,600809.SHA,21.7179,-4994819072.0,3.04,753.1933,48.507366,331871000000.0,0.012352237,1.030264,0.9619348,0.9901219,1745340415,1681.9963,1685.7148
554615,2022/4/29,600809.SHA,21.7179,-4994819072.0,3.04,753.1933,48.507366,331871000000.0,0.012352237,1.038168,0.8994531,0.9907524,2234617937,1698.1097,1685.7148
554616,2022/5/5,600809.SHA,21.7179,-4994819072.0,3.04,753.1933,47.626385,325844000000.0,0.012352237,1.0229049,0.8110521,0.9908627,1483371887,1679.5173,1655.0992
554617,2022/5/6,600809.SHA,21.7179,-4994819072.0,3.04,753.1933,45.236687,309494000000.0,0.012352237,1.0006311,0.36814347,0.9911411,1398308317,1623.74,1572.053
554618,2022/5/9,600809.SHA,21.7179,-4994819072.0,3.04,753.1933,43.75828,299379000000.0,0.012352237,0.9528562,0.05611814,0.9909283,1523928121,1549.3702,1520.6759
554619,2022/5/10,600809.SHA,21.7179,-4994819072.0,3.04,753.1933,44.774796,306334000000.0,0.012352237,0.9338665,0.034577273,0.9898841,1648967505,1487.4574,1556.0016
554620,2022/5/11,600809.SHA,21.7179,-4994819072.0,3.04,753.1933,45.794876,313313000000.0,0.012352237,0.9440809,0.028240252,0.98841864,1474051093,1552.5929,1591.4512
554621,2022/5/12,600809.SHA,21.7179,-4994819072.0,3.04,753.1933,46.155117,315778000000.0,0.012352237,0.9515074,0.048020218,0.9873631,971856944,1586.4932,1603.9701
554622,2022/5/13,600809.SHA,21.7179,-4994819072.0,3.04,753.1933,46.083782,315290000000.0,0.012352237,0.9676103,0.060842104,0.98526627,853228397,1622.3146,1601.4911
554623,2022/5/16,600809.SHA,21.7179,-4994819072.0,3.04,753.1933,45.46674,311068000000.0,0.012352237,1.0050856,0.1271579,0.9835789,974661549,1605.7053,1580.0477
554624,2022/5/17,600809.SHA,21.7179,-4994819072.0,3.04,753.1933,46.010662,314790000000.0,0.012352237,1.0514733,0.6964849,0.97958326,971256034,1589.6539,1598.9501
554625,2022/5/18,600809.SHA,21.7179,-4994819072.0,3.04,753.1933,46.044548,315021000000.0,0.012352237,1.0283586,0.5946515,0.9764161,1065836225,1610.6013,1600.1276
554626,2022/5/19,600809.SHA,21.7179,-4994819072.0,3.04,753.1933,45.118984,308689000000.0,0.012352237,0.9852408,0.16031177,0.9770478,1103424731,1580.3577,1567.9626
554627,2022/5/20,600809.SHA,21.7179,-4994819072.0,3.04,753.1933,46.898777,320866000000.0,0.012352237,1.0161122,0.39002314,0.9791667,1803448667,1583.2705,1629.8136
554628,2022/5/23,600809.SHA,21.7179,-4994819072.0,3.04,753.1933,45.475655,311129000000.0,0.012352237,0.9868039,0.12649968,0.98231953,1621223108,1629.5657,1580.3577
554629,2022/5/24,600809.SHA,21.7179,-4994819072.0,3.04,753.1933,44.94778,307518000000.0,0.012352237,0.988586,0.5145263,0.98105663,1021220218,1582.4648,1562.0131
554630,2022/5/25,600809.SHA,21.7179,-4994819072.0,3.04,753.1933,44.27367,302906000000.0,0.012352237,0.9622481,0.13146824,0.98423046,1553204576,1575.7096,1538.5867
554631,2022/5/26,600809.SHA,21.7179,-4994819072.0,3.04,753.1933,43.799297,299660000000.0,0.012352237,0.9512375,0.09117647,0.98508406,1279839031,1536.9753,1522.1013
554632,2022/5/27,600809.SHA,21.7179,-4994819072.0,3.04,753.1933,44.81403,306603000000.0,0.012352237,0.99324113,0.41130728,0.9865574,1533498174,1536.9753,1557.365
554633,2022/5/30,600809.SHA,21.7179,-4994819072.0,3.04,753.1933,46.590256,318755000000.0,0.012352237,0.99342155,0.44290513,0.988665,2092753345,1574.7799,1619.0919
554634,2022/5/31,600809.SHA,21.7179,-4994819072.0,3.04,753.1933,48.596535,332481000000.0,0.012352237,1.0686275,0.9053459,0.99036247,2450195357,1611.3451,1688.8136
554635,2022/6/1,600809.SHA,21.7179,-4994819072.0,3.04,753.1933,48.43603,331383000000.0,0.012352237,1.0776068,0.7327189,0.99078536,1274455803,1675.7988,1683.2358
554636,2022/6/2,600809.SHA,21.7179,-4994819072.0,3.04,753.1933,48.19528,329736000000.0,0.012352237,1.0885764,0.80314136,0.98827714,830107226,1661.5447,1674.8693
554637,2022/6/6,600809.SHA,21.7179,-4994819072.0,3.04,753.1933,49.35981,337703000000.0,0.012352237,1.1269544,0.8491433,0.9876775,1319986316,1675.0552,1715.3387
554638,2022/6/7,600809.SHA,21.7179,-4994819072.0,3.04,753.1933,51.021904,349075000000.0,0.012352237,1.1385252,0.88455117,0.98663884,1572721178,1707.716,1773.0994
554639,2022/6/8,600809.SHA,21.7179,-4994819072.0,3.04,753.1933,51.093235,349563000000.0,0.012352237,1.0966507,0.8359081,0.98350734,1719321748,1781.156,1775.5782
554640,2022/6/9,600809.SHA,21.7179,-4994819072.0,3.04,753.1933,50.535046,345744000000.0,0.012352237,1.0398899,0.7863855,0.9780747,1011207788,1773.7191,1756.1802
554641,2022/6/10,600809.SHA,21.7179,-4994819072.0,3.04,753.1933,51.177055,350136000000.0,0.012352237,1.0565906,0.80746764,0.9764338,1291683007,1732.1959,1778.4911
554642,2022/6/13,600809.SHA,21.7179,-4994819072.0,3.04,753.1933,49.345543,337606000000.0,0.012352237,1.0238668,0.6918108,0.97835135,1756814155,1741.4922,1714.843
554643,2022/6/14,600809.SHA,21.7179,-4994819072.0,3.04,753.1933,49.985878,341987000000.0,0.012352237,1.0127177,0.71110183,0.97792125,923198851,1683.9176,1737.1539
554644,2022/6/15,600809.SHA,21.7179,-4994819072.0,3.04,753.1933,51.00414,348953000000.0,0.012352237,0.99968535,0.5956694,0.97628456,1663496531,1735.2947,1772.5415
554645,2022/6/16,600809.SHA,21.7179,-4994819072.0,3.04,753.1933,50.467365,345281000000.0,0.012352237,0.9877836,0.35103062,0.9721066,938896216,1780.7842,1753.8871
554646,2022/6/17,600809.SHA,21.7179,-4994819072.0,3.04,753.1933,51.337616,351235000000.0,0.012352237,1.0159156,0.44780162,0.97229165,1197082997,1735.3567,1784.1309
554647,2022/6/20,600809.SHA,21.7179,-4994819072.0,3.04,753.1933,53.28498,364558000000.0,0.012352237,1.0412239,0.69596004,0.97334445,1863577167,1803.4669,1851.8074
554648,2022/6/21,600809.SHA,21.7179,-4994819072.0,3.04,753.1933,52.883736,361813000000.0,0.012352237,1.0717384,0.86761034,0.9712859,1282835691,1840.0321,1837.863
554649,2022/6/22,600809.SHA,21.7179,-4994819072.0,3.04,753.1933,52.261368,357555000000.0,0.012352237,1.0455227,0.8130471,0.971238,886480906,1837.801,1816.2338
554650,2022/6/23,600809.SHA,21.7179,-4994819072.0,3.04,753.1933,53.54891,366364000000.0,0.012352237,1.0498934,0.7364034,0.9708273,1361927096,1834.3304,1860.9796
554651,2022/6/24,600809.SHA,21.7179,-4994819072.0,3.04,753.1933,53.9983,369438000000.0,0.012352237,1.0699648,0.795829,0.97478116,1386239585,1877.2789,1876.5973
554652,2022/6/27,600809.SHA,21.7179,-4994819072.0,3.04,753.1933,56.97641,389813000000.0,0.012352237,1.1098374,0.8909735,0.9793664,2202265399,1890.2937,1980.0952
554653,2022/6/28,600809.SHA,21.7179,-4994819072.0,3.04,753.1933,56.63758,387495000000.0,0.012352237,1.0689404,0.7879483,0.9795663,1696543070,1967.6299,1979.4718
554654,2022/6/29,600809.SHA,21.7179,-4994819072.0,3.04,753.1933,56.341553,385470000000.0,0.012352237,1.0714214,0.8718965,0.9776944,1302343115,1979.4718,1969.1257
554655,2022/6/30,600809.SHA,21.7179,-4994819072.0,3.04,753.1933,57.92156,396280000000.0,0.012352237,1.1145848,0.89032525,0.98207587,2161698236,1977.8514,2024.3466
554656,2022/7/1,600809.SHA,21.7179,-4994819072.0,3.04,753.1933,55.665684,380846000000.0,0.012352237,1.0454195,0.75463444,0.9854288,2958942322,1994.43,1945.5043
554657,2022/7/4,600809.SHA,21.7179,-4994819072.0,3.04,753.1933,55.086113,376881000000.0,0.012352237,1.0259252,0.66652775,0.98666114,2047141813,1894.7086,1925.2483
554658,2022/7/5,600809.SHA,21.7179,-4994819072.0,3.04,753.1933,54.611755,373635000000.0,0.012352237,0.96392816,0.24458334,0.988125,2378644347,1941.827,1908.6696
554659,2022/7/6,600809.SHA,21.7179,-4994819072.0,3.04,753.1933,53.177982,363826000000.0,0.012352237,0.9389169,0.23198667,0.9879267,1930086366,1919.6389,1858.5596
554660,2022/7/7,600809.SHA,21.7179,-4994819072.0,3.04,753.1933,53.427643,365534000000.0,0.012352237,0.94828135,0.121590674,0.9885536,1367901662,1858.6218,1867.2852
554661,2022/7/8,600809.SHA,21.7179,-4994819072.0,3.04,753.1933,53.63629,366961000000.0,0.012352237,0.926016,0.07055151,0.9873102,1467848726,1890.4081,1874.5773
554662,2022/7/11,600809.SHA,21.7179,-4994819072.0,3.04,753.1933,52.28633,357726000000.0,0.012352237,0.939292,0.14484912,0.98501563,1319965384,1839.1139,1827.3966
554663,2022/7/12,600809.SHA,21.7179,-4994819072.0,3.04,753.1933,51.785225,354297000000.0,0.012352237,0.94007766,0.31022277,0.98189765,1027513610,1819.6681,1809.8829
554664,2022/7/13,600809.SHA,21.7179,-4994819072.0,3.04,753.1933,51.67288,353528000000.0,0.012352237,0.946186,0.21165453,0.97899336,1075123232,1806.8914,1805.9564
554665,2022/7/14,600809.SHA,21.7179,-4994819072.0,3.04,753.1933,51.433914,351894000000.0,0.012352237,0.9672032,0.24709061,0.97382635,897623124,1805.8318,1797.6047
554666,2022/7/15,600809.SHA,21.7179,-4994819072.0,3.04,753.1933,51.54983,352687000000.0,0.012352237,0.96485317,0.44299066,0.9755085,1900211091,1783.4568,1801.656
554667,2022/7/18,600809.SHA,21.7179,-4994819072.0,3.04,753.1933,51.234184,350527000000.0,0.012352237,0.955215,0.18775934,0.97614604,1503676270,1801.2197,1790.6243
554668,2022/7/19,600809.SHA,21.7179,-4994819072.0,3.04,753.1933,50.824028,347721000000.0,0.012352237,0.9720327,0.18568465,0.97407717,1029673713,1782.5219,1776.2893
554669,2022/7/20,600809.SHA,21.7179,-4994819072.0,3.04,753.1933,51.785225,354297000000.0,0.012352237,1.0,0.23434259,0.9763682,1266002689,1791.9331,1809.8829
554670,2022/7/21,600809.SHA,21.7179,-4994819072.0,3.04,753.1933,51.751343,354065000000.0,0.012352237,1.0015185,0.34349087,0.97657543,1008688153,1801.4066,1808.6987
554671,2022/7/22,600809.SHA,21.7179,-4994819072.0,3.04,753.1933,51.85834,354797000000.0,0.012352237,1.0082519,0.44382256,0.9780402,998920276,1812.4384,1812.4384
554672,2022/7/25,600809.SHA,21.7179,-4994819072.0,3.04,753.1933,52.216785,357250000000.0,0.012352237,1.012938,0.38249326,0.9736624,954732790,1807.4523,1824.9658
554673,2022/7/26,600809.SHA,21.7179,-4994819072.0,3.04,753.1933,52.821323,361386000000.0,0.012352237,1.0309781,0.69678754,0.97471505,1119136735,1838.179,1846.0944
554674,2022/7/27,600809.SHA,21.7179,-4994819072.0,3.04,753.1933,51.202087,350307000000.0,0.012352237,1.0074387,0.5108808,0.9757513,1235712812,1832.3827,1789.5024
554675,2022/7/28,600809.SHA,21.7179,-4994819072.0,3.04,753.1933,51.052288,349283000000.0,0.012352237,0.98584664,0.27668393,0.9732643,735884183,1790.3126,1784.267
554676,2022/7/29,600809.SHA,21.7179,-4994819072.0,3.04,753.1933,48.892715,334508000000.0,0.012352237,0.94476223,0.0789801,0.97949034,2060199099,1769.932,1708.7903
554677,2022/8/1,600809.SHA,21.7179,-4994819072.0,3.04,753.1933,48.445107,331445000000.0,0.012352237,0.9341816,0.03437565,0.9840646,1818241892,1699.8153,1693.1465
554678,2022/8/2,600809.SHA,21.7179,-4994819072.0,3.04,753.1933,47.524925,325150000000.0,0.012352237,0.91014653,0.068266444,0.9861427,2136979522,1682.8004,1660.9863
554679,2022/8/3,600809.SHA,21.7179,-4994819072.0,3.04,753.1933,47.646187,325979000000.0,0.012352237,0.90202564,0.09470637,0.98532146,1145426044,1663.6663,1665.2245
554680,2022/8/4,600809.SHA,21.7179,-4994819072.0,3.04,753.1933,48.826733,334056000000.0,0.012352237,0.9536082,0.3727517,0.986358,1469093405,1676.5677,1706.4843
554681,2022/8/5,600809.SHA,21.7179,-4994819072.0,3.04,753.1933,49.135242,336167000000.0,0.012352237,0.9624494,0.3930122,0.9855372,906880251,1717.3912,1717.2666
554682,2022/8/8,600809.SHA,21.7179,-4994819072.0,3.04,753.1933,49.356373,337680000000.0,0.012352237,1.0094831,0.6449081,0.9834779,1054450275,1706.4843,1724.995
554683,2022/8/9,600809.SHA,21.7179,-4994819072.0,3.04,753.1933,49.37777,337826000000.0,0.012352237,1.019252,0.7342007,0.9783237,685616517,1718.3262,1725.7429
554684,2022/8/10,600809.SHA,21.7179,-4994819072.0,3.04,753.1933,48.696552,333165000000.0,0.012352237,1.0246528,0.42544404,0.97129285,993434101,1731.851,1701.9344
554685,2022/8/11,600809.SHA,21.7179,-4994819072.0,3.04,753.1933,49.54897,338997000000.0,0.012352237,1.0399356,0.36900827,0.9733526,1108152978,1707.8555,1731.7262
554686,2022/8/12,600809.SHA,21.7179,-4994819072.0,3.04,753.1933,50.515514,345610000000.0,0.012352237,1.0345873,0.49132589,0.9700846,1297473284,1732.5365,1765.507
554687,2022/8/15,600809.SHA,21.7179,-4994819072.0,3.04,753.1933,49.554317,339034000000.0,0.012352237,1.0085291,0.32700247,0.97380364,1272501998,1757.5916,1731.9132
554688,2022/8/16,600809.SHA,21.7179,-4994819072.0,3.04,753.1933,47.9333,327944000000.0,0.012352237,0.9711674,0.10387469,0.98001236,2211445614,1740.6388,1675.2589
554689,2022/8/17,600809.SHA,21.7179,-4994819072.0,3.04,753.1933,48.04208,328688000000.0,0.012352237,0.97294956,0.12798846,0.9845488,1636720568,1668.964,1679.0608
554690,2022/8/18,600809.SHA,21.7179,-4994819072.0,3.04,753.1933,47.537407,325235000000.0,0.012352237,0.9761966,0.14953656,0.9874408,2048733496,1660.6747,1661.4226
554691,2022/8/19,600809.SHA,21.7179,-4994819072.0,3.04,753.1933,47.26456,323368000000.0,0.012352237,0.953896,0.18818201,0.98579955,1014689156,1649.0198,1651.8867
554692,2022/8/22,600809.SHA,21.7179,-4994819072.0,3.04,753.1933,47.33411,323844000000.0,0.012352237,0.93702114,0.06628242,0.9831241,962043573,1642.2886,1654.3174
554693,2022/8/23,600809.SHA,21.7179,-4994819072.0,3.04,753.1933,46.660023,319232000000.0,0.012352237,0.94159347,0.083762094,0.9845711,1540044965,1654.1305,1630.7582
554694,2022/8/24,600809.SHA,21.7179,-4994819072.0,3.04,753.1933,46.90077,320879000000.0,0.012352237,0.97845906,0.6015223,0.9812873,1082305438,1622.1572,1639.1722
554695,2022/8/25,600809.SHA,21.7179,-4994819072.0,3.04,753.1933,49.21906,336740000000.0,0.012352237,1.0244989,0.8647204,0.9858316,2675272867,1645.4048,1720.1959
554696,2022/8/26,600809.SHA,30.0878,1967593984.0,4.1183,-64.893,51.6134,350076000000.0,0.01719927,1.0763777,0.94928133,0.9930228,4787809870,1754.4752,1788.3182
554697,2022/8/29,600809.SHA,30.0878,1967593984.0,4.1183,-64.893,51.320194,348087000000.0,0.01719927,1.0764413,0.9339487,0.99466884,2095979095,1776.2893,1778.159
554698,2022/8/30,600809.SHA,30.0878,1967593984.0,4.1183,-64.893,51.10254,346611000000.0,0.01719927,1.070301,0.95550543,0.99507993,1378014033,1778.0968,1770.6177
554699,2022/8/31,600809.SHA,30.0878,1967593984.0,4.1183,-64.893,52.70528,357482000000.0,0.01719927,1.1198165,0.98442304,0.9959008,3122806039,1765.0707,1826.15
554700,2022/9/1,600809.SHA,30.0878,1967593984.0,4.1183,-64.893,52.62973,356969000000.0,0.01719927,1.1124715,0.97662497,0.9965164,1603713069,1825.3398,1823.5323
554701,2022/9/2,600809.SHA,30.0878,1967593984.0,4.1183,-64.893,51.90121,352028000000.0,0.01719927,1.0453986,0.895125,0.99651927,1365488941,1835.9976,1798.2904
554702,2022/9/5,600809.SHA,30.0878,1967593984.0,4.1183,-64.893,50.866894,345012000000.0,0.01719927,0.9855365,0.44881245,0.994474,1742446774,1763.8241,1762.4529
554703,2022/9/6,600809.SHA,30.0878,1967593984.0,4.1183,-64.893,51.449707,348965000000.0,0.01719927,1.0025237,0.5815762,0.9928352,1209713755,1776.6632,1782.6465
554704,2022/9/7,600809.SHA,30.0878,1967593984.0,4.1183,-64.893,50.028645,339327000000.0,0.01719927,0.9789855,0.28290686,0.9936605,1642526465,1784.7656,1733.409
554705,2022/9/8,600809.SHA,30.0878,1967593984.0,4.1183,-64.893,51.37236,348441000000.0,0.01719927,0.9747099,0.1656103,0.99366444,2378938568,1733.409,1779.9666
554706,2022/9/9,600809.SHA,30.0878,1967593984.0,4.1183,-64.893,52.383293,355298000000.0,0.01719927,0.9953175,0.2515839,0.9944875,2250374665,1798.6019,1814.9937
554707,2022/9/13,600809.SHA,30.0878,1967593984.0,4.1183,-64.893,52.70528,357482000000.0,0.01719927,1.0154923,0.6017157,0.99469066,1655336055,1814.9937,1826.15
554708,2022/9/14,600809.SHA,30.0878,1967593984.0,4.1183,-64.893,52.579365,356627000000.0,0.01719927,1.0336658,0.81233406,0.9938738,825329368,1801.2197,1821.7872
554709,2022/9/15,600809.SHA,30.0878,1967593984.0,4.1183,-64.893,53.244926,361142000000.0,0.01719927,1.0348927,0.90192074,0.99387,1623148921,1809.1974,1844.8478
554710,2022/9/16,600809.SHA,30.0878,1967593984.0,4.1183,-64.893,52.075695,353211000000.0,0.01719927,1.0409175,0.9432074,0.9932625,1188143420,1844.7231,1804.3359
554711,2022/9/19,600809.SHA,30.0878,1967593984.0,4.1183,-64.893,52.840195,358397000000.0,0.01719927,1.0285724,0.9311964,0.9934734,1904601054,1807.4523,1830.8245
554712,2022/9/20,600809.SHA,30.0878,1967593984.0,4.1183,-64.893,53.261116,361252000000.0,0.01719927,1.0167577,0.9045677,0.9912352,1173351364,1847.4032,1845.4088
554713,2022/9/21,600809.SHA,30.0878,1967593984.0,4.1183,-64.893,52.552383,356444000000.0,0.01719927,0.997099,0.8718419,0.9896109,791216073,1834.5017,1820.8523
554714,2022/9/22,600809.SHA,30.0878,1967593984.0,4.1183,-64.893,52.60455,356798000000.0,0.01719927,1.000479,0.86977786,0.98859006,729079403,1808.2625,1822.6598
554715,2022/9/23,600809.SHA,30.0878,1967593984.0,4.1183,-64.893,52.50561,356127000000.0,0.01719927,0.98611486,0.78631085,0.98798126,975559390,1822.6598,1819.2318
554716,2022/9/26,600809.SHA,30.0878,1967593984.0,4.1183,-64.893,53.901493,365595000000.0,0.01719927,1.0350605,0.91892445,0.990232,1891397417,1803.4011,1867.5968
554717,2022/9/27,600809.SHA,30.0878,1967593984.0,4.1183,-64.893,55.435883,376002000000.0,0.01719927,1.0491234,0.8913309,0.99043745,2102352342,1859.1205,1920.7609
554718,2022/9/28,600809.SHA,30.0878,1967593984.0,4.1183,-64.893,55.19664,374380000000.0,0.01719927,1.0363402,0.93755084,0.9920732,1691344077,1913.4064,1912.4714
554719,2022/9/29,600809.SHA,30.0878,1967593984.0,4.1183,-64.893,54.734344,371244000000.0,0.01719927,1.0415198,0.9331029,0.9936979,1306400672,1932.1041,1896.4537
554720,2022/9/30,600809.SHA,30.0878,1967593984.0,4.1183,-64.893,54.48431,369548000000.0,0.01719927,1.0357338,0.9377669,0.99430776,977504744,1925.8716,1887.7904
554721,2022/10/10,600809.SHA,30.0878,1967593984.0,4.1183,-64.893,50.924454,345403000000.0,0.01719927,0.96988595,0.75127006,0.99654824,2476798394,1882.555,1764.4474
554722,2022/10/11,600809.SHA,30.0878,1967593984.0,4.1183,-64.893,50.924454,345403000000.0,0.01719927,0.9447689,0.30706742,0.9963474,1392864187,1770.0566,1764.4474
554723,2022/10/12,600809.SHA,30.0878,1967593984.0,4.1183,-64.893,50.097,339790000000.0,0.01719927,0.90369266,0.09253247,0.9961468,2170774888,1775.666,1735.7775
554724,2022/10/13,600809.SHA,30.0878,1967593984.0,4.1183,-64.893,49.21558,333812000000.0,0.01719927,0.89164084,0.04036511,0.99695927,2323970785,1763.8241,1705.2377
554725,2022/10/14,600809.SHA,30.0878,1967593984.0,4.1183,-64.893,49.996265,339107000000.0,0.01719927,0.913435,0.028368793,0.99675983,1749058363,1719.8843,1732.2872
554726,2022/10/17,600809.SHA,30.0878,1967593984.0,4.1183,-64.893,48.85222,331348000000.0,0.01719927,0.8966291,0.009929078,0.99635404,1658097876,1720.1959,1692.6478
554727,2022/10/18,600809.SHA,30.0878,1967593984.0,4.1183,-64.893,48.657948,330030000000.0,0.01719927,0.95549273,0.016609278,0.9957481,1062617998,1692.7726,1685.9166
554728,2022/10/19,600809.SHA,30.0878,1967593984.0,4.1183,-64.893,47.236885,320391000000.0,0.01719927,0.9275874,0.010524185,0.99554926,2241118741,1670.6469,1636.6792
554729,2022/10/20,600809.SHA,30.0878,1967593984.0,4.1183,-64.893,48.512245,329042000000.0,0.01719927,0.9683662,0.07222334,0.99534976,1907010134,1614.1796,1680.8683
554730,2022/10/21,600809.SHA,30.0878,1967593984.0,4.1183,-64.893,47.938423,325150000000.0,0.01719927,0.97404975,0.114210635,0.99434114,1212867331,1665.4115,1660.9863
554731,2022/10/24,600809.SHA,30.0878,1967593984.0,4.1183,-64.893,43.682426,296283000000.0,0.01719927,0.8737137,0.018997574,0.99555373,3268183884,1614.2418,1513.5231
554732,2022/10/25,600809.SHA,30.0878,1967593984.0,4.1183,-64.893,43.909077,297820000000.0,0.01719927,0.8988144,0.057217956,0.9955547,1964153321,1489.777,1521.3762
554733,2022/10/26,600809.SHA,30.0878,1967593984.0,4.1183,-64.893,43.34245,293977000000.0,0.01719927,0.89075786,0.0359814,0.9957584,2020309166,1522.2488,1501.7435
554734,2022/10/27,600809.SHA,30.0878,1967593984.0,4.1183,-64.893,41.318783,280251000000.0,0.01719927,0.8747144,0.028271405,0.99596125,2621068046,1498.9388,1431.6268
554735,2022/10/28,600809.SHA,40.1302,284479008.0,5.83,60.8938,37.950607,286266000000.0,0.017162079,0.8699989,0.0470327,0.99555916,2214050270,1450.2,1462.3535
554736,2022/10/31,600809.SHA,40.1302,284479008.0,5.83,60.8938,37.586678,283521000000.0,0.017162079,0.87197,0.055331178,0.9957593,1238028899,1438.4827,1448.3302
554737,2022/11/1,600809.SHA,40.1302,284479008.0,5.83,60.8938,40.595165,306214000000.0,0.017162079,1.0335201,0.6771002,0.9951564,2865023724,1464.6595,1564.2565
554738,2022/11/2,600809.SHA,40.1302,284479008.0,5.83,60.8938,41.39258,312229000000.0,0.017162079,1.0483818,0.6659265,0.9947559,2740037904,1558.1486,1594.9832
554739,2022/11/3,600809.SHA,40.1302,284479008.0,5.83,60.8938,40.219913,303383000000.0,0.017162079,1.0319984,0.69933456,0.99435484,1432417929,1570.6136,1549.7969
554740,2022/11/4,600809.SHA,40.1302,284479008.0,5.83,60.8938,42.026623,317012000000.0,0.017162079,1.1311711,0.9369206,0.9939565,2574443375,1539.4507,1619.4149
554741,2022/11/7,600809.SHA,40.1302,284479008.0,5.83,60.8938,42.701107,322099000000.0,0.017162079,1.1251758,0.81953675,0.99275506,1669043974,1595.5441,1645.4048
554742,2022/11/8,600809.SHA,40.1302,284479008.0,5.83,60.8938,41.772682,315096000000.0,0.017162079,1.1113694,0.82484394,0.9929578,1253632172,1639.6708,1609.6298
554743,2022/11/9,600809.SHA,40.1302,284479008.0,5.83,60.8938,40.876606,308337000000.0,0.017162079,1.0069329,0.21231636,0.99134636,1321635303,1598.6604,1575.1012
554744,2022/11/10,600809.SHA,40.1302,284479008.0,5.83,60.8938,41.890755,315987000000.0,0.017162079,1.0120355,0.439461,0.9899437,1442353580,1562.5114,1614.1796
554745,2022/11/11,600809.SHA,40.1302,284479008.0,5.83,60.8938,43.42573,327565000000.0,0.017162079,1.0797071,0.8709029,0.99054897,2362645784,1676.5677,1673.3268
554746,2022/11/14,600809.SHA,40.1302,284479008.0,5.83,60.8938,42.397022,319806000000.0,0.017162079,1.0088134,0.5586401,0.98934245,1659516246,1683.5483,1633.6875
554747,2022/11/15,600809.SHA,40.1302,284479008.0,5.83,60.8938,42.733456,322343000000.0,0.017162079,1.0007576,0.37060124,0.9897467,1580949201,1645.3425,1646.6514
554748,2022/11/16,600809.SHA,40.1302,284479008.0,5.83,60.8938,43.042393,324674000000.0,0.017162079,1.0303956,0.68650717,0.9877412,1021403097,1634.6848,1658.5555
554749,2022/11/17,600809.SHA,40.1302,284479008.0,5.83,60.8938,41.98457,316694000000.0,0.017162079,1.0271051,0.59678394,0.9869373,1177213143,1646.0281,1617.7944
554750,2022/11/18,600809.SHA,40.1302,284479008.0,5.83,60.8938,42.57656,321160000000.0,0.017162079,1.0163713,0.5419096,0.9851316,1056128845,1620.4745,1640.6057
554751,2022/11/21,600809.SHA,40.1302,284479008.0,5.83,60.8938,41.405518,312327000000.0,0.017162079,0.9534789,0.07774206,0.98272747,1169034364,1608.0093,1595.4817
554752,2022/11/22,600809.SHA,40.1302,284479008.0,5.83,60.8938,41.374786,312095000000.0,0.017162079,0.9758889,0.2272636,0.9799237,759617436,1604.8307,1594.2975
554753,2022/11/23,600809.SHA,40.1302,284479008.0,5.83,60.8938,40.970417,309045000000.0,0.017162079,0.95874333,0.31393015,0.9759326,687975400,1589.3115,1578.7161
554754,2022/11/24,600809.SHA,40.1302,284479008.0,5.83,60.8938,40.27329,303786000000.0,0.017162079,0.9356658,0.10705694,0.97614753,984548975,1594.1729,1551.8536
554755,2022/11/25,600809.SHA,40.1302,284479008.0,5.83,60.8938,40.255497,303652000000.0,0.017162079,0.95881647,0.39065945,0.97617143,907073592,1553.7856,1551.168
554756,2022/11/28,600809.SHA,40.1302,284479008.0,5.83,60.8938,39.771877,300004000000.0,0.017162079,0.9341261,0.19559559,0.9809848,1534786524,1514.5204,1532.5326
554757,2022/11/29,600809.SHA,40.1302,284479008.0,5.83,60.8938,42.193222,318268000000.0,0.017162079,1.0190243,0.74169666,0.9868,2538807657,1559.3326,1625.8345
554758,2022/11/30,600809.SHA,40.1302,284479008.0,5.83,60.8938,41.415222,312400000000.0,0.017162079,1.0009774,0.5289058,0.98839766,1457120940,1608.0715,1595.8557
554759,2022/12/1,600809.SHA,40.1302,284479008.0,5.83,60.8938,42.154404,317976000000.0,0.017162079,1.0288985,0.7121424,0.9912,2372006980,1645.4048,1624.3386
554760,2022/12/2,600809.SHA,40.1302,284479008.0,5.83,60.8938,42.375996,319647000000.0,0.017162079,1.0522109,0.8209642,0.9908018,1067474382,1620.1005,1632.8773
554761,2022/12/5,600809.SHA,40.1302,284479008.0,5.83,60.8938,42.765804,322587000000.0,0.017162079,1.0623593,0.79951984,0.9915983,1399011855,1668.8394,1647.8978
554762,2022/12/6,600809.SHA,40.1302,284479008.0,5.83,60.8938,44.318573,334300000000.0,0.017162079,1.1143193,0.92758554,0.993,2626363376,1633.8745,1707.7307
554763,2022/12/7,600809.SHA,40.1302,284479008.0,5.83,60.8938,44.53046,335898000000.0,0.017162079,1.0553937,0.8302,0.9918033,1799399880,1708.167,1715.8955
554764,2022/12/8,600809.SHA,40.1302,284479008.0,5.83,60.8938,44.96556,339180000000.0,0.017162079,1.0857254,0.9062375,0.9920064,1364294341,1715.9578,1732.6611
554765,2022/12/9,600809.SHA,40.1302,284479008.0,5.83,60.8938,45.96677,346733000000.0,0.017162079,1.0904381,0.94022393,0.99120706,2155048781,1731.1653,1771.2408
554766,2022/12/12,600809.SHA,40.1302,284479008.0,5.83,60.8938,44.917034,338814000000.0,0.017162079,1.0599642,0.8965448,0.9928115,1689497659,1757.5916,1730.7914
554767,2022/12/13,600809.SHA,40.1302,284479008.0,5.83,60.8938,45.135395,340461000000.0,0.017162079,1.0554085,0.9045527,0.9932122,1181663433,1732.0378,1739.2053
554768,2022/12/14,600809.SHA,40.1302,284479008.0,5.83,60.8938,46.731834,352504000000.0,0.017162079,1.0544525,0.91214055,0.99281436,2099337556,1739.0184,1800.7211
554769,2022/12/15,600809.SHA,40.1302,284479008.0,5.83,60.8938,45.945744,346574000000.0,0.017162079,1.0317824,0.88483036,0.9930195,1592503269,1811.5034,1770.4307
554770,2022/12/16,600809.SHA,40.1302,284479008.0,5.83,60.8938,46.39055,349929000000.0,0.017162079,1.0316907,0.8879362,0.9930265,1013384396,1766.9404,1787.5703
554771,2022/12/19,600809.SHA,40.1302,284479008.0,5.83,60.8938,45.93442,346489000000.0,0.017162079,0.9992963,0.87058824,0.99163014,791550644,1790.1256,1769.9944
554772,2022/12/20,600809.SHA,40.1302,284479008.0,5.83,60.8938,43.953026,331543000000.0,0.017162079,0.978538,0.76245517,0.9916318,1519464232,1760.7701,1693.6451
554773,2022/12/21,600809.SHA,40.1302,284479008.0,5.83,60.8938,44.939682,338985000000.0,0.017162079,0.9956639,0.8934982,0.9922249,1158277771,1707.3568,1731.664
554774,2022/12/22,600809.SHA,40.1302,284479008.0,5.83,60.8938,45.73871,345012000000.0,0.017162079,0.9787484,0.8626319,0.9898548,993157320,1762.266,1762.4529
554775,2022/12/23,600809.SHA,40.1302,284479008.0,5.83,60.8938,45.92957,346452000000.0,0.017162079,0.9996479,0.9264121,0.9886725,908476869,1745.7496,1769.8074
566948,2022/1/10,600887.SHA,24.3343,-4078859776.0,1.31,5.2685,29.183813,262597000000.0,0.001866887,0.99202126,0.40141296,0.9918664,2426942752,3094.4592,3174.1414
566949,2022/1/11,600887.SHA,24.3343,-4078859776.0,1.31,5.2685,28.323164,254853000000.0,0.001866887,0.96044374,0.28895548,0.9925086,2252759137,3143.9705,3080.534
566950,2022/1/12,600887.SHA,24.3343,-4078859776.0,1.31,5.2685,28.394293,255493000000.0,0.001866887,0.98083544,0.37521404,0.9920822,1422476990,3080.534,3088.2703
566951,2022/1/13,600887.SHA,24.3343,-4078859776.0,1.31,5.2685,27.739916,249605000000.0,0.001866887,0.93525183,0.11480848,0.9903743,1942999195,3094.4592,3017.0977
566952,2022/1/14,600887.SHA,24.3343,-4078859776.0,1.31,5.2685,27.640335,248709000000.0,0.001866887,0.971986,0.41869918,0.98652697,1094014109,3027.9282,3006.267
566953,2022/1/17,600887.SHA,24.3343,-4078859776.0,1.31,5.2685,27.85372,250629000000.0,0.001866887,0.9758286,0.23577236,0.987163,1467473148,3001.6252,3029.4756
566954,2022/1/18,600887.SHA,24.3343,-4078859776.0,1.31,5.2685,28.038652,252293000000.0,0.001866887,0.9607604,0.24016254,0.9833298,1209956185,3017.0977,3049.5894
566955,2022/1/19,600887.SHA,24.3343,-4078859776.0,1.31,5.2685,27.960411,251589000000.0,0.001866887,0.9871924,0.4476272,0.97820514,1148331946,3039.5325,3041.0796
566956,2022/1/20,600887.SHA,24.3343,-4078859776.0,1.31,5.2685,28.493872,256389000000.0,0.001866887,1.003507,0.78910255,0.97991884,1741204584,3040.3062,3099.1008
566957,2022/1/21,600887.SHA,24.3343,-4078859776.0,1.31,5.2685,28.493872,256389000000.0,0.001866887,1.0271795,0.87246317,0.97650576,1407526967,3080.534,3099.1008
566958,2022/1/24,600887.SHA,24.3343,-4078859776.0,1.31,5.2685,28.024427,252165000000.0,0.001866887,1.013896,0.81695855,0.97716117,1086961802,3078.2131,3048.0422
566959,2022/1/25,600887.SHA,24.3343,-4078859776.0,1.31,5.2685,27.49808,247429000000.0,0.001866887,0.9872318,0.8819133,0.97737944,1383830231,3022.513,2990.7947
566960,2022/1/26,600887.SHA,24.3343,-4078859776.0,1.31,5.2685,27.654562,248837000000.0,0.001866887,0.98630136,0.8742796,0.981857,1404832427,2998.531,3007.8142
566961,2022/1/27,600887.SHA,24.3343,-4078859776.0,1.31,5.2685,27.113989,243973000000.0,0.001866887,0.9697278,0.8971843,0.9852847,1442368657,2982.285,2949.0195
566962,2022/1/28,600887.SHA,24.3343,-4078859776.0,1.31,5.2685,27.078424,243653000000.0,0.001866887,0.9503245,0.65401834,0.9861466,1673894232,2955.2085,2945.1514
566963,2022/2/7,600887.SHA,24.3343,-4078859776.0,1.31,5.2685,27.569208,248069000000.0,0.001866887,0.9675487,0.5771526,0.9867917,1339578572,2986.153,2998.531
566964,2022/2/8,600887.SHA,24.3343,-4078859776.0,1.31,5.2685,27.490967,247365000000.0,0.001866887,0.9809645,0.5376092,0.9880724,1251100434,2998.531,2990.0212
566965,2022/2/9,600887.SHA,24.3343,-4078859776.0,1.31,5.2685,28.401405,255557000000.0,0.001866887,1.0328505,0.51192504,0.9887186,2097496894,2987.7002,3089.0437
566966,2022/2/10,600887.SHA,24.3343,-4078859776.0,1.31,5.2685,28.458307,256069000000.0,0.001866887,1.0290638,0.5806383,0.9866043,1152133985,3113.7996,3095.2327
566967,2022/2/11,600887.SHA,24.3343,-4078859776.0,1.31,5.2685,28.330276,254917000000.0,0.001866887,1.0448583,0.6053583,0.9847004,1157166715,3117.6675,3081.3076
566968,2022/2/14,600887.SHA,24.3343,-4078859776.0,1.31,5.2685,28.451195,256005000000.0,0.001866887,1.0506961,0.7461228,0.9838538,1511846716,3068.1562,3094.4592
566969,2022/2/15,600887.SHA,24.3343,-4078859776.0,1.31,5.2685,28.36584,255237000000.0,0.001866887,1.0288957,0.7357689,0.98300767,1484269395,3109.9314,3085.1758
566970,2022/2/16,600887.SHA,24.3343,-4078859776.0,1.31,5.2685,28.657467,257861000000.0,0.001866887,1.0424321,0.83938813,0.9842821,1293066616,3099.8745,3116.894
566971,2022/2/17,600887.SHA,24.3343,-4078859776.0,1.31,5.2685,28.757046,258757000000.0,0.001866887,1.012522,0.76316905,0.9808917,1228783747,3133.14,3127.7246
566972,2022/2/18,600887.SHA,24.3343,-4078859776.0,1.31,5.2685,28.849512,259589000000.0,0.001866887,1.0137466,0.7030355,0.9800467,1001616301,3113.7996,3137.7815
566973,2022/2/21,600887.SHA,24.3343,-4078859776.0,1.31,5.2685,29.169588,262469000000.0,0.001866887,1.0296259,0.5205945,0.9830149,1226256550,3133.14,3172.5942
566974,2022/2/22,600887.SHA,24.3343,-4078859776.0,1.31,5.2685,28.799723,259141000000.0,0.001866887,1.01225,0.47823316,0.98152864,1345907742,3150.933,3132.3662
566975,2022/2/23,600887.SHA,24.3343,-4078859776.0,1.31,5.2685,28.621902,257541000000.0,0.001866887,1.0090271,0.31825903,0.9785699,1216837402,3171.8206,3113.026
566976,2022/2/24,600887.SHA,24.3343,-4078859776.0,1.31,5.2685,28.109781,252933000000.0,0.001866887,0.98088855,0.41684344,0.9783623,1727184526,3104.516,3057.3257
566977,2022/2/25,600887.SHA,24.3343,-4078859776.0,1.31,5.2685,28.095554,252805000000.0,0.001866887,0.97699726,0.23080187,0.97709924,1013720141,3068.1562,3055.7783
566978,2022/2/28,600887.SHA,24.3343,-4078859776.0,1.31,5.2685,28.109781,252933000000.0,0.001866887,0.97435904,0.3107105,0.9756149,971809186,3019.4185,3057.3257
566979,2022/3/1,600887.SHA,24.3343,-4078859776.0,1.31,5.2685,28.095554,252805000000.0,0.001866887,0.9631797,0.22895908,0.97584236,1531768312,3051.1367,3055.7783
566980,2022/3/2,600887.SHA,24.3343,-4078859776.0,1.31,5.2685,27.910622,251141000000.0,0.001866887,0.96912813,0.15154727,0.97245765,892223480,3036.438,3035.6643
566981,2022/3/3,600887.SHA,24.3343,-4078859776.0,1.31,5.2685,27.974638,251717000000.0,0.001866887,0.9773857,0.38368645,0.97097456,1071596563,3037.2117,3042.627
566982,2022/3/4,600887.SHA,24.3343,-4078859776.0,1.31,5.2685,27.988863,251845000000.0,0.001866887,0.99569833,0.42236814,0.97119254,1263666795,3046.495,3044.174
566983,2022/3/7,600887.SHA,24.3343,-4078859776.0,1.31,5.2685,26.708559,240325000000.0,0.001866887,0.9506329,0.28601694,0.98136777,2589977361,3017.8713,2904.9236
566984,2022/3/8,600887.SHA,24.3343,-4078859776.0,1.31,5.2685,26.089746,234757000000.0,0.001866887,0.9281376,0.3279661,0.98347455,1830676418,2904.9236,2837.619
566985,2022/3/9,600887.SHA,24.3343,-4078859776.0,1.31,5.2685,26.054182,234437000000.0,0.001866887,0.9273418,0.52373886,0.98367953,2173351601,2850.7705,2833.751
566986,2022/3/10,600887.SHA,24.3343,-4078859776.0,1.31,5.2685,26.139536,235205000000.0,0.001866887,0.9365444,0.5136682,0.9847425,1378387368,2887.1304,2843.0344
566987,2022/3/11,600887.SHA,24.3343,-4078859776.0,1.31,5.2685,27.24202,245125000000.0,0.001866887,0.9738113,0.7463983,0.98898536,3005783844,2901.0554,2962.9446
566988,2022/3/14,600887.SHA,24.3343,-4078859776.0,1.31,5.2685,26.502289,238469000000.0,0.001866887,0.94688696,0.6536833,0.98942024,1662215040,2923.4902,2882.4888
566989,2022/3/15,600887.SHA,24.3343,-4078859776.0,1.31,5.2685,25.179308,226565000000.0,0.001866887,0.942743,0.81193143,0.9885787,2455942087,2846.9023,2738.5964
566990,2022/3/16,600887.SHA,24.3343,-4078859776.0,1.31,5.2685,26.402708,237573000000.0,0.001866887,1.0119957,0.8420051,0.9885811,2432182745,2785.0132,2871.658
566991,2022/3/17,600887.SHA,24.3343,-4078859776.0,1.31,5.2685,26.459612,238085000000.0,0.001866887,1.015561,0.7284838,0.98816067,2314730116,2908.018,2877.847
566992,2022/3/18,600887.SHA,24.3343,-4078859776.0,1.31,5.2685,26.88638,241925000000.0,0.001866887,1.0285714,0.8117995,0.989011,1928644098,2866.2427,2924.264
566993,2022/3/21,600887.SHA,24.3343,-4078859776.0,1.31,5.2685,26.317356,236805000000.0,0.001866887,0.9660575,0.30551448,0.98775077,1709462587,2904.9236,2862.3748
566994,2022/3/22,600887.SHA,24.3343,-4078859776.0,1.31,5.2685,26.402708,237573000000.0,0.001866887,0.9962425,0.3475507,0.986495,948462677,2859.2803,2871.658
566995,2022/3/23,600887.SHA,24.3343,-4078859776.0,1.31,5.2685,26.189325,235653000000.0,0.001866887,1.040113,0.22573839,0.9837587,1213163096,2871.658,2848.4497
566996,2022/3/24,600887.SHA,24.3343,-4078859776.0,1.31,5.2685,25.961716,233605000000.0,0.001866887,0.9832974,0.14982064,0.9820713,1376876479,2838.3926,2823.6938
566997,2022/3/25,600887.SHA,24.3343,-4078859776.0,1.31,5.2685,25.428255,228805000000.0,0.001866887,0.96102154,0.18210593,0.9831295,1309688927,2819.826,2765.6729
566998,2022/3/28,600887.SHA,24.3343,-4078859776.0,1.31,5.2685,25.627415,230597000000.0,0.001866887,0.9531746,0.20915033,0.9806071,1123324176,2712.2935,2787.334
566999,2022/3/29,600887.SHA,24.3343,-4078859776.0,1.31,5.2685,25.39269,228485000000.0,0.001866887,0.9648648,0.47786677,0.97599494,891702889,2795.8438,2761.8047
567000,2022/3/30,600887.SHA,24.3343,-4078859776.0,1.31,5.2685,26.27468,236421000000.0,0.001866887,0.99515086,0.61465573,0.97958326,1294841341,2785.7869,2857.733
567001,2022/3/31,600887.SHA,24.3343,-4078859776.0,1.31,5.2685,26.239115,236101000000.0,0.001866887,1.0019011,0.6795196,0.9759848,1023436059,2845.3552,2853.865
567002,2022/4/1,600887.SHA,24.3343,-4078859776.0,1.31,5.2685,26.55919,238981000000.0,0.001866887,1.0230137,0.736831,0.97388375,1107692223,2849.9968,2888.6775
567003,2022/4/6,600887.SHA,24.3343,-4078859776.0,1.31,5.2685,26.459612,238085000000.0,0.001866887,1.0405594,0.7536873,0.9732463,1031222206,2856.9595,2877.847
567004,2022/4/7,600887.SHA,24.3343,-4078859776.0,1.31,5.2685,26.182213,235589000000.0,0.001866887,1.0216486,0.76759374,0.9717835,789462936,2854.6384,2847.676
567005,2022/4/8,600887.SHA,24.3343,-4078859776.0,1.31,5.2685,26.288904,236549000000.0,0.001866887,1.0352942,0.7913245,0.97157896,871090161,2847.676,2859.2803
567006,2022/4/11,600887.SHA,24.3343,-4078859776.0,1.31,5.2685,25.97594,233733000000.0,0.001866887,0.98863024,0.74710464,0.9690526,1120618045,2839.1663,2825.2412
567007,2022/4/12,600887.SHA,24.3343,-4078859776.0,1.31,5.2685,26.637432,239685000000.0,0.001866887,1.0151802,0.7952441,0.97243845,1297976781,2838.3926,2897.1873
567008,2022/4/13,600887.SHA,24.3343,-4078859776.0,1.31,5.2685,26.801025,241157000000.0,0.001866887,1.0091056,0.8292324,0.9753995,1641705913,2878.6206,2914.9805
567009,2022/4/14,600887.SHA,24.3343,-4078859776.0,1.31,5.2685,27.526531,247685000000.0,0.001866887,1.0403225,0.913601,0.9794074,1701846747,2932.0,2993.8892
567010,2022/4/15,600887.SHA,24.3343,-4078859776.0,1.31,5.2685,27.462517,247109000000.0,0.001866887,1.0488998,0.9188223,0.98191756,1395643682,2965.2654,2986.9268
567011,2022/4/18,600887.SHA,24.3343,-4078859776.0,1.31,5.2685,27.263357,245317000000.0,0.001866887,1.037067,0.8773406,0.98464453,1383847758,2967.5862,2965.2654
567012,2022/4/19,600887.SHA,24.3343,-4078859776.0,1.31,5.2685,27.135326,244165000000.0,0.001866887,1.044633,0.81093585,0.98528796,1018649541,2966.039,2951.3403
567013,2022/4/20,600887.SHA,24.3343,-4078859776.0,1.31,5.2685,27.618998,248517000000.0,0.001866887,1.0368491,0.87200505,0.98970586,2289079756,2955.2085,3003.9463
567014,2022/4/21,600887.SHA,24.3343,-4078859776.0,1.31,5.2685,27.334486,245957000000.0,0.001866887,1.0199045,0.8750525,0.9899202,1631565608,2984.6057,2973.0017
567015,2022/4/22,600887.SHA,24.3343,-4078859776.0,1.31,5.2685,27.277582,245445000000.0,0.001866887,0.9909561,0.8275572,0.9905522,1409503609,2940.5098,2966.8127
567016,2022/4/25,600887.SHA,24.3343,-4078859776.0,1.31,5.2685,26.552078,238917000000.0,0.001866887,0.96684796,0.89397436,0.9918119,1801361901,2925.0376,2887.904
567017,2022/4/26,600887.SHA,24.3343,-4078859776.0,1.31,5.2685,26.936169,242373000000.0,0.001866887,0.98799896,0.95462185,0.9920252,1936904447,2887.904,2929.6792
567018,2022/4/27,600887.SHA,24.3343,-4078859776.0,1.31,5.2685,27.739916,249605000000.0,0.001866887,1.0222805,0.96555346,0.9928631,2143627806,2928.1318,3017.0977
567019,2022/4/28,600887.SHA,7.1203,-1107716352.0,0.56,362.6228,25.932352,243589000000.0,0.002328451,0.98016995,0.9099895,0.99264395,2914227794,3001.6252,2944.378
567020,2022/4/29,600887.SHA,7.1203,-1107716352.0,0.56,362.6228,26.211706,246213000000.0,0.002328451,1.0010408,0.83172065,0.9924338,2041303903,2944.378,2976.096
567021,2022/5/5,600887.SHA,7.1203,-1107716352.0,0.56,362.6228,26.382046,247813000000.0,0.002328451,1.009648,0.77215725,0.9925627,2198512994,3055.7783,2995.4365
567022,2022/5/6,600887.SHA,7.1203,-1107716352.0,0.56,362.6228,25.734758,241733000000.0,0.002328451,1.0117868,0.43586498,0.9926176,1307217081,2962.9446,2921.943
567023,2022/5/9,600887.SHA,7.1203,-1107716352.0,0.56,362.6228,25.782454,242181000000.0,0.002328451,0.99920785,0.12679325,0.993038,1219149190,2916.5278,2927.3584
567024,2022/5/10,600887.SHA,7.1203,-1107716352.0,0.56,362.6228,26.606894,249925000000.0,0.002328451,1.0012821,0.14379086,0.9934668,2273770458,2908.7915,3020.9658
567025,2022/5/11,600887.SHA,7.1203,-1107716352.0,0.56,362.6228,26.368418,247685000000.0,0.002328451,1.0168155,0.12434141,0.9913666,2015879518,3015.5503,2993.8892
567026,2022/5/12,600887.SHA,7.1203,-1107716352.0,0.56,362.6228,26.416113,248133000000.0,0.002328451,1.0077983,0.21566975,0.9903117,944119450,2979.964,2999.3044
567027,2022/5/13,600887.SHA,7.1203,-1107716352.0,0.56,362.6228,26.19808,246085000000.0,0.002328451,0.99302685,0.14189474,0.98926544,1174966488,2978.417,2974.5488
567028,2022/5/16,600887.SHA,7.1203,-1107716352.0,0.56,362.6228,25.42815,238853000000.0,0.002328451,0.98808575,0.06505263,0.98989475,2015174820,2957.5293,2887.1304
567029,2022/5/17,600887.SHA,7.1203,-1107716352.0,0.56,362.6228,25.632555,240773000000.0,0.002328451,0.99418604,0.18017259,0.988634,1218041099,2877.847,2910.3389
567030,2022/5/18,600887.SHA,7.1203,-1107716352.0,0.56,362.6228,25.693878,241349000000.0,0.002328451,0.96568495,0.086755104,0.9873658,1728195326,2908.7915,2917.3013
567031,2022/5/19,600887.SHA,7.1203,-1107716352.0,0.56,362.6228,25.16242,236357000000.0,0.002328451,0.9542636,0.06003792,0.9873658,1603823659,2877.847,2856.9595
567032,2022/5/20,600887.SHA,7.1203,-1107716352.0,0.56,362.6228,25.673437,241157000000.0,0.002328451,0.9718855,0.08987582,0.98905724,1600916004,2856.1858,2914.9805
567033,2022/5/23,600887.SHA,7.1203,-1107716352.0,0.56,362.6228,25.33276,237957000000.0,0.002328451,0.9669701,0.06609135,0.988213,1358110413,2918.8486,2876.2998
567034,2022/5/24,600887.SHA,7.1203,-1107716352.0,0.56,362.6228,25.278252,237445000000.0,0.002328451,0.99410504,0.56926316,0.98631865,1449570723,2885.583,2870.1108
567035,2022/5/25,600887.SHA,7.1203,-1107716352.0,0.56,362.6228,25.305506,237701000000.0,0.002328451,0.9872408,0.29322675,0.985492,983212844,2867.0164,2873.2053
567036,2022/5/26,600887.SHA,7.1203,-1107716352.0,0.56,362.6228,25.462217,239173000000.0,0.002328451,0.9909839,0.3304622,0.9855042,1700406212,2873.2053,2890.9985
567037,2022/5/27,600887.SHA,7.1203,-1107716352.0,0.56,362.6228,25.612116,240581000000.0,0.002328451,1.0178716,0.6660361,0.98508716,1254328400,2901.829,2908.018
567038,2022/5/30,600887.SHA,7.1203,-1107716352.0,0.56,362.6228,25.666624,241093000000.0,0.002328451,0.9997346,0.5025189,0.9865659,1534349617,2915.7542,2914.2068
567039,2022/5/31,600887.SHA,7.1203,-1107716352.0,0.56,362.6228,25.89147,243205000000.0,0.002328451,1.0220548,0.72054505,0.9886864,2124115057,2915.7542,2939.736
567040,2022/6/1,600887.SHA,7.1203,-1107716352.0,0.56,362.6228,24.937574,234245000000.0,0.002328451,1.0120915,0.1973188,0.9895288,2006066396,2944.498,2904.815
567041,2022/6/2,600887.SHA,7.1203,-1107716352.0,0.56,362.6228,24.637777,231429000000.0,0.002328451,0.99884737,0.20565446,0.9897425,1398379476,2881.7986,2869.8936
567042,2022/6/6,600887.SHA,7.1203,-1107716352.0,0.56,362.6228,24.637777,231429000000.0,0.002328451,0.99269974,0.14082742,0.9906015,2571373865,2853.2266,2869.8936
567043,2022/6/7,600887.SHA,7.1203,-1107716352.0,0.56,362.6228,24.787676,232837000000.0,0.002328451,0.9928942,0.14697286,0.9906054,1843084635,2855.6077,2887.3542
567044,2022/6/8,600887.SHA,7.1203,-1107716352.0,0.56,362.6228,25.285065,237509000000.0,0.002328451,1.0106667,0.32296452,0.9922756,2943885909,2900.8467,2945.2917
567045,2022/6/9,600887.SHA,7.1203,-1107716352.0,0.56,362.6228,25.230556,236997000000.0,0.002328451,0.99973,0.4980163,0.9924828,2408523819,2960.3713,2938.9424
567046,2022/6/10,600887.SHA,7.1203,-1107716352.0,0.56,362.6228,25.434963,238917000000.0,0.002328451,1.0199454,0.60116816,0.99228364,2320414370,2948.4666,2962.7524
567047,2022/6/13,600887.SHA,7.1203,-1107716352.0,0.56,362.6228,25.25781,237253000000.0,0.002328451,1.0251659,0.6988956,0.9927144,2194837436,2952.4348,2942.1172
567048,2022/6/14,600887.SHA,7.1203,-1107716352.0,0.56,362.6228,25.727945,241669000000.0,0.002328451,1.0442479,0.8373256,0.9910435,2044710777,2939.736,2996.8801
567049,2022/6/15,600887.SHA,7.1203,-1107716352.0,0.56,362.6228,25.939165,243653000000.0,0.002328451,1.0464541,0.8563398,0.99334306,3392907126,2996.8801,3021.4836
567050,2022/6/16,600887.SHA,7.1203,-1107716352.0,0.56,362.6228,25.932352,243589000000.0,0.002328451,1.0255996,0.7486987,0.99146545,2202671144,3047.6746,3020.69
567051,2022/6/17,600887.SHA,7.1203,-1107716352.0,0.56,362.6228,26.089064,245061000000.0,0.002328451,1.0340265,0.6040842,0.99083334,1924529228,3006.404,3038.9443
567052,2022/6/20,600887.SHA,7.1203,-1107716352.0,0.56,362.6228,25.823336,242565000000.0,0.002328451,1.0152693,0.46980426,0.9914619,2508581248,3048.4683,3007.9915
567053,2022/6/21,600887.SHA,7.1203,-1107716352.0,0.56,362.6228,25.714317,241541000000.0,0.002328451,1.0180739,0.539134,0.9908448,1732195090,3000.8484,2995.2927
567054,2022/6/22,600887.SHA,7.1203,-1107716352.0,0.56,362.6228,25.509912,239621000000.0,0.002328451,0.99152535,0.42225927,0.99041265,1625494416,3007.1978,2971.4827
567055,2022/6/23,600887.SHA,7.1203,-1107716352.0,0.56,362.6228,25.618929,240645000000.0,0.002328451,0.9876543,0.25515732,0.98958117,1908020964,2989.737,2984.1814
567056,2022/6/24,600887.SHA,7.1203,-1107716352.0,0.56,362.6228,25.89147,243205000000.0,0.002328451,0.9984236,0.33639207,0.98916215,2633554458,2981.8005,3015.928
567057,2022/6/27,600887.SHA,7.1203,-1107716352.0,0.56,362.6228,26.368418,247685000000.0,0.002328451,1.0107077,0.40212634,0.99041265,3210172687,3015.928,3071.4846
567058,2022/6/28,600887.SHA,7.1203,-1107716352.0,0.56,362.6228,26.436554,248325000000.0,0.002328451,1.0237466,0.49291077,0.9889491,1673809574,3086.5642,3079.4211
567059,2022/6/29,600887.SHA,7.1203,-1107716352.0,0.56,362.6228,25.925539,243525000000.0,0.002328451,1.0082141,0.49655747,0.9893684,1952859169,3075.453,3019.8962
567060,2022/6/30,600887.SHA,7.1203,-1107716352.0,0.56,362.6228,26.538757,249285000000.0,0.002328451,1.0403312,0.5902836,0.98916215,2582997020,3019.8962,3091.3262
567061,2022/7/1,600887.SHA,7.1203,-1107716352.0,0.56,362.6228,26.191267,246021000000.0,0.002328451,1.0223404,0.6073735,0.9893839,1771734819,3082.596,3050.8494
567062,2022/7/4,600887.SHA,7.1203,-1107716352.0,0.56,362.6228,25.768827,242053000000.0,0.002328451,0.99526316,0.3749479,0.9902043,3442512832,2989.737,3001.642
567063,2022/7/5,600887.SHA,7.1203,-1107716352.0,0.56,362.6228,25.46903,239237000000.0,0.002328451,0.9658914,0.25666666,0.9895833,2220132461,2988.9434,2966.7207
567064,2022/7/6,600887.SHA,7.1203,-1107716352.0,0.56,362.6228,25.223743,236933000000.0,0.002328451,0.9541238,0.36922115,0.99063283,2257873332,2969.8955,2938.149
567065,2022/7/7,600887.SHA,7.1203,-1107716352.0,0.56,362.6228,24.9512,234373000000.0,0.002328451,0.96241784,0.21569853,0.991051,2044868251,2938.149,2906.402
567066,2022/7/8,600887.SHA,7.1203,-1107716352.0,0.56,362.6228,24.760422,232581000000.0,0.002328451,0.9329911,0.08740895,0.98980653,1957308618,2918.3071,2884.1797
567067,2022/7/11,600887.SHA,7.1203,-1107716352.0,0.56,362.6228,24.60371,231109000000.0,0.002328451,0.939386,0.14568157,0.9902185,2020869595,2884.1797,2865.9253
567068,2022/7/12,600887.SHA,7.1203,-1107716352.0,0.56,362.6228,24.787676,232837000000.0,0.002328451,0.9619249,0.5080158,0.9891802,2191320209,2869.0999,2887.3542
567069,2022/7/13,600887.SHA,7.1203,-1107716352.0,0.56,362.6228,24.501507,230149000000.0,0.002328451,0.96201175,0.32611862,0.98960066,1916413829,2900.8467,2854.0203
567070,2022/7/14,600887.SHA,7.1203,-1107716352.0,0.56,362.6228,24.590084,230981000000.0,0.002328451,0.9748784,0.31317538,0.9887827,1599076499,2854.0203,2864.338
567071,2022/7/15,600887.SHA,7.1203,-1107716352.0,0.56,362.6228,24.310728,228357000000.0,0.002328451,0.97433096,0.5389408,0.9879618,1869870975,2864.338,2831.7976
567072,2022/7/18,600887.SHA,7.1203,-1107716352.0,0.56,362.6228,24.56283,230725000000.0,0.002328451,0.9920198,0.50850624,0.98672473,1415290060,2835.766,2861.1633
567073,2022/7/19,600887.SHA,7.1203,-1107716352.0,0.56,362.6228,24.637777,231429000000.0,0.002328451,1.0013846,0.4107884,0.98589796,1352480120,2846.0837,2869.8936
567074,2022/7/20,600887.SHA,7.1203,-1107716352.0,0.56,362.6228,24.869438,233605000000.0,0.002328451,1.0032985,0.25528827,0.98528194,1804136847,2874.6555,2896.8782
567075,2022/7/21,600887.SHA,7.1203,-1107716352.0,0.56,362.6228,24.610523,231173000000.0,0.002328451,1.0044494,0.3679519,0.9821725,963937236,2888.9417,2866.719
567076,2022/7/22,600887.SHA,7.1203,-1107716352.0,0.56,362.6228,24.719542,232197000000.0,0.002328451,1.0052646,0.4154229,0.981562,996928342,2866.719,2879.4175
567077,2022/7/25,600887.SHA,7.1203,-1107716352.0,0.56,362.6228,24.944387,234309000000.0,0.002328451,1.0260651,0.49699232,0.98071337,1259894566,2887.3542,2905.6086
567078,2022/7/26,600887.SHA,7.1203,-1107716352.0,0.56,362.6228,24.923946,234117000000.0,0.002328451,1.0147018,0.5390673,0.98031086,1292359986,2900.8467,2903.2275
567079,2022/7/27,600887.SHA,7.1203,-1107716352.0,0.56,362.6228,24.808117,233029000000.0,0.002328451,1.0069138,0.50362694,0.9807254,1121409522,2896.8782,2889.7354
567080,2022/7/28,600887.SHA,7.1203,-1107716352.0,0.56,362.6228,25.053404,235333000000.0,0.002328451,1.0073973,0.534715,0.97823834,1478940208,2902.4338,2918.3071
567081,2022/7/29,600887.SHA,7.1203,-1107716352.0,0.56,362.6228,24.409935,229289000000.0,0.002328451,0.9919712,0.3691957,0.98466957,1902698964,2918.3071,2843.7026
567082,2022/8/1,600887.SHA,7.1203,-1107716352.0,0.56,362.6228,24.416748,229353000000.0,0.002328451,0.9878721,0.29509217,0.98592716,1384670906,2843.7026,2844.4963
567083,2022/8/2,600887.SHA,7.1203,-1107716352.0,0.56,362.6228,24.04886,225897000000.0,0.002328451,0.9642174,0.42345884,0.98510855,1602104065,2817.5117,2801.6384
567084,2022/8/3,600887.SHA,7.1203,-1107716352.0,0.56,362.6228,23.953484,225001000000.0,0.002328451,0.961181,0.51033914,0.98346084,1046809492,2800.8447,2790.527
567085,2022/8/4,600887.SHA,7.1203,-1107716352.0,0.56,362.6228,24.239616,227689000000.0,0.002328451,0.977204,0.5904486,0.98222405,825908768,2804.0193,2823.861
567086,2022/8/5,600887.SHA,7.1203,-1107716352.0,0.56,362.6228,24.771008,232680000000.0,0.002328451,0.9888496,0.63262355,0.98161155,1330187154,2840.528,2885.7668
567087,2022/8/8,600887.SHA,7.1203,-1107716352.0,0.56,362.6228,24.757383,232552000000.0,0.002328451,1.014234,0.6744474,0.9766625,1065583401,2895.291,2884.1797
567088,2022/8/9,600887.SHA,7.1203,-1107716352.0,0.56,362.6228,24.784634,232808000000.0,0.002328451,1.015067,0.7096241,0.97316265,839683373,2884.1797,2887.3542
567089,2022/8/10,600887.SHA,7.1203,-1107716352.0,0.56,362.6228,24.491688,230056000000.0,0.002328451,1.0184135,0.3793887,0.96943414,887191806,2891.3225,2853.2266
567090,2022/8/11,600887.SHA,7.1203,-1107716352.0,0.56,362.6228,24.866386,233576000000.0,0.002328451,1.0381114,0.35227272,0.97128695,1055265104,2868.3064,2896.8782
567091,2022/8/12,600887.SHA,7.1203,-1107716352.0,0.56,362.6228,24.94814,234344000000.0,0.002328451,1.0292299,0.42461792,0.9692593,718046878,2895.291,2906.402
567092,2022/8/15,600887.SHA,7.1203,-1107716352.0,0.56,362.6228,24.696068,231976000000.0,0.002328451,0.9969747,0.2087118,0.964934,988887275,2891.3225,2877.0366
567093,2022/8/16,600887.SHA,7.1203,-1107716352.0,0.56,362.6228,24.736944,232360000000.0,0.002328451,0.9991744,0.2831822,0.9604368,753847343,2878.624,2881.7986
567094,2022/8/17,600887.SHA,7.1203,-1107716352.0,0.56,362.6228,24.757383,232552000000.0,0.002328451,0.99890053,0.2829761,0.960239,876414153,2892.1162,2884.1797
567095,2022/8/18,600887.SHA,7.1203,-1107716352.0,0.56,362.6228,24.525751,230376000000.0,0.002328451,1.0013909,0.353862,0.9582046,835162616,2877.0366,2857.195
567096,2022/8/19,600887.SHA,7.1203,-1107716352.0,0.56,362.6228,24.375872,228969000000.0,0.002328451,0.980274,0.3907762,0.9532826,756960212,2849.2583,2839.7344
567097,2022/8/22,600887.SHA,7.1203,-1107716352.0,0.56,362.6228,24.437185,229545000000.0,0.002328451,0.9795195,0.29641828,0.9539,761872355,2830.2104,2846.8774
567098,2022/8/23,600887.SHA,7.1203,-1107716352.0,0.56,362.6228,24.137426,226729000000.0,0.002328451,0.9773793,0.2928586,0.95083314,862013281,2843.7026,2811.956
567099,2022/8/24,600887.SHA,7.1203,-1107716352.0,0.56,362.6228,23.953484,225001000000.0,0.002328451,0.9683283,0.50956595,0.9539379,992598512,2810.3687,2790.527
567100,2022/8/25,600887.SHA,7.1203,-1107716352.0,0.56,362.6228,24.389496,229097000000.0,0.002328451,0.9851403,0.6755757,0.9593429,1306972939,2790.527,2841.3218
567101,2022/8/26,600887.SHA,7.1203,-1107716352.0,0.56,362.6228,24.655191,231592000000.0,0.002328451,1.0052778,0.775154,0.96306175,1127259531,2879.4175,2872.2747
567102,2022/8/29,600887.SHA,7.1203,-1107716352.0,0.56,362.6228,24.491688,230056000000.0,0.002328451,1.0047512,0.71097434,0.9686282,856092191,2858.7822,2853.2266
567103,2022/8/30,600887.SHA,7.1203,-1107716352.0,0.56,362.6228,24.614315,231208000000.0,0.002328451,1.0072484,0.77363133,0.9702747,776528189,2866.719,2867.5127
567104,2022/8/31,600887.SHA,12.9761,1069404224.0,0.96,-25.7317,24.035482,228713000000.0,0.002417649,1.0087496,0.8602173,0.9774544,2097200871,2832.5913,2836.5596
567105,2022/9/1,600887.SHA,12.9761,1069404224.0,0.96,-25.7317,23.235195,221097000000.0,0.002417649,0.98265076,0.60159934,0.9854508,2302334190,2810.3687,2742.1135
567106,2022/9/2,600887.SHA,12.9761,1069404224.0,0.96,-25.7317,22.798065,216938000000.0,0.002417649,0.9469273,0.24190906,0.98955774,2050920274,2746.0818,2690.5251
567107,2022/9/5,600887.SHA,12.9761,1069404224.0,0.96,-25.7317,22.441635,213546000000.0,0.002417649,0.9220779,0.107289106,0.991404,1365771639,2666.7153,2648.461
567108,2022/9/6,600887.SHA,12.9761,1069404224.0,0.96,-25.7317,22.616488,215210000000.0,0.002417649,0.93546593,0.103377685,0.99222106,917841676,2654.0166,2669.0962
567109,2022/9/7,600887.SHA,12.9761,1069404224.0,0.96,-25.7317,22.34076,212586000000.0,0.002417649,0.91945744,0.028045036,0.99222904,1318510332,2657.1914,2636.556
567110,2022/9/8,600887.SHA,12.9761,1069404224.0,0.96,-25.7317,22.374384,212906000000.0,0.002417649,0.93088984,0.03680229,0.99100757,915580949,2627.8257,2640.5244
567111,2022/9/9,600887.SHA,12.9761,1069404224.0,0.96,-25.7317,22.663563,215658000000.0,0.002417649,0.97539794,0.12793787,0.98856676,1327537041,2638.937,2674.6519
567112,2022/9/13,600887.SHA,12.9761,1069404224.0,0.96,-25.7317,22.690464,215914000000.0,0.002417649,0.99528027,0.36846405,0.9844803,1199240304,2678.6204,2677.8267
567113,2022/9/15,600887.SHA,12.9761,1069404224.0,0.96,-25.7317,22.656837,215594000000.0,0.002417649,1.0017842,0.7958725,0.98406214,1493773599,2666.7153,2673.8584
567114,2022/9/16,600887.SHA,12.9761,1069404224.0,0.96,-25.7317,22.112106,210410000000.0,0.002417649,0.9897652,0.8349336,0.9865251,1525094712,2662.747,2609.5713
567115,2022/9/19,600887.SHA,12.9761,1069404224.0,0.96,-25.7317,22.125555,210538000000.0,0.002417649,0.98887885,0.856472,0.9863349,967264104,2617.508,2611.1587
567116,2022/9/20,600887.SHA,12.9761,1069404224.0,0.96,-25.7317,21.964153,209003000000.0,0.002417649,0.9691395,0.75305873,0.9861394,953880255,2611.9524,2592.1108
567117,2022/9/21,600887.SHA,12.9761,1069404224.0,0.96,-25.7317,21.843102,207851000000.0,0.002417649,0.96265554,0.6858191,0.9853331,863641262,2572.269,2577.8247
567118,2022/9/22,600887.SHA,12.9761,1069404224.0,0.96,-25.7317,21.520298,204779000000.0,0.002417649,0.9523809,0.53107804,0.98573756,984138780,2561.9514,2539.7288
567119,2022/9/23,600887.SHA,12.9761,1069404224.0,0.96,-25.7317,21.822926,207659000000.0,0.002417649,0.96319383,0.6101039,0.98777753,1437893953,2531.7922,2575.4438
567120,2022/9/26,600887.SHA,12.9761,1069404224.0,0.96,-25.7317,21.762402,207083000000.0,0.002417649,0.9841849,0.74842125,0.984941,859427204,2592.1108,2568.3008
567121,2022/9/27,600887.SHA,12.9761,1069404224.0,0.96,-25.7317,22.34076,212586000000.0,0.002417649,1.0097264,0.6978022,0.9865717,1344766249,2565.92,2636.556
567122,2022/9/28,600887.SHA,12.9761,1069404224.0,0.96,-25.7317,22.367659,212842000000.0,0.002417649,1.0183711,0.908869,0.98922765,1424006698,2633.3813,2639.7307
567123,2022/9/29,600887.SHA,12.9761,1069404224.0,0.96,-25.7317,22.39456,213098000000.0,0.002417649,1.0252463,0.9099227,0.989632,1061022707,2639.7307,2642.9053
567124,2022/9/30,600887.SHA,12.9761,1069404224.0,0.96,-25.7317,22.179356,211050000000.0,0.002417649,1.030625,0.9308522,0.9904452,878073266,2642.1116,2617.508
567125,2022/10/10,600887.SHA,12.9761,1069404224.0,0.96,-25.7317,21.72205,206699000000.0,0.002417649,0.9953775,0.84921765,0.98964465,963530801,2591.3171,2563.5388
567126,2022/10/11,600887.SHA,12.9761,1069404224.0,0.96,-25.7317,21.762402,207083000000.0,0.002417649,1.0,0.7766044,0.9886364,602926933,2589.7297,2568.3008
567127,2022/10/12,600887.SHA,12.9761,1069404224.0,0.96,-25.7317,21.896902,208363000000.0,0.002417649,0.98013246,0.60227275,0.98783207,1151925482,2565.92,2584.174
567128,2022/10/13,600887.SHA,12.9761,1069404224.0,0.96,-25.7317,21.896902,208363000000.0,0.002417649,0.97895366,0.2561866,0.98317456,871075955,2573.0627,2584.174
567129,2022/10/14,600887.SHA,12.9761,1069404224.0,0.96,-25.7317,22.06503,209963000000.0,0.002417649,0.98528534,0.13150963,0.9815715,1122498601,2580.9995,2604.0159
567130,2022/10/17,600887.SHA,12.9761,1069404224.0,0.96,-25.7317,22.199532,211242000000.0,0.002417649,1.0009097,0.108004056,0.97954226,944790661,2587.3489,2619.8892
567131,2022/10/18,600887.SHA,12.9761,1069404224.0,0.96,-25.7317,22.03813,209707000000.0,0.002417649,1.014551,0.101073526,0.97934806,1056162713,2620.6826,2600.841
567132,2022/10/19,600887.SHA,12.9761,1069404224.0,0.96,-25.7317,21.856552,207979000000.0,0.002417649,1.0043263,0.11192066,0.9807809,934361034,2594.4917,2579.412
567133,2022/10/20,600887.SHA,12.9761,1069404224.0,0.96,-25.7317,20.377031,193900000000.0,0.002417649,0.9305897,0.027109044,0.98968863,3087361417,2555.602,2404.8057
567134,2022/10/21,600887.SHA,12.9761,1069404224.0,0.96,-25.7317,20.134928,191596000000.0,0.002417649,0.9195332,0.02385284,0.9929264,1938186753,2384.964,2376.234
567135,2022/10/24,600887.SHA,12.9761,1069404224.0,0.96,-25.7317,19.435518,184941000000.0,0.002417649,0.880829,0.022231204,0.99393696,1966765332,2339.725,2293.6926
567136,2022/10/25,600887.SHA,12.9761,1069404224.0,0.96,-25.7317,19.603645,186541000000.0,0.002417649,0.8830657,0.037403964,0.9941402,1356974702,2270.6763,2313.5342
567137,2022/10/26,600887.SHA,12.9761,1069404224.0,0.96,-25.7317,19.57002,186221000000.0,0.002417649,0.88800734,0.032342833,0.9939406,1172691641,2309.566,2309.566
567138,2022/10/27,600887.SHA,12.9761,1069404224.0,0.96,-25.7317,19.341368,184045000000.0,0.002417649,0.8849231,0.03473344,0.9937399,1114625303,2324.6455,2282.5813
567139,2022/10/28,600887.SHA,16.8443,-3135415296.0,1.26,-26.2093,18.773453,165615000000.0,0.002079452,0.8541254,0.032902706,0.9945499,3966407663,2109.5623,2054.0056
567140,2022/10/31,600887.SHA,16.8443,-3135415296.0,1.26,-26.2093,18.309195,161519000000.0,0.002079452,0.84301937,0.02907916,0.99495155,2889012904,1999.2428,2003.2112
567141,2022/11/1,600887.SHA,16.8443,-3135415296.0,1.26,-26.2093,19.25222,169839000000.0,0.002079452,0.91833913,0.06542811,0.99556005,2663095956,2030.9894,2106.3877
567142,2022/11/2,600887.SHA,16.8443,-3135415296.0,1.26,-26.2093,19.832542,174958000000.0,0.002079452,0.9379074,0.06661284,0.99576443,2628017454,2080.1968,2169.8809
567143,2022/11/3,600887.SHA,16.8443,-3135415296.0,1.26,-26.2093,19.32476,170479000000.0,0.002079452,0.9154639,0.03851583,0.9957661,1446963091,2141.3088,2114.3242
567144,2022/11/4,600887.SHA,16.8443,-3135415296.0,1.26,-26.2093,20.11545,177454000000.0,0.002079452,0.9641864,0.0669085,0.9961724,2256594508,2105.594,2200.8337
567145,2022/11/7,600887.SHA,16.8443,-3135415296.0,1.26,-26.2093,20.100943,177326000000.0,0.002079452,1.0707111,0.4835851,0.9939626,1520203544,2181.786,2199.2466
567146,2022/11/8,600887.SHA,16.8443,-3135415296.0,1.26,-26.2093,19.847052,175086000000.0,0.002079452,1.0839937,0.6978055,0.9919517,1219607566,2197.6592,2171.4683
567147,2022/11/9,600887.SHA,16.8443,-3135415296.0,1.26,-26.2093,19.738241,174126000000.0,0.002079452,1.025245,0.41376534,0.9895351,742461611,2173.849,2159.5632
567148,2022/11/10,600887.SHA,16.8443,-3135415296.0,1.26,-26.2093,20.100943,177326000000.0,0.002079452,1.0135334,0.45675784,0.98793244,1161275892,2143.69,2199.2466
567149,2022/11/11,600887.SHA,16.8443,-3135415296.0,1.26,-26.2093,20.61598,181869000000.0,0.002079452,1.0668168,0.83169115,0.9877338,2249296215,2248.4536,2255.5967
567150,2022/11/14,600887.SHA,16.8443,-3135415296.0,1.26,-26.2093,20.572454,181485000000.0,0.002079452,1.0227191,0.6716958,0.98652726,1742089464,2300.8357,2250.8347
567151,2022/11/15,600887.SHA,16.8443,-3135415296.0,1.26,-26.2093,21.181795,186861000000.0,0.002079452,1.0537711,0.82968026,0.98693204,1644828771,2256.3904,2317.5027
567152,2022/11/16,600887.SHA,16.8443,-3135415296.0,1.26,-26.2093,21.181795,186861000000.0,0.002079452,1.0672514,0.87814194,0.98613346,1159458526,2303.2166,2317.5027
567153,2022/11/17,600887.SHA,16.8443,-3135415296.0,1.26,-26.2093,21.21081,187117000000.0,0.002079452,1.0746049,0.879397,0.9863344,1016186658,2317.5027,2320.6772
567154,2022/11/18,600887.SHA,16.8443,-3135415296.0,1.26,-26.2093,21.123762,186349000000.0,0.002079452,1.0508841,0.80924624,0.9849307,984093369,2327.0266,2311.1533
567155,2022/11/21,600887.SHA,16.8443,-3135415296.0,1.26,-26.2093,20.848108,183917000000.0,0.002079452,1.0112597,0.5315388,0.9821249,1017109651,2277.8193,2280.994
567156,2022/11/22,600887.SHA,16.8443,-3135415296.0,1.26,-26.2093,20.79733,183469000000.0,0.002079452,1.0109309,0.64705884,0.979723,899461999,2290.518,2275.4382
567157,2022/11/23,600887.SHA,16.8443,-3135415296.0,1.26,-26.2093,20.65225,182189000000.0,0.002079452,0.9749999,0.48354074,0.97553146,714126881,2276.232,2259.565
567158,2022/11/24,600887.SHA,16.8443,-3135415296.0,1.26,-26.2093,20.659504,182253000000.0,0.002079452,0.9753424,0.42421812,0.9703347,526087212,2274.6448,2260.3586
567159,2022/11/25,600887.SHA,16.8443,-3135415296.0,1.26,-26.2093,20.674011,182381000000.0,0.002079452,0.9746922,0.53638005,0.9697637,734019575,2254.0093,2261.946
567160,2022/11/28,600887.SHA,16.8443,-3135415296.0,1.26,-26.2093,20.65225,182189000000.0,0.002079452,0.97767854,0.54814816,0.97598076,1438656620,2222.2627,2259.565
567161,2022/11/29,600887.SHA,16.8443,-3135415296.0,1.26,-26.2093,21.116508,186285000000.0,0.002079452,1.0128741,0.70128053,0.9784,1410553671,2293.6926,2310.3596
567162,2022/11/30,600887.SHA,16.8443,-3135415296.0,1.26,-26.2093,20.927902,184621000000.0,0.002079452,1.0062784,0.57331467,0.9805961,1322556133,2300.042,2289.7244
567163,2022/12/1,600887.SHA,16.8443,-3135415296.0,1.26,-26.2093,21.69683,191404000000.0,0.002079452,1.0505795,0.8339668,0.9866,2334922505,2357.1858,2373.8528
567164,2022/12/2,600887.SHA,16.8443,-3135415296.0,1.26,-26.2093,21.573513,190317000000.0,0.002079452,1.0442417,0.7883577,0.9880024,1223444775,2374.6465,2360.3606
567165,2022/12/5,600887.SHA,16.8443,-3135415296.0,1.26,-26.2093,22.226376,196076000000.0,0.002079452,1.0750877,0.84994,0.989998,1947029209,2415.1235,2431.7903
567166,2022/12/6,600887.SHA,16.8443,-3135415296.0,1.26,-26.2093,22.618093,199532000000.0,0.002079452,1.0951879,0.90018004,0.9906,1938725328,2448.4573,2474.6482
567167,2022/12/7,600887.SHA,16.8443,-3135415296.0,1.26,-26.2093,22.908257,202091000000.0,0.002079452,1.0848505,0.9112,0.9916034,1789035006,2473.061,2506.395
567168,2022/12/8,600887.SHA,16.8443,-3135415296.0,1.26,-26.2093,22.654364,199852000000.0,0.002079452,1.0824957,0.9008397,0.99180657,1343831895,2507.9822,2478.6167
567169,2022/12/9,600887.SHA,16.8443,-3135415296.0,1.26,-26.2093,23.205671,204715000000.0,0.002079452,1.069542,0.9042383,0.9922062,2507508341,2488.9343,2538.9353
567170,2022/12/12,600887.SHA,16.8443,-3135415296.0,1.26,-26.2093,23.031574,203179000000.0,0.002079452,1.0675857,0.9119233,0.9922125,1360522505,2522.2683,2519.8872
567171,2022/12/13,600887.SHA,16.8443,-3135415296.0,1.26,-26.2093,22.69789,200236000000.0,0.002079452,1.0212141,0.8097045,0.9906169,1014863776,2501.6328,2483.3787
567172,2022/12/14,600887.SHA,16.8443,-3135415296.0,1.26,-26.2093,23.009811,202987000000.0,0.002079452,1.0173188,0.7961262,0.99061877,1485884842,2484.1724,2517.5063
567173,2022/12/15,600887.SHA,16.8443,-3135415296.0,1.26,-26.2093,22.748667,200683000000.0,0.002079452,0.9930335,0.64570856,0.99102515,1173310034,2517.5063,2488.9343
567174,2022/12/16,600887.SHA,16.8443,-3135415296.0,1.26,-26.2093,22.79219,201067000000.0,0.002079452,1.0060838,0.79302096,0.99003786,858342335,2473.8547,2493.6963
567175,2022/12/19,600887.SHA,16.8443,-3135415296.0,1.26,-26.2093,22.77043,200875000000.0,0.002079452,0.9812441,0.7754736,0.98684734,1145991706,2485.7595,2491.3152
567176,2022/12/20,600887.SHA,16.8443,-3135415296.0,1.26,-26.2093,22.124819,195180000000.0,0.002079452,0.9606299,0.53347945,0.98864317,1531520005,2477.823,2420.679
567177,2022/12/21,600887.SHA,16.8443,-3135415296.0,1.26,-26.2093,22.436743,197932000000.0,0.002079452,0.9884947,0.86637414,0.9904306,1232244844,2446.0764,2454.8066
567178,2022/12/22,600887.SHA,16.8443,-3135415296.0,1.26,-26.2093,22.378712,197420000000.0,0.002079452,0.97257245,0.8275931,0.9902526,1178309555,2468.299,2448.4573
567179,2022/12/23,600887.SHA,16.8443,-3135415296.0,1.26,-26.2093,22.560062,199020000000.0,0.002079452,0.9917092,0.9105012,0.9900636,893922116,2430.9968,2468.299
567878,2022/1/10,600893.SHA,2.1535,-4333809152.0,0.29,-24.6692,114.38999,148180000000.0,0.004413588,0.8812619,0.044315994,0.9854452,1290359504,183.50514,183.80272
567879,2022/1/11,600893.SHA,2.1535,-4333809152.0,0.29,-24.6692,108.546,140610000000.0,0.004413588,0.8312323,0.019263698,0.9858733,2124862306,185.05916,174.41255
567880,2022/1/12,600893.SHA,2.1535,-4333809152.0,0.29,-24.6692,112.06474,145168000000.0,0.004413588,0.856963,0.016267123,0.9845923,1359382531,175.7351,180.06648
567881,2022/1/13,600893.SHA,2.1535,-4333809152.0,0.29,-24.6692,109.471985,141810000000.0,0.004413588,0.8899298,0.03541622,0.9816043,926403865,180.09955,175.90042
567882,2022/1/14,600893.SHA,2.1535,-4333809152.0,0.29,-24.6692,108.64889,140743000000.0,0.004413588,0.9056604,0.06300813,0.9769033,917126207,176.198,174.57787
567883,2022/1/17,600893.SHA,2.1535,-4333809152.0,0.29,-24.6692,110.0893,142609000000.0,0.004413588,0.9522962,0.11339324,0.9760377,1198767094,173.58595,176.89235
567884,2022/1/18,600893.SHA,2.1535,-4333809152.0,0.29,-24.6692,110.603745,143276000000.0,0.004413588,0.9669005,0.2912746,0.97499466,1192110989,176.23106,177.71895
567885,2022/1/19,600893.SHA,2.1535,-4333809152.0,0.29,-24.6692,107.002686,138611000000.0,0.004413588,0.985782,0.43693885,0.9673077,1319498192,177.55362,171.93275
567886,2022/1/20,600893.SHA,2.1535,-4333809152.0,0.29,-24.6692,104.45109,135306000000.0,0.004413588,0.93206024,0.29551283,0.96987826,1570497808,171.93275,167.83281
567887,2022/1/21,600893.SHA,2.1535,-4333809152.0,0.29,-24.6692,103.36048,133893000000.0,0.004413588,0.944173,0.38709676,0.97778726,1990813850,165.15463,166.08043
567888,2022/1/24,600893.SHA,2.1535,-4333809152.0,0.29,-24.6692,103.19586,133680000000.0,0.004413588,0.94981056,0.39641178,0.97801495,934545218,165.51834,165.8159
567889,2022/1/25,600893.SHA,2.1535,-4333809152.0,0.29,-24.6692,100.82946,130614000000.0,0.004413588,0.91588783,0.5616058,0.9786598,1169395994,166.94008,162.01355
567890,2022/1/26,600893.SHA,2.1535,-4333809152.0,0.29,-24.6692,103.66914,134293000000.0,0.004413588,0.93730235,0.59295624,0.98164356,1171464207,162.04662,166.57639
567891,2022/1/27,600893.SHA,2.1535,-4333809152.0,0.29,-24.6692,100.56195,130268000000.0,0.004413588,0.9398077,0.78882253,0.9816592,810640920,165.51834,161.58372
567892,2022/1/28,600893.SHA,2.1535,-4333809152.0,0.29,-24.6692,99.142105,128428000000.0,0.004413588,0.9491726,0.6442123,0.98188406,983838609,162.7079,159.3023
567893,2022/2/7,600893.SHA,2.1535,-4333809152.0,0.29,-24.6692,99.080376,128348000000.0,0.004413588,0.95859045,0.49360615,0.9757137,901864877,162.3442,159.20311
567894,2022/2/8,600893.SHA,2.1535,-4333809152.0,0.29,-24.6692,99.16268,128455000000.0,0.004413588,0.9609173,0.38333687,0.9746539,844401561,160.39342,159.33537
567895,2022/2/9,600893.SHA,2.1535,-4333809152.0,0.29,-24.6692,101.85833,131947000000.0,0.004413588,1.0102041,0.33368826,0.9744572,1151566371,159.3023,163.66675
567896,2022/2/10,600893.SHA,2.1535,-4333809152.0,0.29,-24.6692,102.2493,132453000000.0,0.004413588,0.98630404,0.25829786,0.9691686,915494194,163.66675,164.29497
567897,2022/2/11,600893.SHA,2.1535,-4333809152.0,0.29,-24.6692,98.83344,128028000000.0,0.004413588,0.98281157,0.21752073,0.9668508,854609054,163.63368,158.80635
567898,2022/2/14,600893.SHA,2.1535,-4333809152.0,0.29,-24.6692,97.845726,126749000000.0,0.004413588,0.986924,0.2808583,0.9679201,1157713448,158.64102,157.21927
567899,2022/2/15,600893.SHA,2.1535,-4333809152.0,0.29,-24.6692,101.405624,131360000000.0,0.004413588,1.0234684,0.69817334,0.9683517,1004675882,157.25233,162.93935
567900,2022/2/16,600893.SHA,2.1535,-4333809152.0,0.29,-24.6692,98.77171,127949000000.0,0.004413588,0.9960573,0.44401956,0.970051,978413623,161.25308,158.70715
567901,2022/2/17,600893.SHA,2.1535,-4333809152.0,0.29,-24.6692,99.512505,128908000000.0,0.004413588,0.9769697,0.39655906,0.9685775,998973993,158.2112,159.89746
567902,2022/2/18,600893.SHA,2.1535,-4333809152.0,0.29,-24.6692,99.12153,128402000000.0,0.004413588,0.96941036,0.20759924,0.9662492,535898021,159.36844,159.26924
567903,2022/2/21,600893.SHA,2.1535,-4333809152.0,0.29,-24.6692,98.48363,127575000000.0,0.004413588,0.99646056,0.1985138,0.9670913,694501253,159.73213,158.24426
567904,2022/2/22,600893.SHA,2.1535,-4333809152.0,0.29,-24.6692,97.10494,125789000000.0,0.004413588,0.992429,0.25291994,0.9641189,897185628,159.96358,156.02896
567905,2022/2/23,600893.SHA,2.1535,-4333809152.0,0.29,-24.6692,101.241005,131147000000.0,0.004413588,0.9983766,0.22292994,0.96944624,1663684805,155.07011,162.67484
567906,2022/2/24,600893.SHA,2.1535,-4333809152.0,0.29,-24.6692,103.03124,133466000000.0,0.004413588,1.0431249,0.82477725,0.9789987,3166312102,161.31921,165.55139
567907,2022/2/25,600893.SHA,2.1535,-4333809152.0,0.29,-24.6692,102.96951,133386000000.0,0.004413588,1.0347395,0.76559186,0.97985584,1476200162,162.47644,165.45221
567908,2022/2/28,600893.SHA,2.1535,-4333809152.0,0.29,-24.6692,103.95723,134666000000.0,0.004413588,1.0487856,0.8311771,0.98303646,1357413639,168.13039,167.03928
567909,2022/3/1,600893.SHA,2.1535,-4333809152.0,0.29,-24.6692,106.61172,138104000000.0,0.004413588,1.0825324,0.9194403,0.98431873,1724464105,168.62634,171.30453
567910,2022/3/2,600893.SHA,2.1535,-4333809152.0,0.29,-24.6692,105.58285,136772000000.0,0.004413588,1.0873067,0.90483254,0.98474574,991879648,170.94083,169.65134
567911,2022/3/3,600893.SHA,2.1535,-4333809152.0,0.29,-24.6692,102.92835,133333000000.0,0.004413588,1.0166667,0.72372884,0.9832627,924849193,169.71747,165.38608
567912,2022/3/4,600893.SHA,2.1535,-4333809152.0,0.29,-24.6692,98.8746,128082000000.0,0.004413588,0.9596565,0.16225375,0.9775471,1251825229,164.79092,158.87247
567913,2022/3/7,600893.SHA,2.1535,-4333809152.0,0.29,-24.6692,97.084366,125763000000.0,0.004413588,0.94284576,0.23389831,0.97628623,1059280816,161.18695,155.99591
567914,2022/3/8,600893.SHA,2.1535,-4333809152.0,0.29,-24.6692,91.59019,118646000000.0,0.004413588,0.8810372,0.090889834,0.97372884,1283530783,155.07011,147.16782
567915,2022/3/9,600893.SHA,2.1535,-4333809152.0,0.29,-24.6692,87.989136,113981000000.0,0.004413588,0.8253233,0.027977956,0.9745655,2008449882,147.16782,141.38162
567916,2022/3/10,600893.SHA,2.1535,-4333809152.0,0.29,-24.6692,89.450134,115873000000.0,0.004413588,0.8472033,0.028395846,0.9749947,1391440727,144.48964,143.72917
567917,2022/3/11,600893.SHA,2.1535,-4333809152.0,0.29,-24.6692,90.80824,117633000000.0,0.004413588,0.88224715,0.075847454,0.97331077,961919043,142.17516,145.91139
567918,2022/3/14,600893.SHA,2.1535,-4333809152.0,0.29,-24.6692,93.56562,121205000000.0,0.004413588,0.946306,0.64775616,0.97503173,1630271683,145.0848,150.34196
567919,2022/3/15,600893.SHA,2.1535,-4333809152.0,0.29,-24.6692,90.64362,117419000000.0,0.004413588,0.9336583,0.77977574,0.97567683,1220025518,148.7549,145.64688
567920,2022/3/16,600893.SHA,2.1535,-4333809152.0,0.29,-24.6692,93.442154,121045000000.0,0.004413588,1.0202203,0.8563875,0.9754705,1221203915,148.12668,150.14359
567921,2022/3/17,600893.SHA,2.1535,-4333809152.0,0.29,-24.6692,93.75082,121444000000.0,0.004413588,1.0654818,0.8855995,0.9712474,1249181593,151.00323,150.63954
567922,2022/3/18,600893.SHA,2.1535,-4333809152.0,0.29,-24.6692,92.59848,119952000000.0,0.004413588,1.0351965,0.83421445,0.96724427,690783150,149.44923,148.78795
567923,2022/3/21,600893.SHA,2.1535,-4333809152.0,0.29,-24.6692,92.84541,120272000000.0,0.004413588,1.0224336,0.7730826,0.9664203,757123346,149.05246,149.18472
567924,2022/3/22,600893.SHA,2.1535,-4333809152.0,0.29,-24.6692,91.40499,118406000000.0,0.004413588,0.9769078,0.1796875,0.95864105,727881236,150.93712,146.87024
567925,2022/3/23,600893.SHA,2.1535,-4333809152.0,0.29,-24.6692,95.00604,123070000000.0,0.004413588,1.0481272,0.29388186,0.96456444,1609165110,146.73799,152.65645
567926,2022/3/24,600893.SHA,2.1535,-4333809152.0,0.29,-24.6692,93.77139,121471000000.0,0.004413588,1.0035235,0.28866848,0.96203333,760721959,150.44116,150.6726
567927,2022/3/25,600893.SHA,2.1535,-4333809152.0,0.29,-24.6692,93.81255,121524000000.0,0.004413588,1.0006584,0.46549904,0.9656263,1356085339,151.33388,150.73872
567928,2022/3/28,600893.SHA,2.1535,-4333809152.0,0.29,-24.6692,90.849396,117686000000.0,0.004413588,0.9811111,0.43474594,0.9679595,852440727,148.7549,145.97751
567929,2022/3/29,600893.SHA,2.1535,-4333809152.0,0.29,-24.6692,93.215805,120751000000.0,0.004413588,1.0039893,0.7696037,0.97810066,1833266513,147.86217,149.77988
567930,2022/3/30,600893.SHA,2.1535,-4333809152.0,0.29,-24.6692,95.06777,123150000000.0,0.004413588,1.0400721,0.87428933,0.9802147,895426211,150.57341,152.75563
567931,2022/3/31,600893.SHA,2.1535,-4333809152.0,0.29,-24.6692,92.39271,119685000000.0,0.004413588,0.97249293,0.43594605,0.9713503,840910223,151.4992,148.45732
567932,2022/4/1,600893.SHA,2.1535,-4333809152.0,0.29,-24.6692,91.26095,118219000000.0,0.004413588,0.973228,0.36831015,0.9707245,654798444,147.13475,146.6388
567933,2022/4/6,600893.SHA,2.1535,-4333809152.0,0.29,-24.6692,88.27722,114354000000.0,0.004413588,0.9409959,0.12157606,0.96903306,1026108687,146.70493,141.84451
567934,2022/4/7,600893.SHA,2.1535,-4333809152.0,0.29,-24.6692,88.380104,114487000000.0,0.004413588,0.97282004,0.39528024,0.9698884,732415153,141.84451,142.00984
567935,2022/4/8,600893.SHA,2.1535,-4333809152.0,0.29,-24.6692,86.13716,111582000000.0,0.004413588,0.92406183,0.12507896,0.9591579,1011305704,142.17516,138.40587
567936,2022/4/11,600893.SHA,3.2293,6900889088.0,0.45,25.8359,87.98382,104491000000.0,0.006341797,0.8484849,0.067382604,0.9703158,1803342711,134.90108,129.61084
567937,2022/4/12,600893.SHA,3.2293,6900889088.0,0.45,25.8359,86.59224,102839000000.0,0.006341797,0.85924274,0.04419192,0.9749632,1362684731,128.94955,127.560875
567938,2022/4/13,600893.SHA,3.2293,6900889088.0,0.45,25.8359,84.953766,100893000000.0,0.006341797,0.85343856,0.07339642,0.9741379,680447781,126.8004,125.1472
567939,2022/4/14,600893.SHA,3.2293,6900889088.0,0.45,25.8359,85.46999,101506000000.0,0.006341797,0.8876457,0.16438933,0.9724732,757422533,125.643166,125.90768
567940,2022/4/15,600893.SHA,3.2293,6900889088.0,0.45,25.8359,85.290436,101293000000.0,0.006341797,0.8847497,0.12597266,0.9716148,779954005,125.643166,125.643166
567941,2022/4/18,600893.SHA,3.2293,6900889088.0,0.45,25.8359,87.49003,103905000000.0,0.006341797,0.93119925,0.25794235,0.972865,847080709,124.58511,128.88344
567942,2022/4/19,600893.SHA,3.2293,6900889088.0,0.45,25.8359,87.69203,104145000000.0,0.006341797,0.9966837,0.49043113,0.962169,681137534,128.28828,129.18102
567943,2022/4/20,600893.SHA,3.2293,6900889088.0,0.45,25.8359,86.27801,102465000000.0,0.006341797,0.99637115,0.6984027,0.9537815,504376629,129.18102,127.09798
567944,2022/4/21,600893.SHA,3.2293,6900889088.0,0.45,25.8359,83.9213,99666568559.0,0.006341797,0.9878468,0.7574549,0.95317096,653233901,126.833466,123.62626
567945,2022/4/22,600893.SHA,3.2293,6900889088.0,0.45,25.8359,82.28283,97720684765.0,0.006341797,0.96271,0.6956522,0.95150113,550864636,122.27064,121.212585
567946,2022/4/25,600893.SHA,3.2293,6900889088.0,0.45,25.8359,76.24516,90550236265.0,0.006341797,0.89394736,0.62754565,0.9582196,944691511,118.36909,112.318375
567947,2022/4/26,600893.SHA,3.2293,6900889088.0,0.45,25.8359,73.05799,86765092447.0,0.006341797,0.8350436,0.47457984,0.96054566,924860226,111.425644,107.62329
567948,2022/4/27,600893.SHA,3.2293,6900889088.0,0.45,25.8359,78.175415,92842647310.0,0.006341797,0.8914768,0.6964923,0.96599495,1169795325,105.54025,115.16188
567949,2022/4/28,600893.SHA,3.2293,6900889088.0,0.45,25.8359,79.29766,94175444429.0,0.006341797,0.91909474,0.78990537,0.9693148,783883375,115.228004,116.81508
567950,2022/4/29,600893.SHA,3.2293,6900889088.0,0.45,25.8359,84.796646,100706000000.0,0.006341797,1.0104306,0.8540177,0.9709962,1141369227,119.16262,124.91576
567951,2022/5/5,600893.SHA,0.1767,-8699496448.0,0.02,-83.628,85.00903,103665000000.0,0.005444696,1.0608293,0.8911796,0.9753506,1392122276,124.61818,128.58586
567952,2022/5/6,600893.SHA,0.1767,-8699496448.0,0.02,-83.628,85.44621,104198000000.0,0.005444696,1.1507212,0.9156118,0.9734233,771694499,124.98188,129.24713
567953,2022/5/9,600893.SHA,0.1767,-8699496448.0,0.02,-83.628,87.10748,106224000000.0,0.005444696,1.2242702,0.93670887,0.9742616,847244478,128.98262,131.76
567954,2022/5/10,600893.SHA,0.1767,-8699496448.0,0.02,-83.628,87.085625,106197000000.0,0.005444696,1.1438414,0.86485344,0.973235,899949541,129.01569,131.72693
567955,2022/5/11,600893.SHA,0.1767,-8699496448.0,0.02,-83.628,85.18391,103878000000.0,0.005444696,1.1030287,0.61981034,0.9751527,1144599865,133.21481,128.85037
567956,2022/5/12,600893.SHA,0.1767,-8699496448.0,0.02,-83.628,86.08012,104971000000.0,0.005444696,1.0423504,0.45998314,0.9736731,724159001,127.560875,130.206
567957,2022/5/13,600893.SHA,0.1767,-8699496448.0,0.02,-83.628,85.51179,104278000000.0,0.005444696,1.0059141,0.22673684,0.9663229,482836429,131.36324,129.34633
567958,2022/5/16,600893.SHA,0.1767,-8699496448.0,0.02,-83.628,84.72487,103318000000.0,0.005444696,0.99155796,0.075157896,0.96442103,639355353,131.33017,128.15602
567959,2022/5/17,600893.SHA,0.1767,-8699496448.0,0.02,-83.628,86.23313,105158000000.0,0.005444696,0.9899624,0.15407282,0.9557988,517744301,128.18909,130.43744
567960,2022/5/18,600893.SHA,0.1767,-8699496448.0,0.02,-83.628,86.34242,105291000000.0,0.005444696,0.991466,0.2152032,0.9522005,608384097,131.09872,130.60277
567961,2022/5/19,600893.SHA,0.1767,-8699496448.0,0.02,-83.628,86.58287,105584000000.0,0.005444696,1.0164229,0.42784917,0.94567275,550762375,128.15602,130.96646
567962,2022/5/20,600893.SHA,0.1767,-8699496448.0,0.02,-83.628,86.73588,105771000000.0,0.005444696,1.0076181,0.29067564,0.94276094,616037134,131.52855,131.1979
567963,2022/5/23,600893.SHA,0.1767,-8699496448.0,0.02,-83.628,85.68665,104491000000.0,0.005444696,1.002045,0.21216586,0.947169,692318376,131.06566,129.61084
567964,2022/5/24,600893.SHA,0.1767,-8699496448.0,0.02,-83.628,83.107315,101346000000.0,0.005444696,0.98090816,0.42694736,0.9579036,1394017997,129.94148,125.70929
567965,2022/5/25,600893.SHA,0.1767,-8699496448.0,0.02,-83.628,84.37513,102892000000.0,0.005444696,0.97845376,0.22949095,0.9632044,879103249,124.023026,127.627
567966,2022/5/26,600893.SHA,0.1767,-8699496448.0,0.02,-83.628,87.544655,106757000000.0,0.005444696,1.013924,0.5596639,0.97394955,2108671415,127.2633,132.42128
567967,2022/5/27,600893.SHA,0.1767,-8699496448.0,0.02,-83.628,86.211266,105131000000.0,0.005444696,0.99570817,0.43379572,0.97731566,1068421544,133.18175,130.40437
567968,2022/5/30,600893.SHA,0.1767,-8699496448.0,0.02,-83.628,86.0364,104918000000.0,0.005444696,0.9919355,0.4259026,0.9806885,810100436,131.23097,130.13986
567969,2022/5/31,600893.SHA,0.1767,-8699496448.0,0.02,-83.628,86.408,105371000000.0,0.005444696,1.0084183,0.621174,0.98093444,899344794,130.07373,130.70195
567970,2022/6/1,600893.SHA,0.1767,-8699496448.0,0.02,-83.628,87.7851,107050000000.0,0.005444696,1.0562862,0.5563469,0.9819895,1371850425,130.76808,132.78499
